-- ================ Metodologia ====================

INSERT INTO SUP.MET_METODOLOGIA_SRC (MET_ID, MET_DS, MET_DS_TITULO, MET_CD_ESTADO, MET_IB_DEFAULT, MET_DT_INCLUSAO, MET_DH_ATUALZ, MET_CD_OPER_ATUALZ, MET_NU_VERSAO)
VALUES (10000, 'Metodologia inicial para todos os ciclos', 'Metodologia base', 1, 1, {d '2014-03-17'}, {ts '2014-03-17 00:00:00'}, 'script', 1);

-- ================ Par Situação =================== 

INSERT INTO SUP.PST_PAR_SITUACAO (PST_ID, PST_NM, PST_DS, PST_IB_NORMALIDADE, MET_ID, PST_DH_ATUALZ, PST_CD_OPER_ATUALZ, PST_NU_VERSAO) VALUES (1000, 'Normal', 'Normal', 0, 10000, '2014-03-17 00:00:00', 'script', 1);
INSERT INTO SUP.PST_PAR_SITUACAO (PST_ID, PST_NM, PST_DS, PST_IB_NORMALIDADE, MET_ID, PST_DH_ATUALZ, PST_CD_OPER_ATUALZ, PST_NU_VERSAO) VALUES (1001, 'sob Acompanhamento Especial', 'Acompanhamento Especial', 1, 10000, '2014-03-17 00:00:00', 'script', 1);
INSERT INTO SUP.PST_PAR_SITUACAO (PST_ID, PST_NM, PST_DS, PST_IB_NORMALIDADE, MET_ID, PST_DH_ATUALZ, PST_CD_OPER_ATUALZ, PST_NU_VERSAO) VALUES (1002, 'Em Atenção', 'Em Atenção', 1, 10000, '2014-03-17 00:00:00', 'script', 1);

-- ================ Par Fator Rel R e C ===================

INSERT INTO SUP.PFR_PAR_FATOR_RELEV_RIS_CON (PFR_ID, PFR_VL_ALFA, PFR_VL_BETA, MET_ID, PFR_DH_ATUALZ, PFR_CD_OPER_ATUALZ, PFR_NU_VERSAO) VALUES (1000, 0.55, 0.45, 10000, '2014-03-17 00:00:00', 'script', 1);

-- ================ Par Tendência ===================

INSERT INTO SUP.PTE_PAR_TENDENCIA (PTE_ID, PTE_NM, PTE_DS, MET_ID, PTE_DH_ATUALZ, PTE_CD_OPER_ATUALZ, PTE_NU_VERSAO) VALUES (1000, 'Estabilidade', '', 10000, '2014-03-17 00:00:00', 'script', 1);
INSERT INTO SUP.PTE_PAR_TENDENCIA (PTE_ID, PTE_NM, PTE_DS, MET_ID, PTE_DH_ATUALZ, PTE_CD_OPER_ATUALZ, PTE_NU_VERSAO) VALUES (1001, 'Indefinida', '', 10000, '2014-03-17 00:00:00', 'script', 1);
INSERT INTO SUP.PTE_PAR_TENDENCIA (PTE_ID, PTE_NM, PTE_DS, MET_ID, PTE_DH_ATUALZ, PTE_CD_OPER_ATUALZ, PTE_NU_VERSAO) VALUES (1002, 'Melhora', '', 10000, '2014-03-17 00:00:00', 'script', 1);
INSERT INTO SUP.PTE_PAR_TENDENCIA (PTE_ID, PTE_NM, PTE_DS, MET_ID, PTE_DH_ATUALZ, PTE_CD_OPER_ATUALZ, PTE_NU_VERSAO) VALUES (1003, 'Piora', '', 10000, '2014-03-17 00:00:00', 'script', 1);

-- ================ Par Peso ===================

INSERT INTO SUP.PPS_PAR_PESO (PPS_ID, PPS_SL, PPS_QT, PPS_DS, MET_ID, PPS_DH_ATUALZ, PPS_CD_OPER_ATUALZ, PPS_NU_VERSAO) VALUES (1000, 'a', 8, 'Alto', 10000, '2014-03-17 00:00:00', 'script', 1);
INSERT INTO SUP.PPS_PAR_PESO (PPS_ID, PPS_SL, PPS_QT, PPS_DS, MET_ID, PPS_DH_ATUALZ, PPS_CD_OPER_ATUALZ, PPS_NU_VERSAO) VALUES (1001, 'ma', 4, 'Médio-Alto', 10000, '2014-03-17 00:00:00', 'script', 1);
INSERT INTO SUP.PPS_PAR_PESO (PPS_ID, PPS_SL, PPS_QT, PPS_DS, MET_ID, PPS_DH_ATUALZ, PPS_CD_OPER_ATUALZ, PPS_NU_VERSAO) VALUES (1002, 'mb', 2, 'Médio-Baixo', 10000, '2014-03-17 00:00:00', 'script', 1);
INSERT INTO SUP.PPS_PAR_PESO (PPS_ID, PPS_SL, PPS_QT, PPS_DS, MET_ID, PPS_DH_ATUALZ, PPS_CD_OPER_ATUALZ, PPS_NU_VERSAO) VALUES (1003, 'b', 1, 'Baixo', 10000, '2014-03-17 00:00:00', 'script', 1);

-- ================ Par Perspectiva ===================

INSERT INTO SUP.PPR_PAR_PERSPECTIVA (PPR_ID, PPR_NM, PPR_DS, MET_ID, PPR_DH_ATUALZ, PPR_CD_OPER_ATUALZ, PPR_NU_VERSAO) VALUES (1000, 'Estabilidade', 'Estabilidade', 10000, '2014-03-17 00:00:00', 'script', 1);
INSERT INTO SUP.PPR_PAR_PERSPECTIVA (PPR_ID, PPR_NM, PPR_DS, MET_ID, PPR_DH_ATUALZ, PPR_CD_OPER_ATUALZ, PPR_NU_VERSAO) VALUES (1001, 'Indefinida', 'Indefinida', 10000, '2014-03-17 00:00:00', 'script', 1);
INSERT INTO SUP.PPR_PAR_PERSPECTIVA (PPR_ID, PPR_NM, PPR_DS, MET_ID, PPR_DH_ATUALZ, PPR_CD_OPER_ATUALZ, PPR_NU_VERSAO) VALUES (1002, 'Melhora', 'Melhora', 10000, '2014-03-17 00:00:00', 'script', 1);
INSERT INTO SUP.PPR_PAR_PERSPECTIVA (PPR_ID, PPR_NM, PPR_DS, MET_ID, PPR_DH_ATUALZ, PPR_CD_OPER_ATUALZ, PPR_NU_VERSAO) VALUES (1003, 'Piora', 'Piora', 10000, '2014-03-17 00:00:00', 'script', 1);
INSERT INTO SUP.PPR_PAR_PERSPECTIVA (PPR_ID, PPR_NM, PPR_DS, MET_ID, PPR_DH_ATUALZ, PPR_CD_OPER_ATUALZ, PPR_NU_VERSAO) VALUES (1004, 'Inviabildade', 'Inviabildade', 10000, '2014-03-17 00:00:00', 'script', 1);
INSERT INTO SUP.PPR_PAR_PERSPECTIVA (PPR_ID, PPR_NM, PPR_DS, MET_ID, PPR_DH_ATUALZ, PPR_CD_OPER_ATUALZ, PPR_NU_VERSAO) VALUES (1005, 'Não aplicável', 'Não aplicável', 10000, '2014-03-17 00:00:00', 'script', 1);

-- ================ Par Nota ===================

INSERT INTO SUP.PNO_PAR_NOTA (PNO_ID, PNO_CD_VALOR, PNO_VL_LIM_INFER, PNO_VL_LIM_SUPER, PNO_IB_NOTA_NA, PNO_DS_NOTA, PNO_DS_COR, MET_ID, PNO_DH_ATUALZ, PNO_CD_OPER_ATUALZ, PNO_NU_VERSAO) VALUES (1000, 1, 1.0, 1.5, 0, 'Baixo', '#bbddee', 10000, '2014-03-17 00:00:00', 'script', 1);
INSERT INTO SUP.PNO_PAR_NOTA (PNO_ID, PNO_CD_VALOR, PNO_VL_LIM_INFER, PNO_VL_LIM_SUPER, PNO_IB_NOTA_NA, PNO_DS_NOTA, PNO_DS_COR, MET_ID, PNO_DH_ATUALZ, PNO_CD_OPER_ATUALZ, PNO_NU_VERSAO) VALUES (1001, 2, 1.51, 2.5, 0, 'Médio', '#bbeebb', 10000, '2014-03-17 00:00:00', 'script', 1);
INSERT INTO SUP.PNO_PAR_NOTA (PNO_ID, PNO_CD_VALOR, PNO_VL_LIM_INFER, PNO_VL_LIM_SUPER, PNO_IB_NOTA_NA, PNO_DS_NOTA, PNO_DS_COR, MET_ID, PNO_DH_ATUALZ, PNO_CD_OPER_ATUALZ, PNO_NU_VERSAO) VALUES (1002, 3, 2.51, 3.5, 0, 'Médio-Alto ', '#eeeebb', 10000, '2014-03-17 00:00:00', 'script', 1);
INSERT INTO SUP.PNO_PAR_NOTA (PNO_ID, PNO_CD_VALOR, PNO_VL_LIM_INFER, PNO_VL_LIM_SUPER, PNO_IB_NOTA_NA, PNO_DS_NOTA, PNO_DS_COR, MET_ID, PNO_DH_ATUALZ, PNO_CD_OPER_ATUALZ, PNO_NU_VERSAO) VALUES (1003, 4, 3.51, 4.0, 0, 'Alto', '#eebbbb', 10000, '2014-03-17 00:00:00', 'script', 1);

INSERT INTO SUP.PNO_PAR_NOTA (PNO_ID, PNO_CD_VALOR, PNO_VL_LIM_INFER, PNO_VL_LIM_SUPER, PNO_IB_NOTA_NA, PNO_DS_NOTA, PNO_DS_COR, MET_ID, PNO_DH_ATUALZ, PNO_CD_OPER_ATUALZ, PNO_NU_VERSAO) VALUES (1004, -1, 0, 0, 1, '', '#000000', 10000, '2014-03-17 00:00:00', 'script', 1);

-- ================ Par Grau de Preocupação ===================

INSERT INTO SUP.PGP_PAR_GRAU_PREOCUPACAO (PGP_ID,MET_ID,PGP_CD_VALOR,PGP_DS,PGP_DH_ATUALZ,PGP_CD_OPER_ATUALZ,PGP_NU_VERSAO) VALUES (1004,10000,1,'1',{ts '2016-02-23 00:00:00'},'script',1);
INSERT INTO SUP.PGP_PAR_GRAU_PREOCUPACAO (PGP_ID,MET_ID,PGP_CD_VALOR,PGP_DS,PGP_DH_ATUALZ,PGP_CD_OPER_ATUALZ,PGP_NU_VERSAO) VALUES (1005,10000,-1,'1-',{ts '2016-02-23 00:00:00'},'script',1);
INSERT INTO SUP.PGP_PAR_GRAU_PREOCUPACAO (PGP_ID,MET_ID,PGP_CD_VALOR,PGP_DS,PGP_DH_ATUALZ,PGP_CD_OPER_ATUALZ,PGP_NU_VERSAO) VALUES (1006,10000,2,'2+',{ts '2016-02-23 00:00:00'},'script',1);
INSERT INTO SUP.PGP_PAR_GRAU_PREOCUPACAO (PGP_ID,MET_ID,PGP_CD_VALOR,PGP_DS,PGP_DH_ATUALZ,PGP_CD_OPER_ATUALZ,PGP_NU_VERSAO) VALUES (1007,10000,2,'2',{ts '2016-02-23 00:00:00'},'script',1);
INSERT INTO SUP.PGP_PAR_GRAU_PREOCUPACAO (PGP_ID,MET_ID,PGP_CD_VALOR,PGP_DS,PGP_DH_ATUALZ,PGP_CD_OPER_ATUALZ,PGP_NU_VERSAO) VALUES (1008,10000,-2,'2-',{ts '2016-02-23 00:00:00'},'script',1);
INSERT INTO SUP.PGP_PAR_GRAU_PREOCUPACAO (PGP_ID,MET_ID,PGP_CD_VALOR,PGP_DS,PGP_DH_ATUALZ,PGP_CD_OPER_ATUALZ,PGP_NU_VERSAO) VALUES (1009,10000,3,'3+',{ts '2016-02-23 00:00:00'},'script',1);
INSERT INTO SUP.PGP_PAR_GRAU_PREOCUPACAO (PGP_ID,MET_ID,PGP_CD_VALOR,PGP_DS,PGP_DH_ATUALZ,PGP_CD_OPER_ATUALZ,PGP_NU_VERSAO) VALUES (1010,10000,3,'3',{ts '2016-02-23 00:00:00'},'script',1);
INSERT INTO SUP.PGP_PAR_GRAU_PREOCUPACAO (PGP_ID,MET_ID,PGP_CD_VALOR,PGP_DS,PGP_DH_ATUALZ,PGP_CD_OPER_ATUALZ,PGP_NU_VERSAO) VALUES (1011,10000,-3,'3-',{ts '2016-02-23 00:00:00'},'script',1);
INSERT INTO SUP.PGP_PAR_GRAU_PREOCUPACAO (PGP_ID,MET_ID,PGP_CD_VALOR,PGP_DS,PGP_DH_ATUALZ,PGP_CD_OPER_ATUALZ,PGP_NU_VERSAO) VALUES (1012,10000,4,'4+',{ts '2016-02-23 00:00:00'},'script',1);
INSERT INTO SUP.PGP_PAR_GRAU_PREOCUPACAO (PGP_ID,MET_ID,PGP_CD_VALOR,PGP_DS,PGP_DH_ATUALZ,PGP_CD_OPER_ATUALZ,PGP_NU_VERSAO) VALUES (1013,10000,4,'4',{ts '2016-02-23 00:00:00'},'script',1);

-- ================ Par Tp At Negócio ===================

INSERT INTO SUP.PTA_PAR_TIPO_ATIVIDADE_NEGOCIO (PTA_ID, PTA_NM, PTA_DS, PTA_DS_END_MANUAL, MET_ID, PTA_DH_ATUALZ, PTA_CD_OPER_ATUALZ, PTA_NU_VERSAO) VALUES (1000, 'Crédito', '', '', 10000, '2014-03-17 00:00:00', 'script', 1);
INSERT INTO SUP.PTA_PAR_TIPO_ATIVIDADE_NEGOCIO (PTA_ID, PTA_NM, PTA_DS, PTA_DS_END_MANUAL, MET_ID, PTA_DH_ATUALZ, PTA_CD_OPER_ATUALZ, PTA_NU_VERSAO) VALUES (1001, 'Crédito Varejo', '', '', 10000, '2014-03-17 00:00:00', 'script', 1);
INSERT INTO SUP.PTA_PAR_TIPO_ATIVIDADE_NEGOCIO (PTA_ID, PTA_NM, PTA_DS, PTA_DS_END_MANUAL, MET_ID, PTA_DH_ATUALZ, PTA_CD_OPER_ATUALZ, PTA_NU_VERSAO) VALUES (1002, 'Crédito Atacado', '', '', 10000, '2014-03-17 00:00:00', 'script', 1);
INSERT INTO SUP.PTA_PAR_TIPO_ATIVIDADE_NEGOCIO (PTA_ID, PTA_NM, PTA_DS, PTA_DS_END_MANUAL, MET_ID, PTA_DH_ATUALZ, PTA_CD_OPER_ATUALZ, PTA_NU_VERSAO) VALUES (1003, 'Tesouraria', '', '', 10000, '2014-03-17 00:00:00', 'script', 1);
INSERT INTO SUP.PTA_PAR_TIPO_ATIVIDADE_NEGOCIO (PTA_ID, PTA_NM, PTA_DS, PTA_DS_END_MANUAL, MET_ID, PTA_DH_ATUALZ, PTA_CD_OPER_ATUALZ, PTA_NU_VERSAO) VALUES (1004, 'Não Supervisionáveis', '', '', 10000, '2014-03-17 00:00:00', 'script', 1);
INSERT INTO SUP.PTA_PAR_TIPO_ATIVIDADE_NEGOCIO (PTA_ID, PTA_NM, PTA_DS, PTA_DS_END_MANUAL, MET_ID, PTA_DH_ATUALZ, PTA_CD_OPER_ATUALZ, PTA_NU_VERSAO) VALUES (1005, 'Serviços', '', '', 10000, '2014-03-17 00:00:00', 'script', 1);
INSERT INTO SUP.PTA_PAR_TIPO_ATIVIDADE_NEGOCIO (PTA_ID, PTA_NM, PTA_DS, PTA_DS_END_MANUAL, MET_ID, PTA_DH_ATUALZ, PTA_CD_OPER_ATUALZ, PTA_NU_VERSAO) VALUES (1006, 'Câmbio', '', '', 10000, '2014-03-17 00:00:00', 'script', 1);
INSERT INTO SUP.PTA_PAR_TIPO_ATIVIDADE_NEGOCIO (PTA_ID, PTA_NM, PTA_DS, PTA_DS_END_MANUAL, MET_ID, PTA_DH_ATUALZ, PTA_CD_OPER_ATUALZ, PTA_NU_VERSAO) VALUES (1007, 'Unidades no Exterior', '', '', 10000, '2014-03-17 00:00:00', 'script', 1);
INSERT INTO SUP.PTA_PAR_TIPO_ATIVIDADE_NEGOCIO (PTA_ID, PTA_NM, PTA_DS, PTA_DS_END_MANUAL, MET_ID, PTA_DH_ATUALZ, PTA_CD_OPER_ATUALZ, PTA_NU_VERSAO) VALUES (1008, 'Outras', '', '', 10000, '2014-03-17 00:00:00', 'script', 1);

-- ================ Par Grupo R e C ===================

INSERT INTO SUP.PRC_PAR_GRP_RIS_CON (PRC_ID, PRC_NM_RISCO, PRC_NM_CONTROLE, PRC_NM_ABREVIADO, PRC_DS, PRC_DS_END_MANUAL, PRC_NU_ORDEM, MET_ID, PRC_DH_ATUALZ, PRC_CD_OPER_ATUALZ, PRC_NU_VERSAO, PRC_IB_SINTESE_OBRIG, PRC_CD_TP_GRP) VALUES (1000, 'Risco de Crédito', 'Gestão do Risco de Crédito' , 'Crédito', ' ', ' ', 1,  10000, '2014-03-17 00:00:00', 'script', 1,0, 1);
INSERT INTO SUP.PRC_PAR_GRP_RIS_CON (PRC_ID, PRC_NM_RISCO, PRC_NM_CONTROLE, PRC_NM_ABREVIADO, PRC_DS, PRC_DS_END_MANUAL, PRC_NU_ORDEM, MET_ID, PRC_DH_ATUALZ, PRC_CD_OPER_ATUALZ, PRC_NU_VERSAO, PRC_IB_SINTESE_OBRIG, PRC_CD_TP_GRP) VALUES (1001, 'Risco de Mercado', 'Gestão do Risco de Mercado' , 'Mercado', ' ', ' ', 2,  10000, '2014-03-17 00:00:00', 'script', 1,0, 1);
INSERT INTO SUP.PRC_PAR_GRP_RIS_CON (PRC_ID, PRC_NM_RISCO, PRC_NM_CONTROLE, PRC_NM_ABREVIADO, PRC_DS, PRC_DS_END_MANUAL, PRC_NU_ORDEM, MET_ID, PRC_DH_ATUALZ, PRC_CD_OPER_ATUALZ, PRC_NU_VERSAO, PRC_IB_SINTESE_OBRIG, PRC_CD_TP_GRP) VALUES (1002, 'Risco de Liquidez', 'Gestão do Risco de Liquidez' , 'Liquidez', ' ', ' ', 3,  10000, '2014-03-17 00:00:00', 'script', 1,0, 1);
INSERT INTO SUP.PRC_PAR_GRP_RIS_CON (PRC_ID, PRC_NM_RISCO, PRC_NM_CONTROLE, PRC_NM_ABREVIADO, PRC_DS, PRC_DS_END_MANUAL, PRC_NU_ORDEM, MET_ID, PRC_DH_ATUALZ, PRC_CD_OPER_ATUALZ, PRC_NU_VERSAO, PRC_IB_SINTESE_OBRIG, PRC_CD_TP_GRP) VALUES (1003, 'Risco de Contágio', 'Gestão do Risco de Contágio' , 'Contágio', ' ', ' ', 4,  10000, '2014-03-17 00:00:00', 'script', 1,0, 1);
INSERT INTO SUP.PRC_PAR_GRP_RIS_CON (PRC_ID, PRC_NM_RISCO, PRC_NM_CONTROLE, PRC_NM_ABREVIADO, PRC_DS, PRC_DS_END_MANUAL, PRC_NU_ORDEM, MET_ID, PRC_DH_ATUALZ, PRC_CD_OPER_ATUALZ, PRC_NU_VERSAO, PRC_IB_SINTESE_OBRIG, PRC_CD_TP_GRP) VALUES (1004, 'Risco de Reputação', 'Gestão do Risco de Reputação' , 'Reputação', ' ', ' ', 5,  10000, '2014-03-17 00:00:00', 'script', 1,0, 1);
INSERT INTO SUP.PRC_PAR_GRP_RIS_CON (PRC_ID, PRC_NM_RISCO, PRC_NM_CONTROLE, PRC_NM_ABREVIADO, PRC_DS, PRC_DS_END_MANUAL, PRC_NU_ORDEM, MET_ID, PRC_DH_ATUALZ, PRC_CD_OPER_ATUALZ, PRC_NU_VERSAO, PRC_IB_SINTESE_OBRIG, PRC_CD_TP_GRP) VALUES (1005, 'Risco de Estratégia', 'Gestão do Risco de Estratégia' , 'Estratégia', ' ', ' ', 6,  10000, '2014-03-17 00:00:00', 'script', 1,0, 1);
INSERT INTO SUP.PRC_PAR_GRP_RIS_CON (PRC_ID, PRC_NM_RISCO, PRC_NM_CONTROLE, PRC_NM_ABREVIADO, PRC_DS, PRC_DS_END_MANUAL, PRC_NU_ORDEM, MET_ID, PRC_DH_ATUALZ, PRC_CD_OPER_ATUALZ, PRC_NU_VERSAO, PRC_IB_SINTESE_OBRIG, PRC_CD_TP_GRP) VALUES (1006, 'Risco de TI', 'Gestão do Risco de TI' , 'TI', ' ', ' ', 7,  10000, '2014-03-17 00:00:00', 'script', 1,0, 1);
INSERT INTO SUP.PRC_PAR_GRP_RIS_CON (PRC_ID, PRC_NM_RISCO, PRC_NM_CONTROLE, PRC_NM_ABREVIADO, PRC_DS, PRC_DS_END_MANUAL, PRC_NU_ORDEM, MET_ID, PRC_DH_ATUALZ, PRC_CD_OPER_ATUALZ, PRC_NU_VERSAO, PRC_IB_SINTESE_OBRIG, PRC_CD_TP_GRP) VALUES (1007, 'Risco de LD', 'Prevenção à LD' , 'LD', ' ', ' ', 8,  10000, '2014-03-17 00:00:00', 'script', 1,0, 1);
INSERT INTO SUP.PRC_PAR_GRP_RIS_CON (PRC_ID, PRC_NM_RISCO, PRC_NM_CONTROLE, PRC_NM_ABREVIADO, PRC_DS, PRC_DS_END_MANUAL, PRC_NU_ORDEM, MET_ID, PRC_DH_ATUALZ, PRC_CD_OPER_ATUALZ, PRC_NU_VERSAO, PRC_IB_SINTESE_OBRIG, PRC_CD_TP_GRP) VALUES (1008, 'Risco Operacional', 'Gestão do Risco Operacional' , 'Operacional', ' ', ' ', 9,  10000, '2014-03-17 00:00:00', 'script', 1,0, 1);
INSERT INTO SUP.PRC_PAR_GRP_RIS_CON (PRC_ID,PRC_NM_ABREVIADO,PRC_DS,PRC_DS_END_MANUAL,PRC_NU_ORDEM,MET_ID,PRC_DH_ATUALZ,PRC_CD_OPER_ATUALZ,PRC_NU_VERSAO,PRC_IB_SINTESE_OBRIG,PRC_NM_RISCO,PRC_NM_CONTROLE, PRC_CD_TP_GRP) VALUES (1010,'Rel. Clientes','Relacionamento com Clientes e Usuários',' ',9,10000,{ts '2016-01-12 00:00:00'},'script',1,1,'Risco de Relac. com Clientes e Usuários','Gestão do Risco de Relac. com Clientes e Usuários', 1);
INSERT INTO SUP.PRC_PAR_GRP_RIS_CON (PRC_ID,PRC_NM_ABREVIADO,PRC_DS,PRC_DS_END_MANUAL,PRC_NU_ORDEM,MET_ID,PRC_DH_ATUALZ,PRC_CD_OPER_ATUALZ,PRC_NU_VERSAO,PRC_IB_SINTESE_OBRIG,PRC_NM_RISCO,PRC_NM_CONTROLE, PRC_CD_TP_GRP) VALUES (1011,'Governança corporativa','Governança corporativa',' ',10,10000,{ts '2016-01-12 00:00:00'},'script',1,0,'','',2);

-- ================ Par Elemento ===================

INSERT INTO SUP.PEL_PAR_ELEMENTO_RIS_CON (PEL_ID, PEL_NM, PEL_DS, PEL_DS_END_MANUAL, PEL_NU_ORDEM, PEL_CD_TIPO, PRC_ID, MET_ID, PEL_DH_ATUALZ, PEL_CD_OPER_ATUALZ, PEL_NU_VERSAO) VALUES (1000, 'Risco de Inadimplência', '', '', 1, '1', 1000, 10000, '2014-03-17 00:00:00', 'script', 1);
INSERT INTO SUP.PEL_PAR_ELEMENTO_RIS_CON (PEL_ID, PEL_NM, PEL_DS, PEL_DS_END_MANUAL, PEL_NU_ORDEM, PEL_CD_TIPO, PRC_ID, MET_ID, PEL_DH_ATUALZ, PEL_CD_OPER_ATUALZ, PEL_NU_VERSAO) VALUES (1001, 'Risco de Concentração', '', '', 2, '1', 1000, 10000, '2014-03-17 00:00:00', 'script', 1);
INSERT INTO SUP.PEL_PAR_ELEMENTO_RIS_CON (PEL_ID, PEL_NM, PEL_DS, PEL_DS_END_MANUAL, PEL_NU_ORDEM, PEL_CD_TIPO, PRC_ID, MET_ID, PEL_DH_ATUALZ, PEL_CD_OPER_ATUALZ, PEL_NU_VERSAO) VALUES (1002, 'Risco de Ineficácia de Mitigadores', '', '', 3, '1', 1000, 10000, '2014-03-17 00:00:00', 'script', 1);
INSERT INTO SUP.PEL_PAR_ELEMENTO_RIS_CON (PEL_ID, PEL_NM, PEL_DS, PEL_DS_END_MANUAL, PEL_NU_ORDEM, PEL_CD_TIPO, PRC_ID, MET_ID, PEL_DH_ATUALZ, PEL_CD_OPER_ATUALZ, PEL_NU_VERSAO) VALUES (1003, 'Risco de Liquidação', '', '', 4, '1', 1000, 10000, '2014-03-17 00:00:00', 'script', 1);
INSERT INTO SUP.PEL_PAR_ELEMENTO_RIS_CON (PEL_ID, PEL_NM, PEL_DS, PEL_DS_END_MANUAL, PEL_NU_ORDEM, PEL_CD_TIPO, PRC_ID, MET_ID, PEL_DH_ATUALZ, PEL_CD_OPER_ATUALZ, PEL_NU_VERSAO) VALUES (1004, 'Risco de Crédito de Contraparte - RCC', '', '', 5, '1', 1000, 10000, '2014-03-17 00:00:00', 'script', 1);
INSERT INTO SUP.PEL_PAR_ELEMENTO_RIS_CON (PEL_ID, PEL_NM, PEL_DS, PEL_DS_END_MANUAL, PEL_NU_ORDEM, PEL_CD_TIPO, PRC_ID, MET_ID, PEL_DH_ATUALZ, PEL_CD_OPER_ATUALZ, PEL_NU_VERSAO) VALUES (1005, 'Ambiente de controle', '', '', 1, '2', 1000, 10000, '2014-03-17 00:00:00', 'script', 1);
INSERT INTO SUP.PEL_PAR_ELEMENTO_RIS_CON (PEL_ID, PEL_NM, PEL_DS, PEL_DS_END_MANUAL, PEL_NU_ORDEM, PEL_CD_TIPO, PRC_ID, MET_ID, PEL_DH_ATUALZ, PEL_CD_OPER_ATUALZ, PEL_NU_VERSAO) VALUES (1006, 'Identificação, avaliação e mensuração', '', '', 2, '2', 1000, 10000, '2014-03-17 00:00:00', 'script', 1);
INSERT INTO SUP.PEL_PAR_ELEMENTO_RIS_CON (PEL_ID, PEL_NM, PEL_DS, PEL_DS_END_MANUAL, PEL_NU_ORDEM, PEL_CD_TIPO, PRC_ID, MET_ID, PEL_DH_ATUALZ, PEL_CD_OPER_ATUALZ, PEL_NU_VERSAO) VALUES (1007, 'Controles específicos', '', '', 3, '2', 1000, 10000, '2014-03-17 00:00:00', 'script', 1);
INSERT INTO SUP.PEL_PAR_ELEMENTO_RIS_CON (PEL_ID, PEL_NM, PEL_DS, PEL_DS_END_MANUAL, PEL_NU_ORDEM, PEL_CD_TIPO, PRC_ID, MET_ID, PEL_DH_ATUALZ, PEL_CD_OPER_ATUALZ, PEL_NU_VERSAO) VALUES (1008, 'Informação e comunicação', '', '', 4, '2', 1000, 10000, '2014-03-17 00:00:00', 'script', 1);
INSERT INTO SUP.PEL_PAR_ELEMENTO_RIS_CON (PEL_ID, PEL_NM, PEL_DS, PEL_DS_END_MANUAL, PEL_NU_ORDEM, PEL_CD_TIPO, PRC_ID, MET_ID, PEL_DH_ATUALZ, PEL_CD_OPER_ATUALZ, PEL_NU_VERSAO) VALUES (1009, 'Monitoramento', '', '', 5, '2', 1000, 10000, '2014-03-17 00:00:00', 'script', 1);
INSERT INTO SUP.PEL_PAR_ELEMENTO_RIS_CON (PEL_ID, PEL_NM, PEL_DS, PEL_DS_END_MANUAL, PEL_NU_ORDEM, PEL_CD_TIPO, PRC_ID, MET_ID, PEL_DH_ATUALZ, PEL_CD_OPER_ATUALZ, PEL_NU_VERSAO) VALUES (1010, 'Apetite para risco de mercado', '', '', 1, '1', 1001, 10000, '2014-03-17 00:00:00', 'script', 1);
INSERT INTO SUP.PEL_PAR_ELEMENTO_RIS_CON (PEL_ID, PEL_NM, PEL_DS, PEL_DS_END_MANUAL, PEL_NU_ORDEM, PEL_CD_TIPO, PRC_ID, MET_ID, PEL_DH_ATUALZ, PEL_CD_OPER_ATUALZ, PEL_NU_VERSAO) VALUES (1011, 'Nível de risco de mercado', '', '', 2, '1', 1001, 10000, '2014-03-17 00:00:00', 'script', 1);
INSERT INTO SUP.PEL_PAR_ELEMENTO_RIS_CON (PEL_ID, PEL_NM, PEL_DS, PEL_DS_END_MANUAL, PEL_NU_ORDEM, PEL_CD_TIPO, PRC_ID, MET_ID, PEL_DH_ATUALZ, PEL_CD_OPER_ATUALZ, PEL_NU_VERSAO) VALUES (1012, 'Ambiente de controle', '', '', 1, '2', 1001, 10000, '2014-03-17 00:00:00', 'script', 1);
INSERT INTO SUP.PEL_PAR_ELEMENTO_RIS_CON (PEL_ID, PEL_NM, PEL_DS, PEL_DS_END_MANUAL, PEL_NU_ORDEM, PEL_CD_TIPO, PRC_ID, MET_ID, PEL_DH_ATUALZ, PEL_CD_OPER_ATUALZ, PEL_NU_VERSAO) VALUES (1013, 'Identificação, avaliação e mensuração', '', '', 2, '2', 1001, 10000, '2014-03-17 00:00:00', 'script', 1);
INSERT INTO SUP.PEL_PAR_ELEMENTO_RIS_CON (PEL_ID, PEL_NM, PEL_DS, PEL_DS_END_MANUAL, PEL_NU_ORDEM, PEL_CD_TIPO, PRC_ID, MET_ID, PEL_DH_ATUALZ, PEL_CD_OPER_ATUALZ, PEL_NU_VERSAO) VALUES (1014, 'Controles específicos', '', '', 3, '2', 1001, 10000, '2014-03-17 00:00:00', 'script', 1);
INSERT INTO SUP.PEL_PAR_ELEMENTO_RIS_CON (PEL_ID, PEL_NM, PEL_DS, PEL_DS_END_MANUAL, PEL_NU_ORDEM, PEL_CD_TIPO, PRC_ID, MET_ID, PEL_DH_ATUALZ, PEL_CD_OPER_ATUALZ, PEL_NU_VERSAO) VALUES (1015, 'Comunicação', '', '', 4, '2', 1001, 10000, '2014-03-17 00:00:00', 'script', 1);
INSERT INTO SUP.PEL_PAR_ELEMENTO_RIS_CON (PEL_ID, PEL_NM, PEL_DS, PEL_DS_END_MANUAL, PEL_NU_ORDEM, PEL_CD_TIPO, PRC_ID, MET_ID, PEL_DH_ATUALZ, PEL_CD_OPER_ATUALZ, PEL_NU_VERSAO) VALUES (1016, 'Monitoramento', '', '', 5, '2', 1001, 10000, '2014-03-17 00:00:00', 'script', 1);
INSERT INTO SUP.PEL_PAR_ELEMENTO_RIS_CON (PEL_ID, PEL_NM, PEL_DS, PEL_DS_END_MANUAL, PEL_NU_ORDEM, PEL_CD_TIPO, PRC_ID, MET_ID, PEL_DH_ATUALZ, PEL_CD_OPER_ATUALZ, PEL_NU_VERSAO) VALUES (1017, 'Apetite para risco de liquidez', '', '', 1, '1', 1002, 10000, '2014-03-17 00:00:00', 'script', 1);
INSERT INTO SUP.PEL_PAR_ELEMENTO_RIS_CON (PEL_ID, PEL_NM, PEL_DS, PEL_DS_END_MANUAL, PEL_NU_ORDEM, PEL_CD_TIPO, PRC_ID, MET_ID, PEL_DH_ATUALZ, PEL_CD_OPER_ATUALZ, PEL_NU_VERSAO) VALUES (1018, 'Nível de risco de liquidez', '', '', 2, '1', 1002, 10000, '2014-03-17 00:00:00', 'script', 1);
INSERT INTO SUP.PEL_PAR_ELEMENTO_RIS_CON (PEL_ID, PEL_NM, PEL_DS, PEL_DS_END_MANUAL, PEL_NU_ORDEM, PEL_CD_TIPO, PRC_ID, MET_ID, PEL_DH_ATUALZ, PEL_CD_OPER_ATUALZ, PEL_NU_VERSAO) VALUES (1019, 'Rel. c/ merc. e div. de fon. de recursos', '', '', 3, '1', 1002, 10000, '2014-03-17 00:00:00', 'script', 1);
INSERT INTO SUP.PEL_PAR_ELEMENTO_RIS_CON (PEL_ID, PEL_NM, PEL_DS, PEL_DS_END_MANUAL, PEL_NU_ORDEM, PEL_CD_TIPO, PRC_ID, MET_ID, PEL_DH_ATUALZ, PEL_CD_OPER_ATUALZ, PEL_NU_VERSAO) VALUES (1020, 'Ambiente de Controle', '', '', 1, '2', 1002, 10000, '2014-03-17 00:00:00', 'script', 1);
INSERT INTO SUP.PEL_PAR_ELEMENTO_RIS_CON (PEL_ID, PEL_NM, PEL_DS, PEL_DS_END_MANUAL, PEL_NU_ORDEM, PEL_CD_TIPO, PRC_ID, MET_ID, PEL_DH_ATUALZ, PEL_CD_OPER_ATUALZ, PEL_NU_VERSAO) VALUES (1021, 'Identificação, Avaliação e Mensuração', '', '', 2, '2', 1002, 10000, '2014-03-17 00:00:00', 'script', 1);
INSERT INTO SUP.PEL_PAR_ELEMENTO_RIS_CON (PEL_ID, PEL_NM, PEL_DS, PEL_DS_END_MANUAL, PEL_NU_ORDEM, PEL_CD_TIPO, PRC_ID, MET_ID, PEL_DH_ATUALZ, PEL_CD_OPER_ATUALZ, PEL_NU_VERSAO) VALUES (1022, 'Controles Específicos', '', '', 3, '2', 1002, 10000, '2014-03-17 00:00:00', 'script', 1);
INSERT INTO SUP.PEL_PAR_ELEMENTO_RIS_CON (PEL_ID, PEL_NM, PEL_DS, PEL_DS_END_MANUAL, PEL_NU_ORDEM, PEL_CD_TIPO, PRC_ID, MET_ID, PEL_DH_ATUALZ, PEL_CD_OPER_ATUALZ, PEL_NU_VERSAO) VALUES (1023, 'Comunicação', '', '', 4, '2', 1002, 10000, '2014-03-17 00:00:00', 'script', 1);
INSERT INTO SUP.PEL_PAR_ELEMENTO_RIS_CON (PEL_ID, PEL_NM, PEL_DS, PEL_DS_END_MANUAL, PEL_NU_ORDEM, PEL_CD_TIPO, PRC_ID, MET_ID, PEL_DH_ATUALZ, PEL_CD_OPER_ATUALZ, PEL_NU_VERSAO) VALUES (1024, 'Monitoramento', '', '', 5, '2', 1002, 10000, '2014-03-17 00:00:00', 'script', 1);
INSERT INTO SUP.PEL_PAR_ELEMENTO_RIS_CON (PEL_ID, PEL_NM, PEL_DS, PEL_DS_END_MANUAL, PEL_NU_ORDEM, PEL_CD_TIPO, PRC_ID, MET_ID, PEL_DH_ATUALZ, PEL_CD_OPER_ATUALZ, PEL_NU_VERSAO) VALUES (1025, 'Situação econômico-financeira', '', '', 1, '1', 1003, 10000, '2014-03-17 00:00:00', 'script', 1);
INSERT INTO SUP.PEL_PAR_ELEMENTO_RIS_CON (PEL_ID, PEL_NM, PEL_DS, PEL_DS_END_MANUAL, PEL_NU_ORDEM, PEL_CD_TIPO, PRC_ID, MET_ID, PEL_DH_ATUALZ, PEL_CD_OPER_ATUALZ, PEL_NU_VERSAO) VALUES (1026, 'Conhecim. do neg. e qualif. dos gestores', '', '', 2, '1', 1003, 10000, '2014-03-17 00:00:00', 'script', 1);
INSERT INTO SUP.PEL_PAR_ELEMENTO_RIS_CON (PEL_ID, PEL_NM, PEL_DS, PEL_DS_END_MANUAL, PEL_NU_ORDEM, PEL_CD_TIPO, PRC_ID, MET_ID, PEL_DH_ATUALZ, PEL_CD_OPER_ATUALZ, PEL_NU_VERSAO) VALUES (1027, 'Atividades de negócio específicas', '', '', 3, '1', 1003, 10000, '2014-03-17 00:00:00', 'script', 1);
INSERT INTO SUP.PEL_PAR_ELEMENTO_RIS_CON (PEL_ID, PEL_NM, PEL_DS, PEL_DS_END_MANUAL, PEL_NU_ORDEM, PEL_CD_TIPO, PRC_ID, MET_ID, PEL_DH_ATUALZ, PEL_CD_OPER_ATUALZ, PEL_NU_VERSAO) VALUES (1028, 'Ambiente de Controle', '', '', 1, '2', 1003, 10000, '2014-03-17 00:00:00', 'script', 1);
INSERT INTO SUP.PEL_PAR_ELEMENTO_RIS_CON (PEL_ID, PEL_NM, PEL_DS, PEL_DS_END_MANUAL, PEL_NU_ORDEM, PEL_CD_TIPO, PRC_ID, MET_ID, PEL_DH_ATUALZ, PEL_CD_OPER_ATUALZ, PEL_NU_VERSAO) VALUES (1029, 'Informação e Comunicação', '', '', 2, '2', 1003, 10000, '2014-03-17 00:00:00', 'script', 1);
INSERT INTO SUP.PEL_PAR_ELEMENTO_RIS_CON (PEL_ID, PEL_NM, PEL_DS, PEL_DS_END_MANUAL, PEL_NU_ORDEM, PEL_CD_TIPO, PRC_ID, MET_ID, PEL_DH_ATUALZ, PEL_CD_OPER_ATUALZ, PEL_NU_VERSAO) VALUES (1030, 'Percepção do mercado', '', '', 1, '1', 1004, 10000, '2014-03-17 00:00:00', 'script', 1);
INSERT INTO SUP.PEL_PAR_ELEMENTO_RIS_CON (PEL_ID, PEL_NM, PEL_DS, PEL_DS_END_MANUAL, PEL_NU_ORDEM, PEL_CD_TIPO, PRC_ID, MET_ID, PEL_DH_ATUALZ, PEL_CD_OPER_ATUALZ, PEL_NU_VERSAO) VALUES (1031, 'Percepção dos órgãos reguladores', '', '', 2, '1', 1004, 10000, '2014-03-17 00:00:00', 'script', 1);
INSERT INTO SUP.PEL_PAR_ELEMENTO_RIS_CON (PEL_ID, PEL_NM, PEL_DS, PEL_DS_END_MANUAL, PEL_NU_ORDEM, PEL_CD_TIPO, PRC_ID, MET_ID, PEL_DH_ATUALZ, PEL_CD_OPER_ATUALZ, PEL_NU_VERSAO) VALUES (1032, 'Relacionamento com clientes', '', '', 1, '2', 1004, 10000, '2014-03-17 00:00:00', 'script', 1);
INSERT INTO SUP.PEL_PAR_ELEMENTO_RIS_CON (PEL_ID, PEL_NM, PEL_DS, PEL_DS_END_MANUAL, PEL_NU_ORDEM, PEL_CD_TIPO, PRC_ID, MET_ID, PEL_DH_ATUALZ, PEL_CD_OPER_ATUALZ, PEL_NU_VERSAO) VALUES (1033, 'Gestão da imagem', '', '', 2, '2', 1004, 10000, '2014-03-17 00:00:00', 'script', 1);
INSERT INTO SUP.PEL_PAR_ELEMENTO_RIS_CON (PEL_ID, PEL_NM, PEL_DS, PEL_DS_END_MANUAL, PEL_NU_ORDEM, PEL_CD_TIPO, PRC_ID, MET_ID, PEL_DH_ATUALZ, PEL_CD_OPER_ATUALZ, PEL_NU_VERSAO) VALUES (1034, 'Relacionamento com órgãos reguladores', '', '', 3, '2', 1004, 10000, '2014-03-17 00:00:00', 'script', 1);
INSERT INTO SUP.PEL_PAR_ELEMENTO_RIS_CON (PEL_ID, PEL_NM, PEL_DS, PEL_DS_END_MANUAL, PEL_NU_ORDEM, PEL_CD_TIPO, PRC_ID, MET_ID, PEL_DH_ATUALZ, PEL_CD_OPER_ATUALZ, PEL_NU_VERSAO) VALUES (1035, 'Supervisão de Conduta', '', '', 4, '2', 1004, 10000, '2014-03-17 00:00:00', 'script', 1);
INSERT INTO SUP.PEL_PAR_ELEMENTO_RIS_CON (PEL_ID, PEL_NM, PEL_DS, PEL_DS_END_MANUAL, PEL_NU_ORDEM, PEL_CD_TIPO, PRC_ID, MET_ID, PEL_DH_ATUALZ, PEL_CD_OPER_ATUALZ, PEL_NU_VERSAO) VALUES (1036, 'Estratégias de negócio', '', '', 1, '1', 1005, 10000, '2014-03-17 00:00:00', 'script', 1);
INSERT INTO SUP.PEL_PAR_ELEMENTO_RIS_CON (PEL_ID, PEL_NM, PEL_DS, PEL_DS_END_MANUAL, PEL_NU_ORDEM, PEL_CD_TIPO, PRC_ID, MET_ID, PEL_DH_ATUALZ, PEL_CD_OPER_ATUALZ, PEL_NU_VERSAO) VALUES (1037, 'Adequação de Capital', '', '', 2, '1', 1005, 10000, '2014-03-17 00:00:00', 'script', 1);
INSERT INTO SUP.PEL_PAR_ELEMENTO_RIS_CON (PEL_ID, PEL_NM, PEL_DS, PEL_DS_END_MANUAL, PEL_NU_ORDEM, PEL_CD_TIPO, PRC_ID, MET_ID, PEL_DH_ATUALZ, PEL_CD_OPER_ATUALZ, PEL_NU_VERSAO) VALUES (1038, 'Governança corporativa', '', '', 1, '2', 1005, 10000, '2014-03-17 00:00:00', 'script', 1);
INSERT INTO SUP.PEL_PAR_ELEMENTO_RIS_CON (PEL_ID, PEL_NM, PEL_DS, PEL_DS_END_MANUAL, PEL_NU_ORDEM, PEL_CD_TIPO, PRC_ID, MET_ID, PEL_DH_ATUALZ, PEL_CD_OPER_ATUALZ, PEL_NU_VERSAO) VALUES (1039, 'Planejamento estratégico', '', '', 2, '2', 1005, 10000, '2014-03-17 00:00:00', 'script', 1);
INSERT INTO SUP.PEL_PAR_ELEMENTO_RIS_CON (PEL_ID, PEL_NM, PEL_DS, PEL_DS_END_MANUAL, PEL_NU_ORDEM, PEL_CD_TIPO, PRC_ID, MET_ID, PEL_DH_ATUALZ, PEL_CD_OPER_ATUALZ, PEL_NU_VERSAO) VALUES (1040, 'Gestão de capital', '', '', 3, '2', 1005, 10000, '2014-03-17 00:00:00', 'script', 1);
INSERT INTO SUP.PEL_PAR_ELEMENTO_RIS_CON (PEL_ID, PEL_NM, PEL_DS, PEL_DS_END_MANUAL, PEL_NU_ORDEM, PEL_CD_TIPO, PRC_ID, MET_ID, PEL_DH_ATUALZ, PEL_CD_OPER_ATUALZ, PEL_NU_VERSAO) VALUES (1041, 'Controles internos no nível corporativo', '', '', 4, '2', 1005, 10000, '2014-03-17 00:00:00', 'script', 1);
INSERT INTO SUP.PEL_PAR_ELEMENTO_RIS_CON (PEL_ID, PEL_NM, PEL_DS, PEL_DS_END_MANUAL, PEL_NU_ORDEM, PEL_CD_TIPO, PRC_ID, MET_ID, PEL_DH_ATUALZ, PEL_CD_OPER_ATUALZ, PEL_NU_VERSAO) VALUES (1042, 'Risco de descontinuidade', '', '', 1, '1', 1006, 10000, '2014-03-17 00:00:00', 'script', 1);
INSERT INTO SUP.PEL_PAR_ELEMENTO_RIS_CON (PEL_ID, PEL_NM, PEL_DS, PEL_DS_END_MANUAL, PEL_NU_ORDEM, PEL_CD_TIPO, PRC_ID, MET_ID, PEL_DH_ATUALZ, PEL_CD_OPER_ATUALZ, PEL_NU_VERSAO) VALUES (1043, 'Risco de erros involuntários', '', '', 2, '1', 1006, 10000, '2014-03-17 00:00:00', 'script', 1);
INSERT INTO SUP.PEL_PAR_ELEMENTO_RIS_CON (PEL_ID, PEL_NM, PEL_DS, PEL_DS_END_MANUAL, PEL_NU_ORDEM, PEL_CD_TIPO, PRC_ID, MET_ID, PEL_DH_ATUALZ, PEL_CD_OPER_ATUALZ, PEL_NU_VERSAO) VALUES (1044, 'Risco de erros e danos intencionais', '', '', 3, '1', 1006, 10000, '2014-03-17 00:00:00', 'script', 1);
INSERT INTO SUP.PEL_PAR_ELEMENTO_RIS_CON (PEL_ID, PEL_NM, PEL_DS, PEL_DS_END_MANUAL, PEL_NU_ORDEM, PEL_CD_TIPO, PRC_ID, MET_ID, PEL_DH_ATUALZ, PEL_CD_OPER_ATUALZ, PEL_NU_VERSAO) VALUES (1045, 'Planejamento e organização', '', '', 1, '2', 1006, 10000, '2014-03-17 00:00:00', 'script', 1);
INSERT INTO SUP.PEL_PAR_ELEMENTO_RIS_CON (PEL_ID, PEL_NM, PEL_DS, PEL_DS_END_MANUAL, PEL_NU_ORDEM, PEL_CD_TIPO, PRC_ID, MET_ID, PEL_DH_ATUALZ, PEL_CD_OPER_ATUALZ, PEL_NU_VERSAO) VALUES (1046, 'Aquisição e implementação', '', '', 2, '2', 1006, 10000, '2014-03-17 00:00:00', 'script', 1);
INSERT INTO SUP.PEL_PAR_ELEMENTO_RIS_CON (PEL_ID, PEL_NM, PEL_DS, PEL_DS_END_MANUAL, PEL_NU_ORDEM, PEL_CD_TIPO, PRC_ID, MET_ID, PEL_DH_ATUALZ, PEL_CD_OPER_ATUALZ, PEL_NU_VERSAO) VALUES (1047, 'Disponibilização e suporte', '', '', 3, '2', 1006, 10000, '2014-03-17 00:00:00', 'script', 1);
INSERT INTO SUP.PEL_PAR_ELEMENTO_RIS_CON (PEL_ID, PEL_NM, PEL_DS, PEL_DS_END_MANUAL, PEL_NU_ORDEM, PEL_CD_TIPO, PRC_ID, MET_ID, PEL_DH_ATUALZ, PEL_CD_OPER_ATUALZ, PEL_NU_VERSAO) VALUES (1048, 'Monitoramento e Avaliação', '', '', 4, '2', 1006, 10000, '2014-03-17 00:00:00', 'script', 1);
INSERT INTO SUP.PEL_PAR_ELEMENTO_RIS_CON (PEL_ID, PEL_NM, PEL_DS, PEL_DS_END_MANUAL, PEL_NU_ORDEM, PEL_CD_TIPO, PRC_ID, MET_ID, PEL_DH_ATUALZ, PEL_CD_OPER_ATUALZ, PEL_NU_VERSAO) VALUES (1049, 'Perfil dos clientes', '', '', 1, '1', 1007, 10000, '2014-03-17 00:00:00', 'script', 1);
INSERT INTO SUP.PEL_PAR_ELEMENTO_RIS_CON (PEL_ID, PEL_NM, PEL_DS, PEL_DS_END_MANUAL, PEL_NU_ORDEM, PEL_CD_TIPO, PRC_ID, MET_ID, PEL_DH_ATUALZ, PEL_CD_OPER_ATUALZ, PEL_NU_VERSAO) VALUES (1050, 'Perfil das operações, produtos e serviços', '', '', 2, '1', 1007, 10000, '2014-03-17 00:00:00', 'script', 1);
INSERT INTO SUP.PEL_PAR_ELEMENTO_RIS_CON (PEL_ID, PEL_NM, PEL_DS, PEL_DS_END_MANUAL, PEL_NU_ORDEM, PEL_CD_TIPO, PRC_ID, MET_ID, PEL_DH_ATUALZ, PEL_CD_OPER_ATUALZ, PEL_NU_VERSAO) VALUES (1051, 'Perfil da instituição', '', '', 3, '1', 1007, 10000, '2014-03-17 00:00:00', 'script', 1);
INSERT INTO SUP.PEL_PAR_ELEMENTO_RIS_CON (PEL_ID, PEL_NM, PEL_DS, PEL_DS_END_MANUAL, PEL_NU_ORDEM, PEL_CD_TIPO, PRC_ID, MET_ID, PEL_DH_ATUALZ, PEL_CD_OPER_ATUALZ, PEL_NU_VERSAO) VALUES (1052, 'Políticas institucionais', '', '', 1, '2', 1007, 10000, '2014-03-17 00:00:00', 'script', 1);
INSERT INTO SUP.PEL_PAR_ELEMENTO_RIS_CON (PEL_ID, PEL_NM, PEL_DS, PEL_DS_END_MANUAL, PEL_NU_ORDEM, PEL_CD_TIPO, PRC_ID, MET_ID, PEL_DH_ATUALZ, PEL_CD_OPER_ATUALZ, PEL_NU_VERSAO) VALUES (1053, 'Estrutura organizacional', '', '', 2, '2', 1007, 10000, '2014-03-17 00:00:00', 'script', 1);
INSERT INTO SUP.PEL_PAR_ELEMENTO_RIS_CON (PEL_ID, PEL_NM, PEL_DS, PEL_DS_END_MANUAL, PEL_NU_ORDEM, PEL_CD_TIPO, PRC_ID, MET_ID, PEL_DH_ATUALZ, PEL_CD_OPER_ATUALZ, PEL_NU_VERSAO) VALUES (1054, 'Procedimentos e ferramentas', '', '', 3, '2', 1007, 10000, '2014-03-17 00:00:00', 'script', 1);
INSERT INTO SUP.PEL_PAR_ELEMENTO_RIS_CON (PEL_ID, PEL_NM, PEL_DS, PEL_DS_END_MANUAL, PEL_NU_ORDEM, PEL_CD_TIPO, PRC_ID, MET_ID, PEL_DH_ATUALZ, PEL_CD_OPER_ATUALZ, PEL_NU_VERSAO) VALUES (1055, 'Conheça seu cliente', '', '', 4, '2', 1007, 10000, '2014-03-17 00:00:00', 'script', 1);
INSERT INTO SUP.PEL_PAR_ELEMENTO_RIS_CON (PEL_ID, PEL_NM, PEL_DS, PEL_DS_END_MANUAL, PEL_NU_ORDEM, PEL_CD_TIPO, PRC_ID, MET_ID, PEL_DH_ATUALZ, PEL_CD_OPER_ATUALZ, PEL_NU_VERSAO) VALUES (1056, 'Treinamento', '', '', 5, '2', 1007, 10000, '2014-03-17 00:00:00', 'script', 1);
INSERT INTO SUP.PEL_PAR_ELEMENTO_RIS_CON (PEL_ID, PEL_NM, PEL_DS, PEL_DS_END_MANUAL, PEL_NU_ORDEM, PEL_CD_TIPO, PRC_ID, MET_ID, PEL_DH_ATUALZ, PEL_CD_OPER_ATUALZ, PEL_NU_VERSAO) VALUES (1057, 'Auditoria', '', '', 6, '2', 1007, 10000, '2014-03-17 00:00:00', 'script', 1);
INSERT INTO SUP.PEL_PAR_ELEMENTO_RIS_CON (PEL_ID, PEL_NM, PEL_DS, PEL_DS_END_MANUAL, PEL_NU_ORDEM, PEL_CD_TIPO, PRC_ID, MET_ID, PEL_DH_ATUALZ, PEL_CD_OPER_ATUALZ, PEL_NU_VERSAO) VALUES (1058, 'Risco de erros e de fraudes internas', '', '', 1, '1', 1008, 10000, '2014-03-17 00:00:00', 'script', 1);
INSERT INTO SUP.PEL_PAR_ELEMENTO_RIS_CON (PEL_ID, PEL_NM, PEL_DS, PEL_DS_END_MANUAL, PEL_NU_ORDEM, PEL_CD_TIPO, PRC_ID, MET_ID, PEL_DH_ATUALZ, PEL_CD_OPER_ATUALZ, PEL_NU_VERSAO) VALUES (1059, 'Risco de fraudes externas e de danos a ativos físicos', '', '', 2, '1', 1008, 10000, '2014-03-17 00:00:00', 'script', 1);
INSERT INTO SUP.PEL_PAR_ELEMENTO_RIS_CON (PEL_ID, PEL_NM, PEL_DS, PEL_DS_END_MANUAL, PEL_NU_ORDEM, PEL_CD_TIPO, PRC_ID, MET_ID, PEL_DH_ATUALZ, PEL_CD_OPER_ATUALZ, PEL_NU_VERSAO) VALUES (1060, 'Risco de falhas em processos', '', '', 3, '1', 1008, 10000, '2014-03-17 00:00:00', 'script', 1);
INSERT INTO SUP.PEL_PAR_ELEMENTO_RIS_CON (PEL_ID, PEL_NM, PEL_DS, PEL_DS_END_MANUAL, PEL_NU_ORDEM, PEL_CD_TIPO, PRC_ID, MET_ID, PEL_DH_ATUALZ, PEL_CD_OPER_ATUALZ, PEL_NU_VERSAO) VALUES (1061, 'Riscos Legais', '', '', 4, '1', 1008, 10000, '2014-03-17 00:00:00', 'script', 1);
INSERT INTO SUP.PEL_PAR_ELEMENTO_RIS_CON (PEL_ID, PEL_NM, PEL_DS, PEL_DS_END_MANUAL, PEL_NU_ORDEM, PEL_CD_TIPO, PRC_ID, MET_ID, PEL_DH_ATUALZ, PEL_CD_OPER_ATUALZ, PEL_NU_VERSAO) VALUES (1062, 'Ambiente e estrutura de controle', '', '', 1, '2', 1008, 10000, '2014-03-17 00:00:00', 'script', 1);
INSERT INTO SUP.PEL_PAR_ELEMENTO_RIS_CON (PEL_ID, PEL_NM, PEL_DS, PEL_DS_END_MANUAL, PEL_NU_ORDEM, PEL_CD_TIPO, PRC_ID, MET_ID, PEL_DH_ATUALZ, PEL_CD_OPER_ATUALZ, PEL_NU_VERSAO) VALUES (1063, 'Identificação e avaliação', '', '', 2, '2', 1008, 10000, '2014-03-17 00:00:00', 'script', 1);
INSERT INTO SUP.PEL_PAR_ELEMENTO_RIS_CON (PEL_ID, PEL_NM, PEL_DS, PEL_DS_END_MANUAL, PEL_NU_ORDEM, PEL_CD_TIPO, PRC_ID, MET_ID, PEL_DH_ATUALZ, PEL_CD_OPER_ATUALZ, PEL_NU_VERSAO) VALUES (1064, 'Atividades de controle', '', '', 3, '2', 1008, 10000, '2014-03-17 00:00:00', 'script', 1);
INSERT INTO SUP.PEL_PAR_ELEMENTO_RIS_CON (PEL_ID, PEL_NM, PEL_DS, PEL_DS_END_MANUAL, PEL_NU_ORDEM, PEL_CD_TIPO, PRC_ID, MET_ID, PEL_DH_ATUALZ, PEL_CD_OPER_ATUALZ, PEL_NU_VERSAO) VALUES (1065, 'Informação e Comunicação', '', '', 4, '2', 1008, 10000, '2014-03-17 00:00:00', 'script', 1);
INSERT INTO SUP.PEL_PAR_ELEMENTO_RIS_CON (PEL_ID, PEL_NM, PEL_DS, PEL_DS_END_MANUAL, PEL_NU_ORDEM, PEL_CD_TIPO, PRC_ID, MET_ID, PEL_DH_ATUALZ, PEL_CD_OPER_ATUALZ, PEL_NU_VERSAO) VALUES (1066, 'Monitoramento', '', '', 5, '2', 1008, 10000, '2014-03-17 00:00:00', 'script', 1);
INSERT INTO SUP.PEL_PAR_ELEMENTO_RIS_CON (PEL_ID, PEL_NM, PEL_DS, PEL_DS_END_MANUAL, PEL_NU_ORDEM, PEL_CD_TIPO, PRC_ID, MET_ID, PEL_DH_ATUALZ, PEL_CD_OPER_ATUALZ, PEL_NU_VERSAO) VALUES (1070, 'Perfil da Instituição', '', '', 1, '1', 1010, 10000, '2016-01-12 00:00:00', 'script', 0);
INSERT INTO SUP.PEL_PAR_ELEMENTO_RIS_CON (PEL_ID, PEL_NM, PEL_DS, PEL_DS_END_MANUAL, PEL_NU_ORDEM, PEL_CD_TIPO, PRC_ID, MET_ID, PEL_DH_ATUALZ, PEL_CD_OPER_ATUALZ, PEL_NU_VERSAO) VALUES (1071, 'Perfil das operações, produtos e serviços', '', '', 2, '1', 1010, 10000, '2016-01-12 00:00:00', 'script', 0);
INSERT INTO SUP.PEL_PAR_ELEMENTO_RIS_CON (PEL_ID, PEL_NM, PEL_DS, PEL_DS_END_MANUAL, PEL_NU_ORDEM, PEL_CD_TIPO, PRC_ID, MET_ID, PEL_DH_ATUALZ, PEL_CD_OPER_ATUALZ, PEL_NU_VERSAO) VALUES (1072, 'Perfil dos clientes', '', '', 3, '1', 1010, 10000, '2016-01-12 00:00:00', 'script', 0);
INSERT INTO SUP.PEL_PAR_ELEMENTO_RIS_CON (PEL_ID, PEL_NM, PEL_DS, PEL_DS_END_MANUAL, PEL_NU_ORDEM, PEL_CD_TIPO, PRC_ID, MET_ID, PEL_DH_ATUALZ, PEL_CD_OPER_ATUALZ, PEL_NU_VERSAO) VALUES (1073, 'Governança', '', '', 1, '2', 1010, 10000, '2016-01-12 00:00:00', 'script', 0);
INSERT INTO SUP.PEL_PAR_ELEMENTO_RIS_CON (PEL_ID, PEL_NM, PEL_DS, PEL_DS_END_MANUAL, PEL_NU_ORDEM, PEL_CD_TIPO, PRC_ID, MET_ID, PEL_DH_ATUALZ, PEL_CD_OPER_ATUALZ, PEL_NU_VERSAO) VALUES (1074, 'Exposição a conflitos', '', '', 2, '2', 1010, 10000, '2016-01-12 00:00:00', 'script', 0);
INSERT INTO SUP.PEL_PAR_ELEMENTO_RIS_CON (PEL_ID, PEL_NM, PEL_DS, PEL_DS_END_MANUAL, PEL_NU_ORDEM, PEL_CD_TIPO, PRC_ID, MET_ID, PEL_DH_ATUALZ, PEL_CD_OPER_ATUALZ, PEL_NU_VERSAO) VALUES (1075, 'Atendimento a reclamações', '', '', 3, '2', 1010, 10000, '2016-01-12 00:00:00', 'script', 0);
INSERT INTO SUP.PEL_PAR_ELEMENTO_RIS_CON (PEL_ID, PEL_NM, PEL_DS, PEL_DS_END_MANUAL, PEL_NU_ORDEM, PEL_CD_TIPO, PRC_ID, MET_ID, PEL_DH_ATUALZ, PEL_CD_OPER_ATUALZ, PEL_NU_VERSAO) VALUES (1076, 'Conformidade', '', '', 4, '2', 1010, 10000, '2016-01-12 00:00:00', 'script', 0);
INSERT INTO SUP.PEL_PAR_ELEMENTO_RIS_CON (PEL_ID, PEL_NM, PEL_DS, PEL_DS_END_MANUAL, PEL_NU_ORDEM, PEL_CD_TIPO, PRC_ID, MET_ID, PEL_DH_ATUALZ, PEL_CD_OPER_ATUALZ, PEL_NU_VERSAO) VALUES (1077, 'Treinamento', '', '', 5, '2', 1010, 10000, '2016-01-12 00:00:00', 'script', 0);
INSERT INTO SUP.PEL_PAR_ELEMENTO_RIS_CON (PEL_ID, PEL_NM, PEL_DS, PEL_DS_END_MANUAL, PEL_NU_ORDEM, PEL_CD_TIPO, PRC_ID, MET_ID, PEL_DH_ATUALZ, PEL_CD_OPER_ATUALZ, PEL_NU_VERSAO) VALUES (1078, 'Auditoria', '', '', 5, '2', 1010, 10000, '2016-01-12 00:00:00', 'script', 0);
INSERT INTO SUP.PEL_PAR_ELEMENTO_RIS_CON (PEL_ID, PEL_NM, PEL_DS, PEL_DS_END_MANUAL, PEL_NU_ORDEM, PEL_CD_TIPO, PRC_ID, MET_ID, PEL_DH_ATUALZ, PEL_CD_OPER_ATUALZ, PEL_NU_VERSAO) VALUES (1079, 'Conselho de administração', '', '', 1, '3', 1011, 10000, '2016-01-12 00:00:00', 'script', 0);
INSERT INTO SUP.PEL_PAR_ELEMENTO_RIS_CON (PEL_ID, PEL_NM, PEL_DS, PEL_DS_END_MANUAL, PEL_NU_ORDEM, PEL_CD_TIPO, PRC_ID, MET_ID, PEL_DH_ATUALZ, PEL_CD_OPER_ATUALZ, PEL_NU_VERSAO) VALUES (1080, 'Comitês de assessoramento do conselho', '', '', 2, '3', 1011, 10000, '2016-01-12 00:00:00', 'script', 0);
INSERT INTO SUP.PEL_PAR_ELEMENTO_RIS_CON (PEL_ID, PEL_NM, PEL_DS, PEL_DS_END_MANUAL, PEL_NU_ORDEM, PEL_CD_TIPO, PRC_ID, MET_ID, PEL_DH_ATUALZ, PEL_CD_OPER_ATUALZ, PEL_NU_VERSAO) VALUES (1081, 'Diretoria executiva', '', '', 3, '3', 1011, 10000, '2016-01-12 00:00:00', 'script', 0);
INSERT INTO SUP.PEL_PAR_ELEMENTO_RIS_CON (PEL_ID, PEL_NM, PEL_DS, PEL_DS_END_MANUAL, PEL_NU_ORDEM, PEL_CD_TIPO, PRC_ID, MET_ID, PEL_DH_ATUALZ, PEL_CD_OPER_ATUALZ, PEL_NU_VERSAO) VALUES (1082, 'Comitês de assessoramento da diretoria (ESs sem CA)', '', '', 4, '3', 1011, 10000, '2016-01-12 00:00:00', 'script', 0);
INSERT INTO SUP.PEL_PAR_ELEMENTO_RIS_CON (PEL_ID, PEL_NM, PEL_DS, PEL_DS_END_MANUAL, PEL_NU_ORDEM, PEL_CD_TIPO, PRC_ID, MET_ID, PEL_DH_ATUALZ, PEL_CD_OPER_ATUALZ, PEL_NU_VERSAO) VALUES (1083, 'Governança e gestão de riscos', '', '', 5, '3', 1011, 10000, '2016-01-12 00:00:00', 'script', 0);
INSERT INTO SUP.PEL_PAR_ELEMENTO_RIS_CON (PEL_ID, PEL_NM, PEL_DS, PEL_DS_END_MANUAL, PEL_NU_ORDEM, PEL_CD_TIPO, PRC_ID, MET_ID, PEL_DH_ATUALZ, PEL_CD_OPER_ATUALZ, PEL_NU_VERSAO) VALUES (1084, 'Controles internos corporativos', '', '', 6, '3', 1011, 10000, '2016-01-12 00:00:00', 'script', 0);
INSERT INTO SUP.PEL_PAR_ELEMENTO_RIS_CON (PEL_ID, PEL_NM, PEL_DS, PEL_DS_END_MANUAL, PEL_NU_ORDEM, PEL_CD_TIPO, PRC_ID, MET_ID, PEL_DH_ATUALZ, PEL_CD_OPER_ATUALZ, PEL_NU_VERSAO) VALUES (1085, 'Auditoria interna', '', '', 7, '3', 1011, 10000, '2016-01-12 00:00:00', 'script', 0);
INSERT INTO SUP.PEL_PAR_ELEMENTO_RIS_CON (PEL_ID, PEL_NM, PEL_DS, PEL_DS_END_MANUAL, PEL_NU_ORDEM, PEL_CD_TIPO, PRC_ID, MET_ID, PEL_DH_ATUALZ, PEL_CD_OPER_ATUALZ, PEL_NU_VERSAO) VALUES (1086, 'Remuneração', '', '', 8, '3', 1011, 10000, '2016-01-12 00:00:00', 'script', 0);

-- ================ Par Item a avaliar ===================

INSERT INTO SUP.PIE_PAR_ITEM_ELEMENTO (PIE_ID, PIE_NM, PIE_DS_END_MANUAL, PEL_ID, PIE_NU_ORDEM, MET_ID, PIE_DH_ATUALZ, PIE_CD_OPER_ATUALZ, PIE_NU_VERSAO) VALUES (1000, 'Apetite para o risco', '', 1000, 1, 10000, '2014-03-17 00:00:00', 'script', 1);
INSERT INTO SUP.PIE_PAR_ITEM_ELEMENTO (PIE_ID, PIE_NM, PIE_DS_END_MANUAL, PEL_ID, PIE_NU_ORDEM, MET_ID, PIE_DH_ATUALZ, PIE_CD_OPER_ATUALZ, PIE_NU_VERSAO) VALUES (1001, 'Qualidade da carteira de crédito', '', 1000, 2, 10000, '2014-03-17 00:00:00', 'script', 1);
INSERT INTO SUP.PIE_PAR_ITEM_ELEMENTO (PIE_ID, PIE_NM, PIE_DS_END_MANUAL, PEL_ID, PIE_NU_ORDEM, MET_ID, PIE_DH_ATUALZ, PIE_CD_OPER_ATUALZ, PIE_NU_VERSAO) VALUES (1002, 'Fatores externos', '', 1000, 3, 10000, '2014-03-17 00:00:00', 'script', 1);
INSERT INTO SUP.PIE_PAR_ITEM_ELEMENTO (PIE_ID, PIE_NM, PIE_DS_END_MANUAL, PEL_ID, PIE_NU_ORDEM, MET_ID, PIE_DH_ATUALZ, PIE_CD_OPER_ATUALZ, PIE_NU_VERSAO) VALUES (1003, 'Tolerância ao risco', '', 1001, 1, 10000, '2014-03-17 00:00:00', 'script', 1);
INSERT INTO SUP.PIE_PAR_ITEM_ELEMENTO (PIE_ID, PIE_NM, PIE_DS_END_MANUAL, PEL_ID, PIE_NU_ORDEM, MET_ID, PIE_DH_ATUALZ, PIE_CD_OPER_ATUALZ, PIE_NU_VERSAO) VALUES (1004, 'Concentração da carteira', '', 1001, 2, 10000, '2014-03-17 00:00:00', 'script', 1);
INSERT INTO SUP.PIE_PAR_ITEM_ELEMENTO (PIE_ID, PIE_NM, PIE_DS_END_MANUAL, PEL_ID, PIE_NU_ORDEM, MET_ID, PIE_DH_ATUALZ, PIE_CD_OPER_ATUALZ, PIE_NU_VERSAO) VALUES (1005, 'Critérios para mitigadores de risco', '', 1002, 1, 10000, '2014-03-17 00:00:00', 'script', 1);
INSERT INTO SUP.PIE_PAR_ITEM_ELEMENTO (PIE_ID, PIE_NM, PIE_DS_END_MANUAL, PEL_ID, PIE_NU_ORDEM, MET_ID, PIE_DH_ATUALZ, PIE_CD_OPER_ATUALZ, PIE_NU_VERSAO) VALUES (1006, 'Proporção de créditos com mitigadores de risco versus sem mitigadores de risco', '', 1002, 2, 10000, '2014-03-17 00:00:00', 'script', 1);
INSERT INTO SUP.PIE_PAR_ITEM_ELEMENTO (PIE_ID, PIE_NM, PIE_DS_END_MANUAL, PEL_ID, PIE_NU_ORDEM, MET_ID, PIE_DH_ATUALZ, PIE_CD_OPER_ATUALZ, PIE_NU_VERSAO) VALUES (1007, 'Dados históricos e recuperação dado o inadimplemento', '', 1002, 3, 10000, '2014-03-17 00:00:00', 'script', 1);
INSERT INTO SUP.PIE_PAR_ITEM_ELEMENTO (PIE_ID, PIE_NM, PIE_DS_END_MANUAL, PEL_ID, PIE_NU_ORDEM, MET_ID, PIE_DH_ATUALZ, PIE_CD_OPER_ATUALZ, PIE_NU_VERSAO) VALUES (1008, 'Risco de liquidação', '', 1003, 1, 10000, '2014-03-17 00:00:00', 'script', 1);
INSERT INTO SUP.PIE_PAR_ITEM_ELEMENTO (PIE_ID, PIE_NM, PIE_DS_END_MANUAL, PEL_ID, PIE_NU_ORDEM, MET_ID, PIE_DH_ATUALZ, PIE_CD_OPER_ATUALZ, PIE_NU_VERSAO) VALUES (1009, 'Concessão de Operações sujeitas a RCC', '', 1004, 1, 10000, '2014-03-17 00:00:00', 'script', 1);
INSERT INTO SUP.PIE_PAR_ITEM_ELEMENTO (PIE_ID, PIE_NM, PIE_DS_END_MANUAL, PEL_ID, PIE_NU_ORDEM, MET_ID, PIE_DH_ATUALZ, PIE_CD_OPER_ATUALZ, PIE_NU_VERSAO) VALUES (1010, 'Utilização de derivativos e de hedge', '', 1010, 1, 10000, '2014-03-17 00:00:00', 'script', 1);
INSERT INTO SUP.PIE_PAR_ITEM_ELEMENTO (PIE_ID, PIE_NM, PIE_DS_END_MANUAL, PEL_ID, PIE_NU_ORDEM, MET_ID, PIE_DH_ATUALZ, PIE_CD_OPER_ATUALZ, PIE_NU_VERSAO) VALUES (1011, 'Limites', '', 1010, 2, 10000, '2014-03-17 00:00:00', 'script', 1);
INSERT INTO SUP.PIE_PAR_ITEM_ELEMENTO (PIE_ID, PIE_NM, PIE_DS_END_MANUAL, PEL_ID, PIE_NU_ORDEM, MET_ID, PIE_DH_ATUALZ, PIE_CD_OPER_ATUALZ, PIE_NU_VERSAO) VALUES (1012, 'Risco de mercado na carteira de negociação', '', 1011, 1, 10000, '2014-03-17 00:00:00', 'script', 1);
INSERT INTO SUP.PIE_PAR_ITEM_ELEMENTO (PIE_ID, PIE_NM, PIE_DS_END_MANUAL, PEL_ID, PIE_NU_ORDEM, MET_ID, PIE_DH_ATUALZ, PIE_CD_OPER_ATUALZ, PIE_NU_VERSAO) VALUES (1013, 'Risco de taxas de juros no banking book', '', 1011, 2, 10000, '2014-03-17 00:00:00', 'script', 1);
INSERT INTO SUP.PIE_PAR_ITEM_ELEMENTO (PIE_ID, PIE_NM, PIE_DS_END_MANUAL, PEL_ID, PIE_NU_ORDEM, MET_ID, PIE_DH_ATUALZ, PIE_CD_OPER_ATUALZ, PIE_NU_VERSAO) VALUES (1014, 'Liquidez dos fatores de risco', '', 1011, 3, 10000, '2014-03-17 00:00:00', 'script', 1);
INSERT INTO SUP.PIE_PAR_ITEM_ELEMENTO (PIE_ID, PIE_NM, PIE_DS_END_MANUAL, PEL_ID, PIE_NU_ORDEM, MET_ID, PIE_DH_ATUALZ, PIE_CD_OPER_ATUALZ, PIE_NU_VERSAO) VALUES (1015, 'Composição do colchão de liquidez', '', 1017, 1, 10000, '2014-03-17 00:00:00', 'script', 1);
INSERT INTO SUP.PIE_PAR_ITEM_ELEMENTO (PIE_ID, PIE_NM, PIE_DS_END_MANUAL, PEL_ID, PIE_NU_ORDEM, MET_ID, PIE_DH_ATUALZ, PIE_CD_OPER_ATUALZ, PIE_NU_VERSAO) VALUES (1016, 'Limites', '', 1017, 2, 10000, '2014-03-17 00:00:00', 'script', 1);
INSERT INTO SUP.PIE_PAR_ITEM_ELEMENTO (PIE_ID, PIE_NM, PIE_DS_END_MANUAL, PEL_ID, PIE_NU_ORDEM, MET_ID, PIE_DH_ATUALZ, PIE_CD_OPER_ATUALZ, PIE_NU_VERSAO) VALUES (1017, 'Descasamentos no fluxo de caixa', '', 1018, 1, 10000, '2014-03-17 00:00:00', 'script', 1);
INSERT INTO SUP.PIE_PAR_ITEM_ELEMENTO (PIE_ID, PIE_NM, PIE_DS_END_MANUAL, PEL_ID, PIE_NU_ORDEM, MET_ID, PIE_DH_ATUALZ, PIE_CD_OPER_ATUALZ, PIE_NU_VERSAO) VALUES (1018, 'Relacionamento com o mercado', '', 1019, 1, 10000, '2014-03-17 00:00:00', 'script', 1);
INSERT INTO SUP.PIE_PAR_ITEM_ELEMENTO (PIE_ID, PIE_NM, PIE_DS_END_MANUAL, PEL_ID, PIE_NU_ORDEM, MET_ID, PIE_DH_ATUALZ, PIE_CD_OPER_ATUALZ, PIE_NU_VERSAO) VALUES (1019, 'Avaliação do crédito da instituição', '', 1019, 2, 10000, '2014-03-17 00:00:00', 'script', 1);
INSERT INTO SUP.PIE_PAR_ITEM_ELEMENTO (PIE_ID, PIE_NM, PIE_DS_END_MANUAL, PEL_ID, PIE_NU_ORDEM, MET_ID, PIE_DH_ATUALZ, PIE_CD_OPER_ATUALZ, PIE_NU_VERSAO) VALUES (1020, 'Diversificação', '', 1019, 3, 10000, '2014-03-17 00:00:00', 'script', 1);
INSERT INTO SUP.PIE_PAR_ITEM_ELEMENTO (PIE_ID, PIE_NM, PIE_DS_END_MANUAL, PEL_ID, PIE_NU_ORDEM, MET_ID, PIE_DH_ATUALZ, PIE_CD_OPER_ATUALZ, PIE_NU_VERSAO) VALUES (1021, 'Captações no exterior', '', 1019, 4, 10000, '2014-03-17 00:00:00', 'script', 1);
INSERT INTO SUP.PIE_PAR_ITEM_ELEMENTO (PIE_ID, PIE_NM, PIE_DS_END_MANUAL, PEL_ID, PIE_NU_ORDEM, MET_ID, PIE_DH_ATUALZ, PIE_CD_OPER_ATUALZ, PIE_NU_VERSAO) VALUES (1022, 'Capital investido, aportes de capital e eventuais coberturas', '', 1025, 1, 10000, '2014-03-17 00:00:00', 'script', 1);
INSERT INTO SUP.PIE_PAR_ITEM_ELEMENTO (PIE_ID, PIE_NM, PIE_DS_END_MANUAL, PEL_ID, PIE_NU_ORDEM, MET_ID, PIE_DH_ATUALZ, PIE_CD_OPER_ATUALZ, PIE_NU_VERSAO) VALUES (1023, 'Análise econômico-financeira', '', 1025, 2, 10000, '2014-03-17 00:00:00', 'script', 1);
INSERT INTO SUP.PIE_PAR_ITEM_ELEMENTO (PIE_ID, PIE_NM, PIE_DS_END_MANUAL, PEL_ID, PIE_NU_ORDEM, MET_ID, PIE_DH_ATUALZ, PIE_CD_OPER_ATUALZ, PIE_NU_VERSAO) VALUES (1024, 'Retorno do investimento', '', 1025, 3, 10000, '2014-03-17 00:00:00', 'script', 1);
INSERT INTO SUP.PIE_PAR_ITEM_ELEMENTO (PIE_ID, PIE_NM, PIE_DS_END_MANUAL, PEL_ID, PIE_NU_ORDEM, MET_ID, PIE_DH_ATUALZ, PIE_CD_OPER_ATUALZ, PIE_NU_VERSAO) VALUES (1025, 'Conhecimento do negócio pelos gestores do conglomerado financeiro', '', 1026, 1, 10000, '2014-03-17 00:00:00', 'script', 1);
INSERT INTO SUP.PIE_PAR_ITEM_ELEMENTO (PIE_ID, PIE_NM, PIE_DS_END_MANUAL, PEL_ID, PIE_NU_ORDEM, MET_ID, PIE_DH_ATUALZ, PIE_CD_OPER_ATUALZ, PIE_NU_VERSAO) VALUES (1026, 'Qualificação dos gestores da atividade não supervisionável', '', 1026, 2, 10000, '2014-03-17 00:00:00', 'script', 1);
INSERT INTO SUP.PIE_PAR_ITEM_ELEMENTO (PIE_ID, PIE_NM, PIE_DS_END_MANUAL, PEL_ID, PIE_NU_ORDEM, MET_ID, PIE_DH_ATUALZ, PIE_CD_OPER_ATUALZ, PIE_NU_VERSAO) VALUES (1027, 'Atividades do ramo Superint. de Seguros Privados (Susep), Superint. Nac. de Previdência Complementar (Previc) e Agência Nacional da Saúde (ANS)', '', 1027, 1, 10000, '2014-03-17 00:00:00', 'script', 1);
INSERT INTO SUP.PIE_PAR_ITEM_ELEMENTO (PIE_ID, PIE_NM, PIE_DS_END_MANUAL, PEL_ID, PIE_NU_ORDEM, MET_ID, PIE_DH_ATUALZ, PIE_CD_OPER_ATUALZ, PIE_NU_VERSAO) VALUES (1028, 'Administração de recursos de terceiros', '', 1027, 2, 10000, '2014-03-17 00:00:00', 'script', 1);
INSERT INTO SUP.PIE_PAR_ITEM_ELEMENTO (PIE_ID, PIE_NM, PIE_DS_END_MANUAL, PEL_ID, PIE_NU_ORDEM, MET_ID, PIE_DH_ATUALZ, PIE_CD_OPER_ATUALZ, PIE_NU_VERSAO) VALUES (1029, 'Ambiente e cultura organizacionais', '', 1058, 1, 10000, '2014-03-17 00:00:00', 'script', 1);
INSERT INTO SUP.PIE_PAR_ITEM_ELEMENTO (PIE_ID, PIE_NM, PIE_DS_END_MANUAL, PEL_ID, PIE_NU_ORDEM, MET_ID, PIE_DH_ATUALZ, PIE_CD_OPER_ATUALZ, PIE_NU_VERSAO) VALUES (1030, 'Dimensionamento dos recursos humanos', '', 1058, 2, 10000, '2014-03-17 00:00:00', 'script', 1);
INSERT INTO SUP.PIE_PAR_ITEM_ELEMENTO (PIE_ID, PIE_NM, PIE_DS_END_MANUAL, PEL_ID, PIE_NU_ORDEM, MET_ID, PIE_DH_ATUALZ, PIE_CD_OPER_ATUALZ, PIE_NU_VERSAO) VALUES (1031, 'Capacitação dos recursos humanos', '', 1058, 3, 10000, '2014-03-17 00:00:00', 'script', 1);
INSERT INTO SUP.PIE_PAR_ITEM_ELEMENTO (PIE_ID, PIE_NM, PIE_DS_END_MANUAL, PEL_ID, PIE_NU_ORDEM, MET_ID, PIE_DH_ATUALZ, PIE_CD_OPER_ATUALZ, PIE_NU_VERSAO) VALUES (1032, 'Prevenção e correção de erros', '', 1058, 4, 10000, '2014-03-17 00:00:00', 'script', 1);
INSERT INTO SUP.PIE_PAR_ITEM_ELEMENTO (PIE_ID, PIE_NM, PIE_DS_END_MANUAL, PEL_ID, PIE_NU_ORDEM, MET_ID, PIE_DH_ATUALZ, PIE_CD_OPER_ATUALZ, PIE_NU_VERSAO) VALUES (1033, 'Base de clientes', '', 1059, 1, 10000, '2014-03-17 00:00:00', 'script', 1);
INSERT INTO SUP.PIE_PAR_ITEM_ELEMENTO (PIE_ID, PIE_NM, PIE_DS_END_MANUAL, PEL_ID, PIE_NU_ORDEM, MET_ID, PIE_DH_ATUALZ, PIE_CD_OPER_ATUALZ, PIE_NU_VERSAO) VALUES (1034, 'Estrutura de atendimento', '', 1059, 2, 10000, '2014-03-17 00:00:00', 'script', 1);
INSERT INTO SUP.PIE_PAR_ITEM_ELEMENTO (PIE_ID, PIE_NM, PIE_DS_END_MANUAL, PEL_ID, PIE_NU_ORDEM, MET_ID, PIE_DH_ATUALZ, PIE_CD_OPER_ATUALZ, PIE_NU_VERSAO) VALUES (1035, 'Nível de terceirização', '', 1059, 3, 10000, '2014-03-17 00:00:00', 'script', 1);
INSERT INTO SUP.PIE_PAR_ITEM_ELEMENTO (PIE_ID, PIE_NM, PIE_DS_END_MANUAL, PEL_ID, PIE_NU_ORDEM, MET_ID, PIE_DH_ATUALZ, PIE_CD_OPER_ATUALZ, PIE_NU_VERSAO) VALUES (1036, 'Complexidade dos produtos', '', 1060, 1, 10000, '2014-03-17 00:00:00', 'script', 1);
INSERT INTO SUP.PIE_PAR_ITEM_ELEMENTO (PIE_ID, PIE_NM, PIE_DS_END_MANUAL, PEL_ID, PIE_NU_ORDEM, MET_ID, PIE_DH_ATUALZ, PIE_CD_OPER_ATUALZ, PIE_NU_VERSAO) VALUES (1037, 'Diversidade dos produtos', '', 1060, 2, 10000, '2014-03-17 00:00:00', 'script', 1);
INSERT INTO SUP.PIE_PAR_ITEM_ELEMENTO (PIE_ID, PIE_NM, PIE_DS_END_MANUAL, PEL_ID, PIE_NU_ORDEM, MET_ID, PIE_DH_ATUALZ, PIE_CD_OPER_ATUALZ, PIE_NU_VERSAO) VALUES (1038, 'Frequência e porte das operações', '', 1060, 3, 10000, '2014-03-17 00:00:00', 'script', 1);
INSERT INTO SUP.PIE_PAR_ITEM_ELEMENTO (PIE_ID, PIE_NM, PIE_DS_END_MANUAL, PEL_ID, PIE_NU_ORDEM, MET_ID, PIE_DH_ATUALZ, PIE_CD_OPER_ATUALZ, PIE_NU_VERSAO) VALUES (1039, 'Riscos Fiscais', '', 1061, 1, 10000, '2014-03-17 00:00:00', 'script', 1);
INSERT INTO SUP.PIE_PAR_ITEM_ELEMENTO (PIE_ID, PIE_NM, PIE_DS_END_MANUAL, PEL_ID, PIE_NU_ORDEM, MET_ID, PIE_DH_ATUALZ, PIE_CD_OPER_ATUALZ, PIE_NU_VERSAO) VALUES (1040, 'Riscos trabalhistas', '', 1061, 2, 10000, '2014-03-17 00:00:00', 'script', 1);
INSERT INTO SUP.PIE_PAR_ITEM_ELEMENTO (PIE_ID, PIE_NM, PIE_DS_END_MANUAL, PEL_ID, PIE_NU_ORDEM, MET_ID, PIE_DH_ATUALZ, PIE_CD_OPER_ATUALZ, PIE_NU_VERSAO) VALUES (1041, 'Riscos cíveis', '', 1061, 3, 10000, '2014-03-17 00:00:00', 'script', 1);
INSERT INTO SUP.PIE_PAR_ITEM_ELEMENTO (PIE_ID, PIE_NM, PIE_DS_END_MANUAL, PEL_ID, PIE_NU_ORDEM, MET_ID, PIE_DH_ATUALZ, PIE_CD_OPER_ATUALZ, PIE_NU_VERSAO) VALUES (1042, 'Outros riscos legais', '', 1061, 4, 10000, '2014-03-17 00:00:00', 'script', 1);
INSERT INTO SUP.PIE_PAR_ITEM_ELEMENTO (PIE_ID, PIE_NM, PIE_DS_END_MANUAL, PEL_ID, PIE_NU_ORDEM, MET_ID, PIE_DH_ATUALZ, PIE_CD_OPER_ATUALZ, PIE_NU_VERSAO) VALUES (1043, 'Cobertura da mídia', '', 1030, 1, 10000, '2014-03-17 00:00:00', 'script', 1);
INSERT INTO SUP.PIE_PAR_ITEM_ELEMENTO (PIE_ID, PIE_NM, PIE_DS_END_MANUAL, PEL_ID, PIE_NU_ORDEM, MET_ID, PIE_DH_ATUALZ, PIE_CD_OPER_ATUALZ, PIE_NU_VERSAO) VALUES (1044, 'Pesquisas de imagem', '', 1030, 2, 10000, '2014-03-17 00:00:00', 'script', 1);
INSERT INTO SUP.PIE_PAR_ITEM_ELEMENTO (PIE_ID, PIE_NM, PIE_DS_END_MANUAL, PEL_ID, PIE_NU_ORDEM, MET_ID, PIE_DH_ATUALZ, PIE_CD_OPER_ATUALZ, PIE_NU_VERSAO) VALUES (1045, 'Histórico de reclamações', '', 1030, 3, 10000, '2014-03-17 00:00:00', 'script', 1);
INSERT INTO SUP.PIE_PAR_ITEM_ELEMENTO (PIE_ID, PIE_NM, PIE_DS_END_MANUAL, PEL_ID, PIE_NU_ORDEM, MET_ID, PIE_DH_ATUALZ, PIE_CD_OPER_ATUALZ, PIE_NU_VERSAO) VALUES (1046, 'Desempenho financeiro', '', 1030, 4, 10000, '2014-03-17 00:00:00', 'script', 1);
INSERT INTO SUP.PIE_PAR_ITEM_ELEMENTO (PIE_ID, PIE_NM, PIE_DS_END_MANUAL, PEL_ID, PIE_NU_ORDEM, MET_ID, PIE_DH_ATUALZ, PIE_CD_OPER_ATUALZ, PIE_NU_VERSAO) VALUES (1047, 'Custo de captação, evolução dos depósitos e do número de clientes', '', 1030, 5, 10000, '2014-03-17 00:00:00', 'script', 1);
INSERT INTO SUP.PIE_PAR_ITEM_ELEMENTO (PIE_ID, PIE_NM, PIE_DS_END_MANUAL, PEL_ID, PIE_NU_ORDEM, MET_ID, PIE_DH_ATUALZ, PIE_CD_OPER_ATUALZ, PIE_NU_VERSAO) VALUES (1048, 'Imagem compartilhada', '', 1030, 6, 10000, '2014-03-17 00:00:00', 'script', 1);
INSERT INTO SUP.PIE_PAR_ITEM_ELEMENTO (PIE_ID, PIE_NM, PIE_DS_END_MANUAL, PEL_ID, PIE_NU_ORDEM, MET_ID, PIE_DH_ATUALZ, PIE_CD_OPER_ATUALZ, PIE_NU_VERSAO) VALUES (1049, 'Cumprimento das exigências legais e regulamentares', '', 1031, 1, 10000, '2014-03-17 00:00:00', 'script', 1);
INSERT INTO SUP.PIE_PAR_ITEM_ELEMENTO (PIE_ID, PIE_NM, PIE_DS_END_MANUAL, PEL_ID, PIE_NU_ORDEM, MET_ID, PIE_DH_ATUALZ, PIE_CD_OPER_ATUALZ, PIE_NU_VERSAO) VALUES (1050, 'Implementação das recomendações das auditorias e do comitê de auditoria', '', 1031, 2, 10000, '2014-03-17 00:00:00', 'script', 1);
INSERT INTO SUP.PIE_PAR_ITEM_ELEMENTO (PIE_ID, PIE_NM, PIE_DS_END_MANUAL, PEL_ID, PIE_NU_ORDEM, MET_ID, PIE_DH_ATUALZ, PIE_CD_OPER_ATUALZ, PIE_NU_VERSAO) VALUES (1051, 'Atendimento às demandas dos órgãos reguladores', '', 1031, 3, 10000, '2014-03-17 00:00:00', 'script', 1);
INSERT INTO SUP.PIE_PAR_ITEM_ELEMENTO (PIE_ID, PIE_NM, PIE_DS_END_MANUAL, PEL_ID, PIE_NU_ORDEM, MET_ID, PIE_DH_ATUALZ, PIE_CD_OPER_ATUALZ, PIE_NU_VERSAO) VALUES (1052, 'Objetivos estratégicos', '', 1036, 1, 10000, '2014-03-17 00:00:00', 'script', 1);
INSERT INTO SUP.PIE_PAR_ITEM_ELEMENTO (PIE_ID, PIE_NM, PIE_DS_END_MANUAL, PEL_ID, PIE_NU_ORDEM, MET_ID, PIE_DH_ATUALZ, PIE_CD_OPER_ATUALZ, PIE_NU_VERSAO) VALUES (1053, 'Metas de crescimento e meios de expansão', '', 1036, 2, 10000, '2014-03-17 00:00:00', 'script', 1);
INSERT INTO SUP.PIE_PAR_ITEM_ELEMENTO (PIE_ID, PIE_NM, PIE_DS_END_MANUAL, PEL_ID, PIE_NU_ORDEM, MET_ID, PIE_DH_ATUALZ, PIE_CD_OPER_ATUALZ, PIE_NU_VERSAO) VALUES (1054, 'Clientes, mercados, produtos e serviços visados na estratégia', '', 1036, 3, 10000, '2014-03-17 00:00:00', 'script', 1);
INSERT INTO SUP.PIE_PAR_ITEM_ELEMENTO (PIE_ID, PIE_NM, PIE_DS_END_MANUAL, PEL_ID, PIE_NU_ORDEM, MET_ID, PIE_DH_ATUALZ, PIE_CD_OPER_ATUALZ, PIE_NU_VERSAO) VALUES (1055, 'Folga de capital', '', 1037, 1, 10000, '2014-03-17 00:00:00', 'script', 1);
INSERT INTO SUP.PIE_PAR_ITEM_ELEMENTO (PIE_ID, PIE_NM, PIE_DS_END_MANUAL, PEL_ID, PIE_NU_ORDEM, MET_ID, PIE_DH_ATUALZ, PIE_CD_OPER_ATUALZ, PIE_NU_VERSAO) VALUES (1056, 'Resultados de testes de estresse', '', 1037, 2, 10000, '2014-03-17 00:00:00', 'script', 1);
INSERT INTO SUP.PIE_PAR_ITEM_ELEMENTO (PIE_ID, PIE_NM, PIE_DS_END_MANUAL, PEL_ID, PIE_NU_ORDEM, MET_ID, PIE_DH_ATUALZ, PIE_CD_OPER_ATUALZ, PIE_NU_VERSAO) VALUES (1057, 'Relação entre capital nível I e PR', '', 1037, 3, 10000, '2014-03-17 00:00:00', 'script', 1);
INSERT INTO SUP.PIE_PAR_ITEM_ELEMENTO (PIE_ID, PIE_NM, PIE_DS_END_MANUAL, PEL_ID, PIE_NU_ORDEM, MET_ID, PIE_DH_ATUALZ, PIE_CD_OPER_ATUALZ, PIE_NU_VERSAO) VALUES (1058, 'Dependência de TI', '', 1042, 1, 10000, '2014-03-17 00:00:00', 'script', 1);
INSERT INTO SUP.PIE_PAR_ITEM_ELEMENTO (PIE_ID, PIE_NM, PIE_DS_END_MANUAL, PEL_ID, PIE_NU_ORDEM, MET_ID, PIE_DH_ATUALZ, PIE_CD_OPER_ATUALZ, PIE_NU_VERSAO) VALUES (1059, 'Configuração dos recursos de TI', '', 1042, 2, 10000, '2014-03-17 00:00:00', 'script', 1);
INSERT INTO SUP.PIE_PAR_ITEM_ELEMENTO (PIE_ID, PIE_NM, PIE_DS_END_MANUAL, PEL_ID, PIE_NU_ORDEM, MET_ID, PIE_DH_ATUALZ, PIE_CD_OPER_ATUALZ, PIE_NU_VERSAO) VALUES (1060, 'Terceirização das atividades de TI', '', 1042, 3, 10000, '2014-03-17 00:00:00', 'script', 1);
INSERT INTO SUP.PIE_PAR_ITEM_ELEMENTO (PIE_ID, PIE_NM, PIE_DS_END_MANUAL, PEL_ID, PIE_NU_ORDEM, MET_ID, PIE_DH_ATUALZ, PIE_CD_OPER_ATUALZ, PIE_NU_VERSAO) VALUES (1061, 'Segregação de funções e de ambientes de TI', '', 1043, 1, 10000, '2014-03-17 00:00:00', 'script', 1);
INSERT INTO SUP.PIE_PAR_ITEM_ELEMENTO (PIE_ID, PIE_NM, PIE_DS_END_MANUAL, PEL_ID, PIE_NU_ORDEM, MET_ID, PIE_DH_ATUALZ, PIE_CD_OPER_ATUALZ, PIE_NU_VERSAO) VALUES (1062, 'Métodos e procedimentos consolidados', '', 1043, 2, 10000, '2014-03-17 00:00:00', 'script', 1);
INSERT INTO SUP.PIE_PAR_ITEM_ELEMENTO (PIE_ID, PIE_NM, PIE_DS_END_MANUAL, PEL_ID, PIE_NU_ORDEM, MET_ID, PIE_DH_ATUALZ, PIE_CD_OPER_ATUALZ, PIE_NU_VERSAO) VALUES (1063, 'Recursos humanos de TI ', '', 1043, 3, 10000, '2014-03-17 00:00:00', 'script', 1);
INSERT INTO SUP.PIE_PAR_ITEM_ELEMENTO (PIE_ID, PIE_NM, PIE_DS_END_MANUAL, PEL_ID, PIE_NU_ORDEM, MET_ID, PIE_DH_ATUALZ, PIE_CD_OPER_ATUALZ, PIE_NU_VERSAO) VALUES (1064, 'Canais de interação com clientes', '', 1044, 1, 10000, '2014-03-17 00:00:00', 'script', 1);
INSERT INTO SUP.PIE_PAR_ITEM_ELEMENTO (PIE_ID, PIE_NM, PIE_DS_END_MANUAL, PEL_ID, PIE_NU_ORDEM, MET_ID, PIE_DH_ATUALZ, PIE_CD_OPER_ATUALZ, PIE_NU_VERSAO) VALUES (1065, 'Diversificação de produtos e serviços', '', 1044, 2, 10000, '2014-03-17 00:00:00', 'script', 1);
INSERT INTO SUP.PIE_PAR_ITEM_ELEMENTO (PIE_ID, PIE_NM, PIE_DS_END_MANUAL, PEL_ID, PIE_NU_ORDEM, MET_ID, PIE_DH_ATUALZ, PIE_CD_OPER_ATUALZ, PIE_NU_VERSAO) VALUES (1066, 'Nível de terceirização', '', 1044, 3, 10000, '2014-03-17 00:00:00', 'script', 1);
INSERT INTO SUP.PIE_PAR_ITEM_ELEMENTO (PIE_ID, PIE_NM, PIE_DS_END_MANUAL, PEL_ID, PIE_NU_ORDEM, MET_ID, PIE_DH_ATUALZ, PIE_CD_OPER_ATUALZ, PIE_NU_VERSAO) VALUES (1067, 'Clientes considerados pessoas politicamente expostas (PPEs)', '', 1049, 1, 10000, '2014-03-17 00:00:00', 'script', 1);
INSERT INTO SUP.PIE_PAR_ITEM_ELEMENTO (PIE_ID, PIE_NM, PIE_DS_END_MANUAL, PEL_ID, PIE_NU_ORDEM, MET_ID, PIE_DH_ATUALZ, PIE_CD_OPER_ATUALZ, PIE_NU_VERSAO) VALUES (1068, 'Clientes citados em notícias sobre LD ou sobre crimes antecedentes ao crime de LD', '', 1049, 2, 10000, '2014-03-17 00:00:00', 'script', 1);
INSERT INTO SUP.PIE_PAR_ITEM_ELEMENTO (PIE_ID, PIE_NM, PIE_DS_END_MANUAL, PEL_ID, PIE_NU_ORDEM, MET_ID, PIE_DH_ATUALZ, PIE_CD_OPER_ATUALZ, PIE_NU_VERSAO) VALUES (1069, 'Clientes private', '', 1049, 3, 10000, '2014-03-17 00:00:00', 'script', 1);
INSERT INTO SUP.PIE_PAR_ITEM_ELEMENTO (PIE_ID, PIE_NM, PIE_DS_END_MANUAL, PEL_ID, PIE_NU_ORDEM, MET_ID, PIE_DH_ATUALZ, PIE_CD_OPER_ATUALZ, PIE_NU_VERSAO) VALUES (1070, 'Outros clientes cujas atividades são mais propícias à LD', '', 1049, 4, 10000, '2014-03-17 00:00:00', 'script', 1);
INSERT INTO SUP.PIE_PAR_ITEM_ELEMENTO (PIE_ID, PIE_NM, PIE_DS_END_MANUAL, PEL_ID, PIE_NU_ORDEM, MET_ID, PIE_DH_ATUALZ, PIE_CD_OPER_ATUALZ, PIE_NU_VERSAO) VALUES (1071, 'Contas de depósito', '', 1050, 1, 10000, '2014-03-17 00:00:00', 'script', 1);
INSERT INTO SUP.PIE_PAR_ITEM_ELEMENTO (PIE_ID, PIE_NM, PIE_DS_END_MANUAL, PEL_ID, PIE_NU_ORDEM, MET_ID, PIE_DH_ATUALZ, PIE_CD_OPER_ATUALZ, PIE_NU_VERSAO) VALUES (1072, 'Câmbio', '', 1050, 2, 10000, '2014-03-17 00:00:00', 'script', 1);
INSERT INTO SUP.PIE_PAR_ITEM_ELEMENTO (PIE_ID, PIE_NM, PIE_DS_END_MANUAL, PEL_ID, PIE_NU_ORDEM, MET_ID, PIE_DH_ATUALZ, PIE_CD_OPER_ATUALZ, PIE_NU_VERSAO) VALUES (1073, 'Fundos de investimento', '', 1050, 3, 10000, '2014-03-17 00:00:00', 'script', 1);
INSERT INTO SUP.PIE_PAR_ITEM_ELEMENTO (PIE_ID, PIE_NM, PIE_DS_END_MANUAL, PEL_ID, PIE_NU_ORDEM, MET_ID, PIE_DH_ATUALZ, PIE_CD_OPER_ATUALZ, PIE_NU_VERSAO) VALUES (1074, 'Outras operações em espécie', '', 1050, 4, 10000, '2014-03-17 00:00:00', 'script', 1);
INSERT INTO SUP.PIE_PAR_ITEM_ELEMENTO (PIE_ID, PIE_NM, PIE_DS_END_MANUAL, PEL_ID, PIE_NU_ORDEM, MET_ID, PIE_DH_ATUALZ, PIE_CD_OPER_ATUALZ, PIE_NU_VERSAO) VALUES (1075, 'Presença internacional', '', 1051, 1, 10000, '2014-03-17 00:00:00', 'script', 1);
INSERT INTO SUP.PIE_PAR_ITEM_ELEMENTO (PIE_ID, PIE_NM, PIE_DS_END_MANUAL, PEL_ID, PIE_NU_ORDEM, MET_ID, PIE_DH_ATUALZ, PIE_CD_OPER_ATUALZ, PIE_NU_VERSAO) VALUES (1076, 'Rede de atendimento', '', 1051, 2, 10000, '2014-03-17 00:00:00', 'script', 1);
INSERT INTO SUP.PIE_PAR_ITEM_ELEMENTO (PIE_ID, PIE_NM, PIE_DS_END_MANUAL, PEL_ID, PIE_NU_ORDEM, MET_ID, PIE_DH_ATUALZ, PIE_CD_OPER_ATUALZ, PIE_NU_VERSAO) VALUES (1077, 'Correspondentes bancários', '', 1051, 3, 10000, '2014-03-17 00:00:00', 'script', 1);
INSERT INTO SUP.PIE_PAR_ITEM_ELEMENTO (PIE_ID, PIE_NM, PIE_DS_END_MANUAL, PEL_ID, PIE_NU_ORDEM, MET_ID, PIE_DH_ATUALZ, PIE_CD_OPER_ATUALZ, PIE_NU_VERSAO) VALUES (1078, 'Estratégias e políticas para gestão do risco de crédito', '', 1005, 1, 10000, '2014-03-17 00:00:00', 'script', 1);
INSERT INTO SUP.PIE_PAR_ITEM_ELEMENTO (PIE_ID, PIE_NM, PIE_DS_END_MANUAL, PEL_ID, PIE_NU_ORDEM, MET_ID, PIE_DH_ATUALZ, PIE_CD_OPER_ATUALZ, PIE_NU_VERSAO) VALUES (1079, 'Estrutura da área de crédito', '', 1005, 2, 10000, '2014-03-17 00:00:00', 'script', 1);
INSERT INTO SUP.PIE_PAR_ITEM_ELEMENTO (PIE_ID, PIE_NM, PIE_DS_END_MANUAL, PEL_ID, PIE_NU_ORDEM, MET_ID, PIE_DH_ATUALZ, PIE_CD_OPER_ATUALZ, PIE_NU_VERSAO) VALUES (1080, 'Comitês de crédito', '', 1005, 3, 10000, '2014-03-17 00:00:00', 'script', 1);
INSERT INTO SUP.PIE_PAR_ITEM_ELEMENTO (PIE_ID, PIE_NM, PIE_DS_END_MANUAL, PEL_ID, PIE_NU_ORDEM, MET_ID, PIE_DH_ATUALZ, PIE_CD_OPER_ATUALZ, PIE_NU_VERSAO) VALUES (1081, 'Gestão do risco de inadimplência', '', 1006, 1, 10000, '2014-03-17 00:00:00', 'script', 1);
INSERT INTO SUP.PIE_PAR_ITEM_ELEMENTO (PIE_ID, PIE_NM, PIE_DS_END_MANUAL, PEL_ID, PIE_NU_ORDEM, MET_ID, PIE_DH_ATUALZ, PIE_CD_OPER_ATUALZ, PIE_NU_VERSAO) VALUES (1082, 'Gestão do risco de concentração', '', 1006, 2, 10000, '2014-03-17 00:00:00', 'script', 1);
INSERT INTO SUP.PIE_PAR_ITEM_ELEMENTO (PIE_ID, PIE_NM, PIE_DS_END_MANUAL, PEL_ID, PIE_NU_ORDEM, MET_ID, PIE_DH_ATUALZ, PIE_CD_OPER_ATUALZ, PIE_NU_VERSAO) VALUES (1083, 'Gestão de mitigadores de risco', '', 1006, 3, 10000, '2014-03-17 00:00:00', 'script', 1);
INSERT INTO SUP.PIE_PAR_ITEM_ELEMENTO (PIE_ID, PIE_NM, PIE_DS_END_MANUAL, PEL_ID, PIE_NU_ORDEM, MET_ID, PIE_DH_ATUALZ, PIE_CD_OPER_ATUALZ, PIE_NU_VERSAO) VALUES (1084, 'Gestão do risco de liquidação', '', 1006, 4, 10000, '2014-03-17 00:00:00', 'script', 1);
INSERT INTO SUP.PIE_PAR_ITEM_ELEMENTO (PIE_ID, PIE_NM, PIE_DS_END_MANUAL, PEL_ID, PIE_NU_ORDEM, MET_ID, PIE_DH_ATUALZ, PIE_CD_OPER_ATUALZ, PIE_NU_VERSAO) VALUES (1085, 'Gestão do risco de crédito de contraparte - RCC', '', 1006, 5, 10000, '2014-03-17 00:00:00', 'script', 1);
INSERT INTO SUP.PIE_PAR_ITEM_ELEMENTO (PIE_ID, PIE_NM, PIE_DS_END_MANUAL, PEL_ID, PIE_NU_ORDEM, MET_ID, PIE_DH_ATUALZ, PIE_CD_OPER_ATUALZ, PIE_NU_VERSAO) VALUES (1086, 'Controles específicos', '', 1007, 1, 10000, '2014-03-17 00:00:00', 'script', 1);
INSERT INTO SUP.PIE_PAR_ITEM_ELEMENTO (PIE_ID, PIE_NM, PIE_DS_END_MANUAL, PEL_ID, PIE_NU_ORDEM, MET_ID, PIE_DH_ATUALZ, PIE_CD_OPER_ATUALZ, PIE_NU_VERSAO) VALUES (1087, 'Informação', '', 1007, 1, 10000, '2014-03-17 00:00:00', 'script', 1);
INSERT INTO SUP.PIE_PAR_ITEM_ELEMENTO (PIE_ID, PIE_NM, PIE_DS_END_MANUAL, PEL_ID, PIE_NU_ORDEM, MET_ID, PIE_DH_ATUALZ, PIE_CD_OPER_ATUALZ, PIE_NU_VERSAO) VALUES (1088, 'Comunicação', '', 1007, 2, 10000, '2014-03-17 00:00:00', 'script', 1);
INSERT INTO SUP.PIE_PAR_ITEM_ELEMENTO (PIE_ID, PIE_NM, PIE_DS_END_MANUAL, PEL_ID, PIE_NU_ORDEM, MET_ID, PIE_DH_ATUALZ, PIE_CD_OPER_ATUALZ, PIE_NU_VERSAO) VALUES (1089, 'Revisão das estratégias, políticas e limites de crédito', '', 1008, 1, 10000, '2014-03-17 00:00:00', 'script', 1);
INSERT INTO SUP.PIE_PAR_ITEM_ELEMENTO (PIE_ID, PIE_NM, PIE_DS_END_MANUAL, PEL_ID, PIE_NU_ORDEM, MET_ID, PIE_DH_ATUALZ, PIE_CD_OPER_ATUALZ, PIE_NU_VERSAO) VALUES (1090, 'Monitoramento de risco de crédito', '', 1008, 2, 10000, '2014-03-17 00:00:00', 'script', 1);
INSERT INTO SUP.PIE_PAR_ITEM_ELEMENTO (PIE_ID, PIE_NM, PIE_DS_END_MANUAL, PEL_ID, PIE_NU_ORDEM, MET_ID, PIE_DH_ATUALZ, PIE_CD_OPER_ATUALZ, PIE_NU_VERSAO) VALUES (1091, 'Auditoria interna', '', 1008, 3, 10000, '2014-03-17 00:00:00', 'script', 1);
INSERT INTO SUP.PIE_PAR_ITEM_ELEMENTO (PIE_ID, PIE_NM, PIE_DS_END_MANUAL, PEL_ID, PIE_NU_ORDEM, MET_ID, PIE_DH_ATUALZ, PIE_CD_OPER_ATUALZ, PIE_NU_VERSAO) VALUES (1092, 'Estratégias e políticas', '', 1012, 1, 10000, '2014-03-17 00:00:00', 'script', 1);
INSERT INTO SUP.PIE_PAR_ITEM_ELEMENTO (PIE_ID, PIE_NM, PIE_DS_END_MANUAL, PEL_ID, PIE_NU_ORDEM, MET_ID, PIE_DH_ATUALZ, PIE_CD_OPER_ATUALZ, PIE_NU_VERSAO) VALUES (1093, 'Alta administração', '', 1012, 2, 10000, '2014-03-17 00:00:00', 'script', 1);
INSERT INTO SUP.PIE_PAR_ITEM_ELEMENTO (PIE_ID, PIE_NM, PIE_DS_END_MANUAL, PEL_ID, PIE_NU_ORDEM, MET_ID, PIE_DH_ATUALZ, PIE_CD_OPER_ATUALZ, PIE_NU_VERSAO) VALUES (1094, 'Sistemas de mensuração', '', 1013, 1, 10000, '2014-03-17 00:00:00', 'script', 1);
INSERT INTO SUP.PIE_PAR_ITEM_ELEMENTO (PIE_ID, PIE_NM, PIE_DS_END_MANUAL, PEL_ID, PIE_NU_ORDEM, MET_ID, PIE_DH_ATUALZ, PIE_CD_OPER_ATUALZ, PIE_NU_VERSAO) VALUES (1095, 'Marcação a mercado das posições', '', 1013, 2, 10000, '2014-03-17 00:00:00', 'script', 1);
INSERT INTO SUP.PIE_PAR_ITEM_ELEMENTO (PIE_ID, PIE_NM, PIE_DS_END_MANUAL, PEL_ID, PIE_NU_ORDEM, MET_ID, PIE_DH_ATUALZ, PIE_CD_OPER_ATUALZ, PIE_NU_VERSAO) VALUES (1096, 'Mensuração do risco de mercado', '', 1013, 3, 10000, '2014-03-17 00:00:00', 'script', 1);
INSERT INTO SUP.PIE_PAR_ITEM_ELEMENTO (PIE_ID, PIE_NM, PIE_DS_END_MANUAL, PEL_ID, PIE_NU_ORDEM, MET_ID, PIE_DH_ATUALZ, PIE_CD_OPER_ATUALZ, PIE_NU_VERSAO) VALUES (1097, 'Mensuração do risco de taxa de juros no banking book', '', 1013, 4, 10000, '2014-03-17 00:00:00', 'script', 1);
INSERT INTO SUP.PIE_PAR_ITEM_ELEMENTO (PIE_ID, PIE_NM, PIE_DS_END_MANUAL, PEL_ID, PIE_NU_ORDEM, MET_ID, PIE_DH_ATUALZ, PIE_CD_OPER_ATUALZ, PIE_NU_VERSAO) VALUES (1098, 'Estrutura de limites', '', 1014, 1, 10000, '2014-03-17 00:00:00', 'script', 1);
INSERT INTO SUP.PIE_PAR_ITEM_ELEMENTO (PIE_ID, PIE_NM, PIE_DS_END_MANUAL, PEL_ID, PIE_NU_ORDEM, MET_ID, PIE_DH_ATUALZ, PIE_CD_OPER_ATUALZ, PIE_NU_VERSAO) VALUES (1099, 'Testes de estresse', '', 1014, 2, 10000, '2014-03-17 00:00:00', 'script', 1);
INSERT INTO SUP.PIE_PAR_ITEM_ELEMENTO (PIE_ID, PIE_NM, PIE_DS_END_MANUAL, PEL_ID, PIE_NU_ORDEM, MET_ID, PIE_DH_ATUALZ, PIE_CD_OPER_ATUALZ, PIE_NU_VERSAO) VALUES (1100, 'Função de controle do risco de mercado', '', 1014, 3, 10000, '2014-03-17 00:00:00', 'script', 1);
INSERT INTO SUP.PIE_PAR_ITEM_ELEMENTO (PIE_ID, PIE_NM, PIE_DS_END_MANUAL, PEL_ID, PIE_NU_ORDEM, MET_ID, PIE_DH_ATUALZ, PIE_CD_OPER_ATUALZ, PIE_NU_VERSAO) VALUES (1101, 'Manuais', '', 1015, 1, 10000, '2014-03-17 00:00:00', 'script', 1);
INSERT INTO SUP.PIE_PAR_ITEM_ELEMENTO (PIE_ID, PIE_NM, PIE_DS_END_MANUAL, PEL_ID, PIE_NU_ORDEM, MET_ID, PIE_DH_ATUALZ, PIE_CD_OPER_ATUALZ, PIE_NU_VERSAO) VALUES (1102, 'Relatórios', '', 1015, 2, 10000, '2014-03-17 00:00:00', 'script', 1);
INSERT INTO SUP.PIE_PAR_ITEM_ELEMENTO (PIE_ID, PIE_NM, PIE_DS_END_MANUAL, PEL_ID, PIE_NU_ORDEM, MET_ID, PIE_DH_ATUALZ, PIE_CD_OPER_ATUALZ, PIE_NU_VERSAO) VALUES (1103, 'Informações de mercado', '', 1015, 3, 10000, '2014-03-17 00:00:00', 'script', 1);
INSERT INTO SUP.PIE_PAR_ITEM_ELEMENTO (PIE_ID, PIE_NM, PIE_DS_END_MANUAL, PEL_ID, PIE_NU_ORDEM, MET_ID, PIE_DH_ATUALZ, PIE_CD_OPER_ATUALZ, PIE_NU_VERSAO) VALUES (1104, 'Avaliação do modelo', '', 1016, 1, 10000, '2014-03-17 00:00:00', 'script', 1);
INSERT INTO SUP.PIE_PAR_ITEM_ELEMENTO (PIE_ID, PIE_NM, PIE_DS_END_MANUAL, PEL_ID, PIE_NU_ORDEM, MET_ID, PIE_DH_ATUALZ, PIE_CD_OPER_ATUALZ, PIE_NU_VERSAO) VALUES (1105, 'Revisão da estrutura de gestão de risco', '', 1016, 2, 10000, '2014-03-17 00:00:00', 'script', 1);
INSERT INTO SUP.PIE_PAR_ITEM_ELEMENTO (PIE_ID, PIE_NM, PIE_DS_END_MANUAL, PEL_ID, PIE_NU_ORDEM, MET_ID, PIE_DH_ATUALZ, PIE_CD_OPER_ATUALZ, PIE_NU_VERSAO) VALUES (1106, 'Auditoria interna', '', 1016, 3, 10000, '2014-03-17 00:00:00', 'script', 1);
INSERT INTO SUP.PIE_PAR_ITEM_ELEMENTO (PIE_ID, PIE_NM, PIE_DS_END_MANUAL, PEL_ID, PIE_NU_ORDEM, MET_ID, PIE_DH_ATUALZ, PIE_CD_OPER_ATUALZ, PIE_NU_VERSAO) VALUES (1107, 'Estratégia e políticas', '', 1020, 1, 10000, '2014-03-17 00:00:00', 'script', 1);
INSERT INTO SUP.PIE_PAR_ITEM_ELEMENTO (PIE_ID, PIE_NM, PIE_DS_END_MANUAL, PEL_ID, PIE_NU_ORDEM, MET_ID, PIE_DH_ATUALZ, PIE_CD_OPER_ATUALZ, PIE_NU_VERSAO) VALUES (1108, 'Alta administração', '', 1020, 2, 10000, '2014-03-17 00:00:00', 'script', 1);
INSERT INTO SUP.PIE_PAR_ITEM_ELEMENTO (PIE_ID, PIE_NM, PIE_DS_END_MANUAL, PEL_ID, PIE_NU_ORDEM, MET_ID, PIE_DH_ATUALZ, PIE_CD_OPER_ATUALZ, PIE_NU_VERSAO) VALUES (1109, 'Sistemas de mensuração', '', 1021, 1, 10000, '2014-03-17 00:00:00', 'script', 1);
INSERT INTO SUP.PIE_PAR_ITEM_ELEMENTO (PIE_ID, PIE_NM, PIE_DS_END_MANUAL, PEL_ID, PIE_NU_ORDEM, MET_ID, PIE_DH_ATUALZ, PIE_CD_OPER_ATUALZ, PIE_NU_VERSAO) VALUES (1110, 'Projeções de fluxo de caixa por cenários', '', 1021, 2, 10000, '2014-03-17 00:00:00', 'script', 1);
INSERT INTO SUP.PIE_PAR_ITEM_ELEMENTO (PIE_ID, PIE_NM, PIE_DS_END_MANUAL, PEL_ID, PIE_NU_ORDEM, MET_ID, PIE_DH_ATUALZ, PIE_CD_OPER_ATUALZ, PIE_NU_VERSAO) VALUES (1111, 'Estrutura de limites', '', 1022, 1, 10000, '2014-03-17 00:00:00', 'script', 1);
INSERT INTO SUP.PIE_PAR_ITEM_ELEMENTO (PIE_ID, PIE_NM, PIE_DS_END_MANUAL, PEL_ID, PIE_NU_ORDEM, MET_ID, PIE_DH_ATUALZ, PIE_CD_OPER_ATUALZ, PIE_NU_VERSAO) VALUES (1112, 'Plano de contingência', '', 1022, 2, 10000, '2014-03-17 00:00:00', 'script', 1);
INSERT INTO SUP.PIE_PAR_ITEM_ELEMENTO (PIE_ID, PIE_NM, PIE_DS_END_MANUAL, PEL_ID, PIE_NU_ORDEM, MET_ID, PIE_DH_ATUALZ, PIE_CD_OPER_ATUALZ, PIE_NU_VERSAO) VALUES (1113, 'Função de controle do risco de liquidez', '', 1022, 3, 10000, '2014-03-17 00:00:00', 'script', 1);
INSERT INTO SUP.PIE_PAR_ITEM_ELEMENTO (PIE_ID, PIE_NM, PIE_DS_END_MANUAL, PEL_ID, PIE_NU_ORDEM, MET_ID, PIE_DH_ATUALZ, PIE_CD_OPER_ATUALZ, PIE_NU_VERSAO) VALUES (1114, 'Manuais', '', 1023, 1, 10000, '2014-03-17 00:00:00', 'script', 1);
INSERT INTO SUP.PIE_PAR_ITEM_ELEMENTO (PIE_ID, PIE_NM, PIE_DS_END_MANUAL, PEL_ID, PIE_NU_ORDEM, MET_ID, PIE_DH_ATUALZ, PIE_CD_OPER_ATUALZ, PIE_NU_VERSAO) VALUES (1115, 'Relatórios', '', 1023, 2, 10000, '2014-03-17 00:00:00', 'script', 1);
INSERT INTO SUP.PIE_PAR_ITEM_ELEMENTO (PIE_ID, PIE_NM, PIE_DS_END_MANUAL, PEL_ID, PIE_NU_ORDEM, MET_ID, PIE_DH_ATUALZ, PIE_CD_OPER_ATUALZ, PIE_NU_VERSAO) VALUES (1116, 'Revisão da estrutura de gestão de risco', '', 1024, 1, 10000, '2014-03-17 00:00:00', 'script', 1);
INSERT INTO SUP.PIE_PAR_ITEM_ELEMENTO (PIE_ID, PIE_NM, PIE_DS_END_MANUAL, PEL_ID, PIE_NU_ORDEM, MET_ID, PIE_DH_ATUALZ, PIE_CD_OPER_ATUALZ, PIE_NU_VERSAO) VALUES (1117, 'Auditoria interna', '', 1024, 2, 10000, '2014-03-17 00:00:00', 'script', 1);
INSERT INTO SUP.PIE_PAR_ITEM_ELEMENTO (PIE_ID, PIE_NM, PIE_DS_END_MANUAL, PEL_ID, PIE_NU_ORDEM, MET_ID, PIE_DH_ATUALZ, PIE_CD_OPER_ATUALZ, PIE_NU_VERSAO) VALUES (1118, 'Definição de responsabilidades', '', 1028, 1, 10000, '2014-03-17 00:00:00', 'script', 1);
INSERT INTO SUP.PIE_PAR_ITEM_ELEMENTO (PIE_ID, PIE_NM, PIE_DS_END_MANUAL, PEL_ID, PIE_NU_ORDEM, MET_ID, PIE_DH_ATUALZ, PIE_CD_OPER_ATUALZ, PIE_NU_VERSAO) VALUES (1119, 'Planejamento estratégico', '', 1028, 2, 10000, '2014-03-17 00:00:00', 'script', 1);
INSERT INTO SUP.PIE_PAR_ITEM_ELEMENTO (PIE_ID, PIE_NM, PIE_DS_END_MANUAL, PEL_ID, PIE_NU_ORDEM, MET_ID, PIE_DH_ATUALZ, PIE_CD_OPER_ATUALZ, PIE_NU_VERSAO) VALUES (1120, 'Auditoria interna', '', 1028, 3, 10000, '2014-03-17 00:00:00', 'script', 1);
INSERT INTO SUP.PIE_PAR_ITEM_ELEMENTO (PIE_ID, PIE_NM, PIE_DS_END_MANUAL, PEL_ID, PIE_NU_ORDEM, MET_ID, PIE_DH_ATUALZ, PIE_CD_OPER_ATUALZ, PIE_NU_VERSAO) VALUES (1121, 'Sistemas de informações contábeis e gerenciais', '', 1029, 1, 10000, '2014-03-17 00:00:00', 'script', 1);
INSERT INTO SUP.PIE_PAR_ITEM_ELEMENTO (PIE_ID, PIE_NM, PIE_DS_END_MANUAL, PEL_ID, PIE_NU_ORDEM, MET_ID, PIE_DH_ATUALZ, PIE_CD_OPER_ATUALZ, PIE_NU_VERSAO) VALUES (1122, 'Canais de comunicação', '', 1029, 2, 10000, '2014-03-17 00:00:00', 'script', 1);
INSERT INTO SUP.PIE_PAR_ITEM_ELEMENTO (PIE_ID, PIE_NM, PIE_DS_END_MANUAL, PEL_ID, PIE_NU_ORDEM, MET_ID, PIE_DH_ATUALZ, PIE_CD_OPER_ATUALZ, PIE_NU_VERSAO) VALUES (1123, 'Ética e integridade', '', 1062, 1, 10000, '2014-03-17 00:00:00', 'script', 1);
INSERT INTO SUP.PIE_PAR_ITEM_ELEMENTO (PIE_ID, PIE_NM, PIE_DS_END_MANUAL, PEL_ID, PIE_NU_ORDEM, MET_ID, PIE_DH_ATUALZ, PIE_CD_OPER_ATUALZ, PIE_NU_VERSAO) VALUES (1124, 'Políticas de gestão do risco operacional', '', 1062, 2, 10000, '2014-03-17 00:00:00', 'script', 1);
INSERT INTO SUP.PIE_PAR_ITEM_ELEMENTO (PIE_ID, PIE_NM, PIE_DS_END_MANUAL, PEL_ID, PIE_NU_ORDEM, MET_ID, PIE_DH_ATUALZ, PIE_CD_OPER_ATUALZ, PIE_NU_VERSAO) VALUES (1125, 'Estrutura organizacional', '', 1062, 3, 10000, '2014-03-17 00:00:00', 'script', 1);
INSERT INTO SUP.PIE_PAR_ITEM_ELEMENTO (PIE_ID, PIE_NM, PIE_DS_END_MANUAL, PEL_ID, PIE_NU_ORDEM, MET_ID, PIE_DH_ATUALZ, PIE_CD_OPER_ATUALZ, PIE_NU_VERSAO) VALUES (1126, 'Gestão de recursos humanos e competência administrativa', '', 1062, 4, 10000, '2014-03-17 00:00:00', 'script', 1);
INSERT INTO SUP.PIE_PAR_ITEM_ELEMENTO (PIE_ID, PIE_NM, PIE_DS_END_MANUAL, PEL_ID, PIE_NU_ORDEM, MET_ID, PIE_DH_ATUALZ, PIE_CD_OPER_ATUALZ, PIE_NU_VERSAO) VALUES (1127, 'Envolvimento dos gestores das unidades de negócio', '', 1062, 5, 10000, '2014-03-17 00:00:00', 'script', 1);
INSERT INTO SUP.PIE_PAR_ITEM_ELEMENTO (PIE_ID, PIE_NM, PIE_DS_END_MANUAL, PEL_ID, PIE_NU_ORDEM, MET_ID, PIE_DH_ATUALZ, PIE_CD_OPER_ATUALZ, PIE_NU_VERSAO) VALUES (1128, 'Identificação e avaliação', '', 1063, 1, 10000, '2014-03-17 00:00:00', 'script', 1);
INSERT INTO SUP.PIE_PAR_ITEM_ELEMENTO (PIE_ID, PIE_NM, PIE_DS_END_MANUAL, PEL_ID, PIE_NU_ORDEM, MET_ID, PIE_DH_ATUALZ, PIE_CD_OPER_ATUALZ, PIE_NU_VERSAO) VALUES (1129, 'Atividades de controle', '', 1064, 1, 10000, '2014-03-17 00:00:00', 'script', 1);
INSERT INTO SUP.PIE_PAR_ITEM_ELEMENTO (PIE_ID, PIE_NM, PIE_DS_END_MANUAL, PEL_ID, PIE_NU_ORDEM, MET_ID, PIE_DH_ATUALZ, PIE_CD_OPER_ATUALZ, PIE_NU_VERSAO) VALUES (1130, 'Informações gerenciais', '', 1065, 1, 10000, '2014-03-17 00:00:00', 'script', 1);
INSERT INTO SUP.PIE_PAR_ITEM_ELEMENTO (PIE_ID, PIE_NM, PIE_DS_END_MANUAL, PEL_ID, PIE_NU_ORDEM, MET_ID, PIE_DH_ATUALZ, PIE_CD_OPER_ATUALZ, PIE_NU_VERSAO) VALUES (1131, 'Canais de comunicação', '', 1065, 2, 10000, '2014-03-17 00:00:00', 'script', 1);
INSERT INTO SUP.PIE_PAR_ITEM_ELEMENTO (PIE_ID, PIE_NM, PIE_DS_END_MANUAL, PEL_ID, PIE_NU_ORDEM, MET_ID, PIE_DH_ATUALZ, PIE_CD_OPER_ATUALZ, PIE_NU_VERSAO) VALUES (1132, 'Monitoramento', '', 1066, 1, 10000, '2014-03-17 00:00:00', 'script', 1);
INSERT INTO SUP.PIE_PAR_ITEM_ELEMENTO (PIE_ID, PIE_NM, PIE_DS_END_MANUAL, PEL_ID, PIE_NU_ORDEM, MET_ID, PIE_DH_ATUALZ, PIE_CD_OPER_ATUALZ, PIE_NU_VERSAO) VALUES (1133, 'Auditoria interna', '', 1066, 2, 10000, '2014-03-17 00:00:00', 'script', 1);
INSERT INTO SUP.PIE_PAR_ITEM_ELEMENTO (PIE_ID, PIE_NM, PIE_DS_END_MANUAL, PEL_ID, PIE_NU_ORDEM, MET_ID, PIE_DH_ATUALZ, PIE_CD_OPER_ATUALZ, PIE_NU_VERSAO) VALUES (1134, 'Avaliação do relacionamento com clientes', '', 1032, 1, 10000, '2014-03-17 00:00:00', 'script', 1);
INSERT INTO SUP.PIE_PAR_ITEM_ELEMENTO (PIE_ID, PIE_NM, PIE_DS_END_MANUAL, PEL_ID, PIE_NU_ORDEM, MET_ID, PIE_DH_ATUALZ, PIE_CD_OPER_ATUALZ, PIE_NU_VERSAO) VALUES (1135, 'Governança e apontamentos internos', '', 1032, 2, 10000, '2014-03-17 00:00:00', 'script', 1);
INSERT INTO SUP.PIE_PAR_ITEM_ELEMENTO (PIE_ID, PIE_NM, PIE_DS_END_MANUAL, PEL_ID, PIE_NU_ORDEM, MET_ID, PIE_DH_ATUALZ, PIE_CD_OPER_ATUALZ, PIE_NU_VERSAO) VALUES (1136, 'Demonstrações financeiras', '', 1033, 1, 10000, '2014-03-17 00:00:00', 'script', 1);
INSERT INTO SUP.PIE_PAR_ITEM_ELEMENTO (PIE_ID, PIE_NM, PIE_DS_END_MANUAL, PEL_ID, PIE_NU_ORDEM, MET_ID, PIE_DH_ATUALZ, PIE_CD_OPER_ATUALZ, PIE_NU_VERSAO) VALUES (1137, 'Relacionamento com os investidores', '', 1033, 2, 10000, '2014-03-17 00:00:00', 'script', 1);
INSERT INTO SUP.PIE_PAR_ITEM_ELEMENTO (PIE_ID, PIE_NM, PIE_DS_END_MANUAL, PEL_ID, PIE_NU_ORDEM, MET_ID, PIE_DH_ATUALZ, PIE_CD_OPER_ATUALZ, PIE_NU_VERSAO) VALUES (1138, 'Relacionamento com a imprensa', '', 1033, 3, 10000, '2014-03-17 00:00:00', 'script', 1);
INSERT INTO SUP.PIE_PAR_ITEM_ELEMENTO (PIE_ID, PIE_NM, PIE_DS_END_MANUAL, PEL_ID, PIE_NU_ORDEM, MET_ID, PIE_DH_ATUALZ, PIE_CD_OPER_ATUALZ, PIE_NU_VERSAO) VALUES (1139, 'Gestão da imagem corporativa', '', 1033, 4, 10000, '2014-03-17 00:00:00', 'script', 1);
INSERT INTO SUP.PIE_PAR_ITEM_ELEMENTO (PIE_ID, PIE_NM, PIE_DS_END_MANUAL, PEL_ID, PIE_NU_ORDEM, MET_ID, PIE_DH_ATUALZ, PIE_CD_OPER_ATUALZ, PIE_NU_VERSAO) VALUES (1140, 'Gerenciamento de ameaças à reputação', '', 1033, 5, 10000, '2014-03-17 00:00:00', 'script', 1);
INSERT INTO SUP.PIE_PAR_ITEM_ELEMENTO (PIE_ID, PIE_NM, PIE_DS_END_MANUAL, PEL_ID, PIE_NU_ORDEM, MET_ID, PIE_DH_ATUALZ, PIE_CD_OPER_ATUALZ, PIE_NU_VERSAO) VALUES (1141, 'Gerenciamento de não conformidades e padrões de conduta', '', 1034, 1, 10000, '2014-03-17 00:00:00', 'script', 1);
INSERT INTO SUP.PIE_PAR_ITEM_ELEMENTO (PIE_ID, PIE_NM, PIE_DS_END_MANUAL, PEL_ID, PIE_NU_ORDEM, MET_ID, PIE_DH_ATUALZ, PIE_CD_OPER_ATUALZ, PIE_NU_VERSAO) VALUES (1142, 'Gerenciamento de demandas de órgãos reguladores ', '', 1034, 2, 10000, '2014-03-17 00:00:00', 'script', 1);
INSERT INTO SUP.PIE_PAR_ITEM_ELEMENTO (PIE_ID, PIE_NM, PIE_DS_END_MANUAL, PEL_ID, PIE_NU_ORDEM, MET_ID, PIE_DH_ATUALZ, PIE_CD_OPER_ATUALZ, PIE_NU_VERSAO) VALUES (1143, 'Conformidade com aspectos de supervisão de conduta', '', 1035, 1, 10000, '2014-03-17 00:00:00', 'script', 1);
INSERT INTO SUP.PIE_PAR_ITEM_ELEMENTO (PIE_ID, PIE_NM, PIE_DS_END_MANUAL, PEL_ID, PIE_NU_ORDEM, MET_ID, PIE_DH_ATUALZ, PIE_CD_OPER_ATUALZ, PIE_NU_VERSAO) VALUES (1144, 'Conselho de administração e diretoria executiva', '', 1038, 1, 10000, '2014-03-17 00:00:00', 'script', 1);
INSERT INTO SUP.PIE_PAR_ITEM_ELEMENTO (PIE_ID, PIE_NM, PIE_DS_END_MANUAL, PEL_ID, PIE_NU_ORDEM, MET_ID, PIE_DH_ATUALZ, PIE_CD_OPER_ATUALZ, PIE_NU_VERSAO) VALUES (1145, 'Comitê de auditoria', '', 1038, 2, 10000, '2014-03-17 00:00:00', 'script', 1);
INSERT INTO SUP.PIE_PAR_ITEM_ELEMENTO (PIE_ID, PIE_NM, PIE_DS_END_MANUAL, PEL_ID, PIE_NU_ORDEM, MET_ID, PIE_DH_ATUALZ, PIE_CD_OPER_ATUALZ, PIE_NU_VERSAO) VALUES (1146, 'Comitê de remuneração / Política de remuneração', '', 1038, 3, 10000, '2014-03-17 00:00:00', 'script', 1);
INSERT INTO SUP.PIE_PAR_ITEM_ELEMENTO (PIE_ID, PIE_NM, PIE_DS_END_MANUAL, PEL_ID, PIE_NU_ORDEM, MET_ID, PIE_DH_ATUALZ, PIE_CD_OPER_ATUALZ, PIE_NU_VERSAO) VALUES (1147, 'Conselho Fiscal', '', 1038, 4, 10000, '2014-03-17 00:00:00', 'script', 1);
INSERT INTO SUP.PIE_PAR_ITEM_ELEMENTO (PIE_ID, PIE_NM, PIE_DS_END_MANUAL, PEL_ID, PIE_NU_ORDEM, MET_ID, PIE_DH_ATUALZ, PIE_CD_OPER_ATUALZ, PIE_NU_VERSAO) VALUES (1148, 'Processo de planejamento estratégico', '', 1039, 1, 10000, '2014-03-17 00:00:00', 'script', 1);
INSERT INTO SUP.PIE_PAR_ITEM_ELEMENTO (PIE_ID, PIE_NM, PIE_DS_END_MANUAL, PEL_ID, PIE_NU_ORDEM, MET_ID, PIE_DH_ATUALZ, PIE_CD_OPER_ATUALZ, PIE_NU_VERSAO) VALUES (1149, 'Implantação da estratégia', '', 1039, 2, 10000, '2014-03-17 00:00:00', 'script', 1);
INSERT INTO SUP.PIE_PAR_ITEM_ELEMENTO (PIE_ID, PIE_NM, PIE_DS_END_MANUAL, PEL_ID, PIE_NU_ORDEM, MET_ID, PIE_DH_ATUALZ, PIE_CD_OPER_ATUALZ, PIE_NU_VERSAO) VALUES (1150, 'Plano de capital', '', 1040, 1, 10000, '2014-03-17 00:00:00', 'script', 1);
INSERT INTO SUP.PIE_PAR_ITEM_ELEMENTO (PIE_ID, PIE_NM, PIE_DS_END_MANUAL, PEL_ID, PIE_NU_ORDEM, MET_ID, PIE_DH_ATUALZ, PIE_CD_OPER_ATUALZ, PIE_NU_VERSAO) VALUES (1151, 'Políticas para a gestão de capital', '', 1040, 2, 10000, '2014-03-17 00:00:00', 'script', 1);
INSERT INTO SUP.PIE_PAR_ITEM_ELEMENTO (PIE_ID, PIE_NM, PIE_DS_END_MANUAL, PEL_ID, PIE_NU_ORDEM, MET_ID, PIE_DH_ATUALZ, PIE_CD_OPER_ATUALZ, PIE_NU_VERSAO) VALUES (1152, 'Estrutura e procedimentos para a gestão de capital', '', 1040, 3, 10000, '2014-03-17 00:00:00', 'script', 1);
INSERT INTO SUP.PIE_PAR_ITEM_ELEMENTO (PIE_ID, PIE_NM, PIE_DS_END_MANUAL, PEL_ID, PIE_NU_ORDEM, MET_ID, PIE_DH_ATUALZ, PIE_CD_OPER_ATUALZ, PIE_NU_VERSAO) VALUES (1153, 'Ambiente de controle', '', 1041, 1, 10000, '2014-03-17 00:00:00', 'script', 1);
INSERT INTO SUP.PIE_PAR_ITEM_ELEMENTO (PIE_ID, PIE_NM, PIE_DS_END_MANUAL, PEL_ID, PIE_NU_ORDEM, MET_ID, PIE_DH_ATUALZ, PIE_CD_OPER_ATUALZ, PIE_NU_VERSAO) VALUES (1154, 'Identificação e avaliação', '', 1041, 2, 10000, '2014-03-17 00:00:00', 'script', 1);
INSERT INTO SUP.PIE_PAR_ITEM_ELEMENTO (PIE_ID, PIE_NM, PIE_DS_END_MANUAL, PEL_ID, PIE_NU_ORDEM, MET_ID, PIE_DH_ATUALZ, PIE_CD_OPER_ATUALZ, PIE_NU_VERSAO) VALUES (1155, 'Atividades de controle', '', 1041, 3, 10000, '2014-03-17 00:00:00', 'script', 1);
INSERT INTO SUP.PIE_PAR_ITEM_ELEMENTO (PIE_ID, PIE_NM, PIE_DS_END_MANUAL, PEL_ID, PIE_NU_ORDEM, MET_ID, PIE_DH_ATUALZ, PIE_CD_OPER_ATUALZ, PIE_NU_VERSAO) VALUES (1156, 'Informação e comunicação', '', 1041, 4, 10000, '2014-03-17 00:00:00', 'script', 1);
INSERT INTO SUP.PIE_PAR_ITEM_ELEMENTO (PIE_ID, PIE_NM, PIE_DS_END_MANUAL, PEL_ID, PIE_NU_ORDEM, MET_ID, PIE_DH_ATUALZ, PIE_CD_OPER_ATUALZ, PIE_NU_VERSAO) VALUES (1157, 'Monitoramento', '', 1041, 5, 10000, '2014-03-17 00:00:00', 'script', 1);
INSERT INTO SUP.PIE_PAR_ITEM_ELEMENTO (PIE_ID, PIE_NM, PIE_DS_END_MANUAL, PEL_ID, PIE_NU_ORDEM, MET_ID, PIE_DH_ATUALZ, PIE_CD_OPER_ATUALZ, PIE_NU_VERSAO) VALUES (1158, 'Definição das estratégias e de investimentos em TI', '', 1045, 1, 10000, '2014-03-17 00:00:00', 'script', 1);
INSERT INTO SUP.PIE_PAR_ITEM_ELEMENTO (PIE_ID, PIE_NM, PIE_DS_END_MANUAL, PEL_ID, PIE_NU_ORDEM, MET_ID, PIE_DH_ATUALZ, PIE_CD_OPER_ATUALZ, PIE_NU_VERSAO) VALUES (1159, 'Estrutura organizacional e recursos humanos de TI', '', 1045, 2, 10000, '2014-03-17 00:00:00', 'script', 1);
INSERT INTO SUP.PIE_PAR_ITEM_ELEMENTO (PIE_ID, PIE_NM, PIE_DS_END_MANUAL, PEL_ID, PIE_NU_ORDEM, MET_ID, PIE_DH_ATUALZ, PIE_CD_OPER_ATUALZ, PIE_NU_VERSAO) VALUES (1160, 'Avaliação de riscos relativos a TI', '', 1045, 3, 10000, '2014-03-17 00:00:00', 'script', 1);
INSERT INTO SUP.PIE_PAR_ITEM_ELEMENTO (PIE_ID, PIE_NM, PIE_DS_END_MANUAL, PEL_ID, PIE_NU_ORDEM, MET_ID, PIE_DH_ATUALZ, PIE_CD_OPER_ATUALZ, PIE_NU_VERSAO) VALUES (1161, 'Procedimentos de desenvolvimento e manutenção de sistemas', '', 1046, 1, 10000, '2014-03-17 00:00:00', 'script', 1);
INSERT INTO SUP.PIE_PAR_ITEM_ELEMENTO (PIE_ID, PIE_NM, PIE_DS_END_MANUAL, PEL_ID, PIE_NU_ORDEM, MET_ID, PIE_DH_ATUALZ, PIE_CD_OPER_ATUALZ, PIE_NU_VERSAO) VALUES (1162, 'Sistemas aplicativos - integração e integridade da informação', '', 1046, 2, 10000, '2014-03-17 00:00:00', 'script', 1);
INSERT INTO SUP.PIE_PAR_ITEM_ELEMENTO (PIE_ID, PIE_NM, PIE_DS_END_MANUAL, PEL_ID, PIE_NU_ORDEM, MET_ID, PIE_DH_ATUALZ, PIE_CD_OPER_ATUALZ, PIE_NU_VERSAO) VALUES (1163, 'Procedimentos de testes, homologação e certificação de sistemas', '', 1046, 3, 10000, '2014-03-17 00:00:00', 'script', 1);
INSERT INTO SUP.PIE_PAR_ITEM_ELEMENTO (PIE_ID, PIE_NM, PIE_DS_END_MANUAL, PEL_ID, PIE_NU_ORDEM, MET_ID, PIE_DH_ATUALZ, PIE_CD_OPER_ATUALZ, PIE_NU_VERSAO) VALUES (1164, 'Gestão de demandas e gerenciamento de mudanças ', '', 1046, 4, 10000, '2014-03-17 00:00:00', 'script', 1);
INSERT INTO SUP.PIE_PAR_ITEM_ELEMENTO (PIE_ID, PIE_NM, PIE_DS_END_MANUAL, PEL_ID, PIE_NU_ORDEM, MET_ID, PIE_DH_ATUALZ, PIE_CD_OPER_ATUALZ, PIE_NU_VERSAO) VALUES (1165, 'Gestão de níveis de serviços de TI', '', 1047, 1, 10000, '2014-03-17 00:00:00', 'script', 1);
INSERT INTO SUP.PIE_PAR_ITEM_ELEMENTO (PIE_ID, PIE_NM, PIE_DS_END_MANUAL, PEL_ID, PIE_NU_ORDEM, MET_ID, PIE_DH_ATUALZ, PIE_CD_OPER_ATUALZ, PIE_NU_VERSAO) VALUES (1166, 'Gerenciamento do desempenho e da capacidade', '', 1047, 2, 10000, '2014-03-17 00:00:00', 'script', 1);
INSERT INTO SUP.PIE_PAR_ITEM_ELEMENTO (PIE_ID, PIE_NM, PIE_DS_END_MANUAL, PEL_ID, PIE_NU_ORDEM, MET_ID, PIE_DH_ATUALZ, PIE_CD_OPER_ATUALZ, PIE_NU_VERSAO) VALUES (1167, 'Garantia de segurança dos sistemas de processamento de dados', '', 1047, 3, 10000, '2014-03-17 00:00:00', 'script', 1);
INSERT INTO SUP.PIE_PAR_ITEM_ELEMENTO (PIE_ID, PIE_NM, PIE_DS_END_MANUAL, PEL_ID, PIE_NU_ORDEM, MET_ID, PIE_DH_ATUALZ, PIE_CD_OPER_ATUALZ, PIE_NU_VERSAO) VALUES (1168, 'Garantia de continuidade e gerenciamento dos dados e das instalações', '', 1047, 4, 10000, '2014-03-17 00:00:00', 'script', 1);
INSERT INTO SUP.PIE_PAR_ITEM_ELEMENTO (PIE_ID, PIE_NM, PIE_DS_END_MANUAL, PEL_ID, PIE_NU_ORDEM, MET_ID, PIE_DH_ATUALZ, PIE_CD_OPER_ATUALZ, PIE_NU_VERSAO) VALUES (1169, 'Suporte técnico e gestão de ativos, problemas e incidentes de TI', '', 1047, 5, 10000, '2014-03-17 00:00:00', 'script', 1);
INSERT INTO SUP.PIE_PAR_ITEM_ELEMENTO (PIE_ID, PIE_NM, PIE_DS_END_MANUAL, PEL_ID, PIE_NU_ORDEM, MET_ID, PIE_DH_ATUALZ, PIE_CD_OPER_ATUALZ, PIE_NU_VERSAO) VALUES (1170, 'Avaliação da adequação dos controles internos', '', 1048, 1, 10000, '2014-03-17 00:00:00', 'script', 1);
INSERT INTO SUP.PIE_PAR_ITEM_ELEMENTO (PIE_ID, PIE_NM, PIE_DS_END_MANUAL, PEL_ID, PIE_NU_ORDEM, MET_ID, PIE_DH_ATUALZ, PIE_CD_OPER_ATUALZ, PIE_NU_VERSAO) VALUES (1171, 'Certificação Independente - Auditoria externa', '', 1048, 2, 10000, '2014-03-17 00:00:00', 'script', 1);
INSERT INTO SUP.PIE_PAR_ITEM_ELEMENTO (PIE_ID, PIE_NM, PIE_DS_END_MANUAL, PEL_ID, PIE_NU_ORDEM, MET_ID, PIE_DH_ATUALZ, PIE_CD_OPER_ATUALZ, PIE_NU_VERSAO) VALUES (1172, 'Auditoria interna', '', 1048, 3, 10000, '2014-03-17 00:00:00', 'script', 1);
INSERT INTO SUP.PIE_PAR_ITEM_ELEMENTO (PIE_ID, PIE_NM, PIE_DS_END_MANUAL, PEL_ID, PIE_NU_ORDEM, MET_ID, PIE_DH_ATUALZ, PIE_CD_OPER_ATUALZ, PIE_NU_VERSAO) VALUES (1173, 'Políticas institucionais', '', 1052, 1, 10000, '2014-03-17 00:00:00', 'script', 1);
INSERT INTO SUP.PIE_PAR_ITEM_ELEMENTO (PIE_ID, PIE_NM, PIE_DS_END_MANUAL, PEL_ID, PIE_NU_ORDEM, MET_ID, PIE_DH_ATUALZ, PIE_CD_OPER_ATUALZ, PIE_NU_VERSAO) VALUES (1174, 'Diretor responsável pelos assuntos relacionados à PLD', '', 1053, 1, 10000, '2014-03-17 00:00:00', 'script', 1);
INSERT INTO SUP.PIE_PAR_ITEM_ELEMENTO (PIE_ID, PIE_NM, PIE_DS_END_MANUAL, PEL_ID, PIE_NU_ORDEM, MET_ID, PIE_DH_ATUALZ, PIE_CD_OPER_ATUALZ, PIE_NU_VERSAO) VALUES (1175, 'Área responsável pela gestão de PLD', '', 1053, 2, 10000, '2014-03-17 00:00:00', 'script', 1);
INSERT INTO SUP.PIE_PAR_ITEM_ELEMENTO (PIE_ID, PIE_NM, PIE_DS_END_MANUAL, PEL_ID, PIE_NU_ORDEM, MET_ID, PIE_DH_ATUALZ, PIE_CD_OPER_ATUALZ, PIE_NU_VERSAO) VALUES (1176, 'Seleção de situações para análise', '', 1054, 1, 10000, '2014-03-17 00:00:00', 'script', 1);
INSERT INTO SUP.PIE_PAR_ITEM_ELEMENTO (PIE_ID, PIE_NM, PIE_DS_END_MANUAL, PEL_ID, PIE_NU_ORDEM, MET_ID, PIE_DH_ATUALZ, PIE_CD_OPER_ATUALZ, PIE_NU_VERSAO) VALUES (1177, 'Análise de situações selecionadas', '', 1054, 2, 10000, '2014-03-17 00:00:00', 'script', 1);
INSERT INTO SUP.PIE_PAR_ITEM_ELEMENTO (PIE_ID, PIE_NM, PIE_DS_END_MANUAL, PEL_ID, PIE_NU_ORDEM, MET_ID, PIE_DH_ATUALZ, PIE_CD_OPER_ATUALZ, PIE_NU_VERSAO) VALUES (1178, 'Comunicação de situações com indícios de LD', '', 1054, 3, 10000, '2014-03-17 00:00:00', 'script', 1);
INSERT INTO SUP.PIE_PAR_ITEM_ELEMENTO (PIE_ID, PIE_NM, PIE_DS_END_MANUAL, PEL_ID, PIE_NU_ORDEM, MET_ID, PIE_DH_ATUALZ, PIE_CD_OPER_ATUALZ, PIE_NU_VERSAO) VALUES (1179, 'Comunicação automática de operações', '', 1054, 4, 10000, '2014-03-17 00:00:00', 'script', 1);
INSERT INTO SUP.PIE_PAR_ITEM_ELEMENTO (PIE_ID, PIE_NM, PIE_DS_END_MANUAL, PEL_ID, PIE_NU_ORDEM, MET_ID, PIE_DH_ATUALZ, PIE_CD_OPER_ATUALZ, PIE_NU_VERSAO) VALUES (1180, 'Controle e acompanhamento dos procedimentos de PLD', '', 1054, 5, 10000, '2014-03-17 00:00:00', 'script', 1);
INSERT INTO SUP.PIE_PAR_ITEM_ELEMENTO (PIE_ID, PIE_NM, PIE_DS_END_MANUAL, PEL_ID, PIE_NU_ORDEM, MET_ID, PIE_DH_ATUALZ, PIE_CD_OPER_ATUALZ, PIE_NU_VERSAO) VALUES (1181, 'Identificação e aceitação de clientes', '', 1055, 1, 10000, '2014-03-17 00:00:00', 'script', 1);
INSERT INTO SUP.PIE_PAR_ITEM_ELEMENTO (PIE_ID, PIE_NM, PIE_DS_END_MANUAL, PEL_ID, PIE_NU_ORDEM, MET_ID, PIE_DH_ATUALZ, PIE_CD_OPER_ATUALZ, PIE_NU_VERSAO) VALUES (1182, 'Controles e testes de identificação de clientes', '', 1055, 2, 10000, '2014-03-17 00:00:00', 'script', 1);
INSERT INTO SUP.PIE_PAR_ITEM_ELEMENTO (PIE_ID, PIE_NM, PIE_DS_END_MANUAL, PEL_ID, PIE_NU_ORDEM, MET_ID, PIE_DH_ATUALZ, PIE_CD_OPER_ATUALZ, PIE_NU_VERSAO) VALUES (1183, 'Abrangência e controle dos treinamentos em PLD', '', 1056, 1, 10000, '2014-03-17 00:00:00', 'script', 1);
INSERT INTO SUP.PIE_PAR_ITEM_ELEMENTO (PIE_ID, PIE_NM, PIE_DS_END_MANUAL, PEL_ID, PIE_NU_ORDEM, MET_ID, PIE_DH_ATUALZ, PIE_CD_OPER_ATUALZ, PIE_NU_VERSAO) VALUES (1184, 'Conteúdo dos treinamentos em PLD e avaliação de conhecimentos', '', 1056, 2, 10000, '2014-03-17 00:00:00', 'script', 1);
INSERT INTO SUP.PIE_PAR_ITEM_ELEMENTO (PIE_ID, PIE_NM, PIE_DS_END_MANUAL, PEL_ID, PIE_NU_ORDEM, MET_ID, PIE_DH_ATUALZ, PIE_CD_OPER_ATUALZ, PIE_NU_VERSAO) VALUES (1185, 'Auditoria', '', 1057, 1, 10000, '2014-03-17 00:00:00', 'script', 1);
INSERT INTO SUP.PIE_PAR_ITEM_ELEMENTO (PIE_ID, PIE_NM, PIE_DS_END_MANUAL, PEL_ID, PIE_NU_ORDEM, MET_ID, PIE_DH_ATUALZ, PIE_CD_OPER_ATUALZ, PIE_NU_VERSAO) VALUES (1196, 'Tamanho / Porte', '', 1070, 1, 10000, '2016-01-12 00:00:00', 'script', 1);
INSERT INTO SUP.PIE_PAR_ITEM_ELEMENTO (PIE_ID, PIE_NM, PIE_DS_END_MANUAL, PEL_ID, PIE_NU_ORDEM, MET_ID, PIE_DH_ATUALZ, PIE_CD_OPER_ATUALZ, PIE_NU_VERSAO) VALUES (1197, 'Apetite a riscos', '', 1070, 2, 10000, '2016-01-12 00:00:00', 'script', 1);
INSERT INTO SUP.PIE_PAR_ITEM_ELEMENTO (PIE_ID, PIE_NM, PIE_DS_END_MANUAL, PEL_ID, PIE_NU_ORDEM, MET_ID, PIE_DH_ATUALZ, PIE_CD_OPER_ATUALZ, PIE_NU_VERSAO) VALUES (1198, 'Perfil das reclamações', '', 1070, 3, 10000, '2016-01-12 00:00:00', 'script', 1);
INSERT INTO SUP.PIE_PAR_ITEM_ELEMENTO (PIE_ID, PIE_NM, PIE_DS_END_MANUAL, PEL_ID, PIE_NU_ORDEM, MET_ID, PIE_DH_ATUALZ, PIE_CD_OPER_ATUALZ, PIE_NU_VERSAO) VALUES (1199, 'Produtos oferecidos', '', 1071, 1, 10000, '2016-01-12 00:00:00', 'script', 1);
INSERT INTO SUP.PIE_PAR_ITEM_ELEMENTO (PIE_ID, PIE_NM, PIE_DS_END_MANUAL, PEL_ID, PIE_NU_ORDEM, MET_ID, PIE_DH_ATUALZ, PIE_CD_OPER_ATUALZ, PIE_NU_VERSAO) VALUES (1200, 'Segmentos de atuação', '', 1072, 1, 10000, '2016-01-12 00:00:00', 'script', 1);
INSERT INTO SUP.PIE_PAR_ITEM_ELEMENTO (PIE_ID, PIE_NM, PIE_DS_END_MANUAL, PEL_ID, PIE_NU_ORDEM, MET_ID, PIE_DH_ATUALZ, PIE_CD_OPER_ATUALZ, PIE_NU_VERSAO) VALUES (1201, 'Políticas institucionais', '', 1073, 1, 10000, '2016-01-12 00:00:00', 'script', 1);
INSERT INTO SUP.PIE_PAR_ITEM_ELEMENTO (PIE_ID, PIE_NM, PIE_DS_END_MANUAL, PEL_ID, PIE_NU_ORDEM, MET_ID, PIE_DH_ATUALZ, PIE_CD_OPER_ATUALZ, PIE_NU_VERSAO) VALUES (1202, 'Estrutura', '', 1073, 2, 10000, '2016-01-12 00:00:00', 'script', 1);
INSERT INTO SUP.PIE_PAR_ITEM_ELEMENTO (PIE_ID, PIE_NM, PIE_DS_END_MANUAL, PEL_ID, PIE_NU_ORDEM, MET_ID, PIE_DH_ATUALZ, PIE_CD_OPER_ATUALZ, PIE_NU_VERSAO) VALUES (1203, 'Processo de Saneamento das deficiências e apontamentos', '', 1073, 3, 10000, '2016-01-12 00:00:00', 'script', 1);
INSERT INTO SUP.PIE_PAR_ITEM_ELEMENTO (PIE_ID, PIE_NM, PIE_DS_END_MANUAL, PEL_ID, PIE_NU_ORDEM, MET_ID, PIE_DH_ATUALZ, PIE_CD_OPER_ATUALZ, PIE_NU_VERSAO) VALUES (1204, 'Gestão das políticas de remuneração e metas de desempenho', '', 1074, 1, 10000, '2016-01-12 00:00:00', 'script', 1);
INSERT INTO SUP.PIE_PAR_ITEM_ELEMENTO (PIE_ID, PIE_NM, PIE_DS_END_MANUAL, PEL_ID, PIE_NU_ORDEM, MET_ID, PIE_DH_ATUALZ, PIE_CD_OPER_ATUALZ, PIE_NU_VERSAO) VALUES (1205, 'Gestão dos correspondentes', '', 1074, 2, 10000, '2016-01-12 00:00:00', 'script', 1);
INSERT INTO SUP.PIE_PAR_ITEM_ELEMENTO (PIE_ID, PIE_NM, PIE_DS_END_MANUAL, PEL_ID, PIE_NU_ORDEM, MET_ID, PIE_DH_ATUALZ, PIE_CD_OPER_ATUALZ, PIE_NU_VERSAO) VALUES (1206, 'Divulgação de canais de atendimento e meios de acesso', '', 1075, 1, 10000, '2016-01-12 00:00:00', 'script', 1);
INSERT INTO SUP.PIE_PAR_ITEM_ELEMENTO (PIE_ID, PIE_NM, PIE_DS_END_MANUAL, PEL_ID, PIE_NU_ORDEM, MET_ID, PIE_DH_ATUALZ, PIE_CD_OPER_ATUALZ, PIE_NU_VERSAO) VALUES (1207, 'Tratamento das demandas', '', 1075, 2, 10000, '2016-01-12 00:00:00', 'script', 1);
INSERT INTO SUP.PIE_PAR_ITEM_ELEMENTO (PIE_ID, PIE_NM, PIE_DS_END_MANUAL, PEL_ID, PIE_NU_ORDEM, MET_ID, PIE_DH_ATUALZ, PIE_CD_OPER_ATUALZ, PIE_NU_VERSAO) VALUES (1208, 'Contratação e cancelamento', '', 1076, 1, 10000, '2016-01-12 00:00:00', 'script', 1);
INSERT INTO SUP.PIE_PAR_ITEM_ELEMENTO (PIE_ID, PIE_NM, PIE_DS_END_MANUAL, PEL_ID, PIE_NU_ORDEM, MET_ID, PIE_DH_ATUALZ, PIE_CD_OPER_ATUALZ, PIE_NU_VERSAO) VALUES (1209, 'Execução', '', 1076, 2, 10000, '2016-01-12 00:00:00', 'script', 1);
INSERT INTO SUP.PIE_PAR_ITEM_ELEMENTO (PIE_ID, PIE_NM, PIE_DS_END_MANUAL, PEL_ID, PIE_NU_ORDEM, MET_ID, PIE_DH_ATUALZ, PIE_CD_OPER_ATUALZ, PIE_NU_VERSAO) VALUES (1210, 'Treinamento', '', 1077, 1, 10000, '2016-01-12 00:00:00', 'script', 1);
INSERT INTO SUP.PIE_PAR_ITEM_ELEMENTO (PIE_ID, PIE_NM, PIE_DS_END_MANUAL, PEL_ID, PIE_NU_ORDEM, MET_ID, PIE_DH_ATUALZ, PIE_CD_OPER_ATUALZ, PIE_NU_VERSAO) VALUES (1211, 'Auditoria Interna', '', 1078, 1, 10000, '2016-01-12 00:00:00', 'script', 1);
INSERT INTO SUP.PIE_PAR_ITEM_ELEMENTO (PIE_ID, PIE_NM, PIE_DS_END_MANUAL, PEL_ID, PIE_NU_ORDEM, MET_ID, PIE_DH_ATUALZ, PIE_CD_OPER_ATUALZ, PIE_NU_VERSAO) VALUES (1212, 'Auditoria Externa', '', 1078, 2, 10000, '2016-01-12 00:00:00', 'script', 1);
INSERT INTO SUP.PIE_PAR_ITEM_ELEMENTO (PIE_ID, PIE_NM, PIE_DS_END_MANUAL, PEL_ID, PIE_NU_ORDEM, MET_ID, PIE_DH_ATUALZ, PIE_CD_OPER_ATUALZ, PIE_NU_VERSAO) VALUES (1213, 'Composição', '', 1079, 1, 10000, '2016-01-12 00:00:00', 'script', 0);
INSERT INTO SUP.PIE_PAR_ITEM_ELEMENTO (PIE_ID, PIE_NM, PIE_DS_END_MANUAL, PEL_ID, PIE_NU_ORDEM, MET_ID, PIE_DH_ATUALZ, PIE_CD_OPER_ATUALZ, PIE_NU_VERSAO) VALUES (1214, 'Seleção e qualificação', '', 1079, 2, 10000, '2016-01-12 00:00:00', 'script', 0);
INSERT INTO SUP.PIE_PAR_ITEM_ELEMENTO (PIE_ID, PIE_NM, PIE_DS_END_MANUAL, PEL_ID, PIE_NU_ORDEM, MET_ID, PIE_DH_ATUALZ, PIE_CD_OPER_ATUALZ, PIE_NU_VERSAO) VALUES (1215, 'Organização e avaliação', '', 1079, 3, 10000, '2016-01-12 00:00:00', 'script', 0);
INSERT INTO SUP.PIE_PAR_ITEM_ELEMENTO (PIE_ID, PIE_NM, PIE_DS_END_MANUAL, PEL_ID, PIE_NU_ORDEM, MET_ID, PIE_DH_ATUALZ, PIE_CD_OPER_ATUALZ, PIE_NU_VERSAO) VALUES (1216, 'Responsabilidades', '', 1079, 4, 10000, '2016-01-12 00:00:00', 'script', 0);
INSERT INTO SUP.PIE_PAR_ITEM_ELEMENTO (PIE_ID, PIE_NM, PIE_DS_END_MANUAL, PEL_ID, PIE_NU_ORDEM, MET_ID, PIE_DH_ATUALZ, PIE_CD_OPER_ATUALZ, PIE_NU_VERSAO) VALUES (1217, 'Cultura e valores corporativos', '', 1079, 5, 10000, '2016-01-12 00:00:00', 'script', 0);
INSERT INTO SUP.PIE_PAR_ITEM_ELEMENTO (PIE_ID, PIE_NM, PIE_DS_END_MANUAL, PEL_ID, PIE_NU_ORDEM, MET_ID, PIE_DH_ATUALZ, PIE_CD_OPER_ATUALZ, PIE_NU_VERSAO) VALUES (1218, 'Apetite a riscos', '', 1079, 6, 10000, '2016-01-12 00:00:00', 'script', 0);
INSERT INTO SUP.PIE_PAR_ITEM_ELEMENTO (PIE_ID, PIE_NM, PIE_DS_END_MANUAL, PEL_ID, PIE_NU_ORDEM, MET_ID, PIE_DH_ATUALZ, PIE_CD_OPER_ATUALZ, PIE_NU_VERSAO) VALUES (1219, 'Conflitos de interesses', '', 1079, 7, 10000, '2016-01-12 00:00:00', 'script', 0);
INSERT INTO SUP.PIE_PAR_ITEM_ELEMENTO (PIE_ID, PIE_NM, PIE_DS_END_MANUAL, PEL_ID, PIE_NU_ORDEM, MET_ID, PIE_DH_ATUALZ, PIE_CD_OPER_ATUALZ, PIE_NU_VERSAO) VALUES (1220, 'Comunicação e transparência', '', 1079, 8, 10000, '2016-01-12 00:00:00', 'script', 0);
INSERT INTO SUP.PIE_PAR_ITEM_ELEMENTO (PIE_ID, PIE_NM, PIE_DS_END_MANUAL, PEL_ID, PIE_NU_ORDEM, MET_ID, PIE_DH_ATUALZ, PIE_CD_OPER_ATUALZ, PIE_NU_VERSAO) VALUES (1221, 'Estrutura de grupo', '', 1079, 9, 10000, '2016-01-12 00:00:00', 'script', 0);
INSERT INTO SUP.PIE_PAR_ITEM_ELEMENTO (PIE_ID, PIE_NM, PIE_DS_END_MANUAL, PEL_ID, PIE_NU_ORDEM, MET_ID, PIE_DH_ATUALZ, PIE_CD_OPER_ATUALZ, PIE_NU_VERSAO) VALUES (1222, 'Comitê de auditoria', '', 1080, 1, 10000, '2016-01-12 00:00:00', 'script', 0);
INSERT INTO SUP.PIE_PAR_ITEM_ELEMENTO (PIE_ID, PIE_NM, PIE_DS_END_MANUAL, PEL_ID, PIE_NU_ORDEM, MET_ID, PIE_DH_ATUALZ, PIE_CD_OPER_ATUALZ, PIE_NU_VERSAO) VALUES (1223, 'Comitê de riscos', '', 1080, 2, 10000, '2016-01-12 00:00:00', 'script', 0);
INSERT INTO SUP.PIE_PAR_ITEM_ELEMENTO (PIE_ID, PIE_NM, PIE_DS_END_MANUAL, PEL_ID, PIE_NU_ORDEM, MET_ID, PIE_DH_ATUALZ, PIE_CD_OPER_ATUALZ, PIE_NU_VERSAO) VALUES (1224, 'Comitê de remuneração', '', 1080, 3, 10000, '2016-01-12 00:00:00', 'script', 0);
INSERT INTO SUP.PIE_PAR_ITEM_ELEMENTO (PIE_ID, PIE_NM, PIE_DS_END_MANUAL, PEL_ID, PIE_NU_ORDEM, MET_ID, PIE_DH_ATUALZ, PIE_CD_OPER_ATUALZ, PIE_NU_VERSAO) VALUES (1225, 'Outros comitês', '', 1080, 4, 10000, '2016-01-12 00:00:00', 'script', 0);
INSERT INTO SUP.PIE_PAR_ITEM_ELEMENTO (PIE_ID, PIE_NM, PIE_DS_END_MANUAL, PEL_ID, PIE_NU_ORDEM, MET_ID, PIE_DH_ATUALZ, PIE_CD_OPER_ATUALZ, PIE_NU_VERSAO) VALUES (1226, 'Atuação e responsabilidades', '', 1081, 1, 10000, '2016-01-12 00:00:00', 'script', 0);
INSERT INTO SUP.PIE_PAR_ITEM_ELEMENTO (PIE_ID, PIE_NM, PIE_DS_END_MANUAL, PEL_ID, PIE_NU_ORDEM, MET_ID, PIE_DH_ATUALZ, PIE_CD_OPER_ATUALZ, PIE_NU_VERSAO) VALUES (1227, 'Cultura e valores corporativos (ESs sem CA)', '', 1081, 2, 10000, '2016-01-12 00:00:00', 'script', 0);
INSERT INTO SUP.PIE_PAR_ITEM_ELEMENTO (PIE_ID, PIE_NM, PIE_DS_END_MANUAL, PEL_ID, PIE_NU_ORDEM, MET_ID, PIE_DH_ATUALZ, PIE_CD_OPER_ATUALZ, PIE_NU_VERSAO) VALUES (1228, 'Apetite a riscos (ESs sem CA)', '', 1081, 3, 10000, '2016-01-12 00:00:00', 'script', 0);
INSERT INTO SUP.PIE_PAR_ITEM_ELEMENTO (PIE_ID, PIE_NM, PIE_DS_END_MANUAL, PEL_ID, PIE_NU_ORDEM, MET_ID, PIE_DH_ATUALZ, PIE_CD_OPER_ATUALZ, PIE_NU_VERSAO) VALUES (1229, 'Conflitos de interesses (ESs sem CA)', '', 1081, 4, 10000, '2016-01-12 00:00:00', 'script', 0);
INSERT INTO SUP.PIE_PAR_ITEM_ELEMENTO (PIE_ID, PIE_NM, PIE_DS_END_MANUAL, PEL_ID, PIE_NU_ORDEM, MET_ID, PIE_DH_ATUALZ, PIE_CD_OPER_ATUALZ, PIE_NU_VERSAO) VALUES (1230, 'Comunicação e transparência (ESs sem CA)', '', 1081, 5, 10000, '2016-01-12 00:00:00', 'script', 0);
INSERT INTO SUP.PIE_PAR_ITEM_ELEMENTO (PIE_ID, PIE_NM, PIE_DS_END_MANUAL, PEL_ID, PIE_NU_ORDEM, MET_ID, PIE_DH_ATUALZ, PIE_CD_OPER_ATUALZ, PIE_NU_VERSAO) VALUES (1231, 'Estrutura de grupo (ESs sem CA)', '', 1081, 6, 10000, '2016-01-12 00:00:00', 'script', 0);
INSERT INTO SUP.PIE_PAR_ITEM_ELEMENTO (PIE_ID, PIE_NM, PIE_DS_END_MANUAL, PEL_ID, PIE_NU_ORDEM, MET_ID, PIE_DH_ATUALZ, PIE_CD_OPER_ATUALZ, PIE_NU_VERSAO) VALUES (1232, 'Comitê de auditoria', '', 1082, 1, 10000, '2016-01-12 00:00:00', 'script', 0);
INSERT INTO SUP.PIE_PAR_ITEM_ELEMENTO (PIE_ID, PIE_NM, PIE_DS_END_MANUAL, PEL_ID, PIE_NU_ORDEM, MET_ID, PIE_DH_ATUALZ, PIE_CD_OPER_ATUALZ, PIE_NU_VERSAO) VALUES (1233, 'Comitê de riscos', '', 1082, 2, 10000, '2016-01-12 00:00:00', 'script', 0);
INSERT INTO SUP.PIE_PAR_ITEM_ELEMENTO (PIE_ID, PIE_NM, PIE_DS_END_MANUAL, PEL_ID, PIE_NU_ORDEM, MET_ID, PIE_DH_ATUALZ, PIE_CD_OPER_ATUALZ, PIE_NU_VERSAO) VALUES (1234, 'Comitê de remuneração', '', 1082, 3, 10000, '2016-01-12 00:00:00', 'script', 0);
INSERT INTO SUP.PIE_PAR_ITEM_ELEMENTO (PIE_ID, PIE_NM, PIE_DS_END_MANUAL, PEL_ID, PIE_NU_ORDEM, MET_ID, PIE_DH_ATUALZ, PIE_CD_OPER_ATUALZ, PIE_NU_VERSAO) VALUES (1235, 'Outros comitês', '', 1082, 4, 10000, '2016-01-12 00:00:00', 'script', 0);
INSERT INTO SUP.PIE_PAR_ITEM_ELEMENTO (PIE_ID, PIE_NM, PIE_DS_END_MANUAL, PEL_ID, PIE_NU_ORDEM, MET_ID, PIE_DH_ATUALZ, PIE_CD_OPER_ATUALZ, PIE_NU_VERSAO) VALUES (1236, 'Governança de riscos', '', 1083, 1, 10000, '2016-01-12 00:00:00', 'script', 0);
INSERT INTO SUP.PIE_PAR_ITEM_ELEMENTO (PIE_ID, PIE_NM, PIE_DS_END_MANUAL, PEL_ID, PIE_NU_ORDEM, MET_ID, PIE_DH_ATUALZ, PIE_CD_OPER_ATUALZ, PIE_NU_VERSAO) VALUES (1237, 'Papel do CRO', '', 1083, 2, 10000, '2016-01-12 00:00:00', 'script', 0);
INSERT INTO SUP.PIE_PAR_ITEM_ELEMENTO (PIE_ID, PIE_NM, PIE_DS_END_MANUAL, PEL_ID, PIE_NU_ORDEM, MET_ID, PIE_DH_ATUALZ, PIE_CD_OPER_ATUALZ, PIE_NU_VERSAO) VALUES (1238, 'Comunicação de riscos ', '', 1083, 3, 10000, '2016-01-12 00:00:00', 'script', 0);
INSERT INTO SUP.PIE_PAR_ITEM_ELEMENTO (PIE_ID, PIE_NM, PIE_DS_END_MANUAL, PEL_ID, PIE_NU_ORDEM, MET_ID, PIE_DH_ATUALZ, PIE_CD_OPER_ATUALZ, PIE_NU_VERSAO) VALUES (1239, 'Controles internos', '', 1084, 1, 10000, '2016-01-12 00:00:00', 'script', 0);
INSERT INTO SUP.PIE_PAR_ITEM_ELEMENTO (PIE_ID, PIE_NM, PIE_DS_END_MANUAL, PEL_ID, PIE_NU_ORDEM, MET_ID, PIE_DH_ATUALZ, PIE_CD_OPER_ATUALZ, PIE_NU_VERSAO) VALUES (1240, 'Compliance', '', 1084, 2, 10000, '2016-01-12 00:00:00', 'script', 0);
INSERT INTO SUP.PIE_PAR_ITEM_ELEMENTO (PIE_ID, PIE_NM, PIE_DS_END_MANUAL, PEL_ID, PIE_NU_ORDEM, MET_ID, PIE_DH_ATUALZ, PIE_CD_OPER_ATUALZ, PIE_NU_VERSAO) VALUES (1241, 'Atuação e responsabilidades', '', 1085, 1, 10000, '2016-01-12 00:00:00', 'script', 0);
INSERT INTO SUP.PIE_PAR_ITEM_ELEMENTO (PIE_ID, PIE_NM, PIE_DS_END_MANUAL, PEL_ID, PIE_NU_ORDEM, MET_ID, PIE_DH_ATUALZ, PIE_CD_OPER_ATUALZ, PIE_NU_VERSAO) VALUES (1242, 'Estrutura de remuneração', '', 1086, 1, 10000, '2016-01-12 00:00:00', 'script', 0);

-- ================ Par Prioridade ===================

INSERT INTO SUP.PPD_PAR_PRIORIDADE_ES (PPD_ID, PPD_DS, PPD_CD, PPD_DH_ATUALZ, PPD_CD_OPER_ATUALZ, PPD_NU_VERSAO) VALUES (1000, 'SIFI', 1, '2014-03-17 00:00:00', 'script', 1);
INSERT INTO SUP.PPD_PAR_PRIORIDADE_ES (PPD_ID, PPD_DS, PPD_CD, PPD_DH_ATUALZ, PPD_CD_OPER_ATUALZ, PPD_NU_VERSAO) VALUES (1001, 'Alta', 2, '2014-03-17 00:00:00', 'script', 1);
INSERT INTO SUP.PPD_PAR_PRIORIDADE_ES (PPD_ID, PPD_DS, PPD_CD, PPD_DH_ATUALZ, PPD_CD_OPER_ATUALZ, PPD_NU_VERSAO) VALUES (1002, 'Médio-Alta', 3, '2014-03-17 00:00:00', 'script', 1);
INSERT INTO SUP.PPD_PAR_PRIORIDADE_ES (PPD_ID, PPD_DS, PPD_CD, PPD_DH_ATUALZ, PPD_CD_OPER_ATUALZ, PPD_NU_VERSAO) VALUES (1003, 'Média', 4, '2014-03-17 00:00:00', 'script', 1);
INSERT INTO SUP.PPD_PAR_PRIORIDADE_ES (PPD_ID, PPD_DS, PPD_CD, PPD_DH_ATUALZ, PPD_CD_OPER_ATUALZ, PPD_NU_VERSAO) VALUES (1004, 'Baixa', 5, '2014-03-17 00:00:00', 'script', 1);

-- ================ Par ANEF ===================

INSERT INTO SUP.PAT_PAR_AQT (PAT_ID,PAT_DS,PAT_QT_PESO,PAT_NU_ORDEM,MET_ID,PAT_DH_ATUALZ,PAT_CD_OPER_ATUALZ,PAT_NU_VERSAO) VALUES (1000,'Solidez Patrimonial',34,2,10000, '2014-03-17 00:00:00', 'script', 1);
INSERT INTO SUP.PAT_PAR_AQT (PAT_ID,PAT_DS,PAT_QT_PESO,PAT_NU_ORDEM,MET_ID,PAT_DH_ATUALZ,PAT_CD_OPER_ATUALZ,PAT_NU_VERSAO) VALUES (1001,'Liquidez e Exigibilidades',33,3,10000, '2014-03-17 00:00:00', 'script', 1);
INSERT INTO SUP.PAT_PAR_AQT (PAT_ID,PAT_DS,PAT_QT_PESO,PAT_NU_ORDEM,MET_ID,PAT_DH_ATUALZ,PAT_CD_OPER_ATUALZ,PAT_NU_VERSAO) VALUES (1002,'Resultados',33,1,10000, '2014-03-17 00:00:00', 'script', 1);

-- ================ Par Elemento ANEF ===================

INSERT INTO SUP.PEA_PAR_ELEMENTO_AQT (PEA_ID,PEA_DS,PAT_ID,PEA_NU_ORDEM,MET_ID,PEA_DH_ATUALZ,PEA_CD_OPER_ATUALZ,PEA_NU_VERSAO) VALUES (1000,'Valoração dos ativos',1000,1,10000, '2014-03-17 00:00:00', 'script', 1);
INSERT INTO SUP.PEA_PAR_ELEMENTO_AQT (PEA_ID,PEA_DS,PAT_ID,PEA_NU_ORDEM,MET_ID,PEA_DH_ATUALZ,PEA_CD_OPER_ATUALZ,PEA_NU_VERSAO) VALUES (1001,'Integridade dos passivos',1000,2,10000, '2014-03-17 00:00:00', 'script', 1);
INSERT INTO SUP.PEA_PAR_ELEMENTO_AQT (PEA_ID,PEA_DS,PAT_ID,PEA_NU_ORDEM,MET_ID,PEA_DH_ATUALZ,PEA_CD_OPER_ATUALZ,PEA_NU_VERSAO) VALUES (1002,'Adequação do capital prudencial',1000,3,10000, '2014-03-17 00:00:00', 'script', 1);
INSERT INTO SUP.PEA_PAR_ELEMENTO_AQT (PEA_ID,PEA_DS,PAT_ID,PEA_NU_ORDEM,MET_ID,PEA_DH_ATUALZ,PEA_CD_OPER_ATUALZ,PEA_NU_VERSAO) VALUES (1003,'Apetite para risco de liquidez',1001,1,10000, '2014-03-17 00:00:00', 'script', 1);
INSERT INTO SUP.PEA_PAR_ELEMENTO_AQT (PEA_ID,PEA_DS,PAT_ID,PEA_NU_ORDEM,MET_ID,PEA_DH_ATUALZ,PEA_CD_OPER_ATUALZ,PEA_NU_VERSAO) VALUES (1004,'Nível de risco de liquidez',1001,2,10000, '2014-03-17 00:00:00', 'script', 1);
INSERT INTO SUP.PEA_PAR_ELEMENTO_AQT (PEA_ID,PEA_DS,PAT_ID,PEA_NU_ORDEM,MET_ID,PEA_DH_ATUALZ,PEA_CD_OPER_ATUALZ,PEA_NU_VERSAO) VALUES (1005,'Acesso a funding',1001,3,10000, '2014-03-17 00:00:00', 'script', 1);
INSERT INTO SUP.PEA_PAR_ELEMENTO_AQT (PEA_ID,PEA_DS,PAT_ID,PEA_NU_ORDEM,MET_ID,PEA_DH_ATUALZ,PEA_CD_OPER_ATUALZ,PEA_NU_VERSAO) VALUES (1006,'Suficiência',1002,1,10000, '2014-03-17 00:00:00', 'script', 1);
INSERT INTO SUP.PEA_PAR_ELEMENTO_AQT (PEA_ID,PEA_DS,PAT_ID,PEA_NU_ORDEM,MET_ID,PEA_DH_ATUALZ,PEA_CD_OPER_ATUALZ,PEA_NU_VERSAO) VALUES (1007,'Qualidade',1002,2,10000, '2014-03-17 00:00:00', 'script', 1);
INSERT INTO SUP.PEA_PAR_ELEMENTO_AQT (PEA_ID,PEA_DS,PAT_ID,PEA_NU_ORDEM,MET_ID,PEA_DH_ATUALZ,PEA_CD_OPER_ATUALZ,PEA_NU_VERSAO) VALUES (1008,'Sustentabilidade',1002,3,10000, '2014-03-17 00:00:00', 'script', 1);

-- ================ Par Item Elemento ANEF ===================

INSERT INTO SUP.PIA_PAR_ITEM_ELEMENTO_AQT (PIA_ID,PIA_DS,PEA_ID,PIA_NU_ORDEM,MET_ID,PIA_DH_ATUALZ,PIA_CD_OPER_ATUALZ,PIA_NU_VERSAO) VALUES (1000,'Provisões para exposição ao risco de crédito',1000,1,10000, '2014-03-17 00:00:00', 'script', 1);
INSERT INTO SUP.PIA_PAR_ITEM_ELEMENTO_AQT (PIA_ID,PIA_DS,PEA_ID,PIA_NU_ORDEM,MET_ID,PIA_DH_ATUALZ,PIA_CD_OPER_ATUALZ,PIA_NU_VERSAO) VALUES (1001,'Mensuração dos ativos a valor de mercado (valor justo)',1000,2,10000, '2014-03-17 00:00:00', 'script', 1);
INSERT INTO SUP.PIA_PAR_ITEM_ELEMENTO_AQT (PIA_ID,PIA_DS,PEA_ID,PIA_NU_ORDEM,MET_ID,PIA_DH_ATUALZ,PIA_CD_OPER_ATUALZ,PIA_NU_VERSAO) VALUES (1002,'Mensuração dos demais ativos',1000,3,10000, '2014-03-17 00:00:00', 'script', 1);
INSERT INTO SUP.PIA_PAR_ITEM_ELEMENTO_AQT (PIA_ID,PIA_DS,PEA_ID,PIA_NU_ORDEM,MET_ID,PIA_DH_ATUALZ,PIA_CD_OPER_ATUALZ,PIA_NU_VERSAO) VALUES (1003,'Reconhecimento e mensuração de passivos financeiros',1001,1,10000, '2014-03-17 00:00:00', 'script', 1);
INSERT INTO SUP.PIA_PAR_ITEM_ELEMENTO_AQT (PIA_ID,PIA_DS,PEA_ID,PIA_NU_ORDEM,MET_ID,PIA_DH_ATUALZ,PIA_CD_OPER_ATUALZ,PIA_NU_VERSAO) VALUES (1004,'Reconhecimento e mensuração de outros passivos ',1001,2,10000, '2014-03-17 00:00:00', 'script', 1);
INSERT INTO SUP.PIA_PAR_ITEM_ELEMENTO_AQT (PIA_ID,PIA_DS,PEA_ID,PIA_NU_ORDEM,MET_ID,PIA_DH_ATUALZ,PIA_CD_OPER_ATUALZ,PIA_NU_VERSAO) VALUES (1005,'Estrutura e evolução da base de capital',1002,1,10000, '2014-03-17 00:00:00', 'script', 1);
INSERT INTO SUP.PIA_PAR_ITEM_ELEMENTO_AQT (PIA_ID,PIA_DS,PEA_ID,PIA_NU_ORDEM,MET_ID,PIA_DH_ATUALZ,PIA_CD_OPER_ATUALZ,PIA_NU_VERSAO) VALUES (1006,'Suficiência da base de capital',1002,2,10000, '2014-03-17 00:00:00', 'script', 1);
INSERT INTO SUP.PIA_PAR_ITEM_ELEMENTO_AQT (PIA_ID,PIA_DS,PEA_ID,PIA_NU_ORDEM,MET_ID,PIA_DH_ATUALZ,PIA_CD_OPER_ATUALZ,PIA_NU_VERSAO) VALUES (1007,'Composição do colchão de liquidez',1003,1,10000, '2014-03-17 00:00:00', 'script', 1);
INSERT INTO SUP.PIA_PAR_ITEM_ELEMENTO_AQT (PIA_ID,PIA_DS,PEA_ID,PIA_NU_ORDEM,MET_ID,PIA_DH_ATUALZ,PIA_CD_OPER_ATUALZ,PIA_NU_VERSAO) VALUES (1008,'Limites',1003,2,10000, '2014-03-17 00:00:00', 'script', 1);
INSERT INTO SUP.PIA_PAR_ITEM_ELEMENTO_AQT (PIA_ID,PIA_DS,PEA_ID,PIA_NU_ORDEM,MET_ID,PIA_DH_ATUALZ,PIA_CD_OPER_ATUALZ,PIA_NU_VERSAO) VALUES (1009,'Descasamentos no fluxo de caixa',1004,1,10000, '2014-03-17 00:00:00', 'script', 1);
INSERT INTO SUP.PIA_PAR_ITEM_ELEMENTO_AQT (PIA_ID,PIA_DS,PEA_ID,PIA_NU_ORDEM,MET_ID,PIA_DH_ATUALZ,PIA_CD_OPER_ATUALZ,PIA_NU_VERSAO) VALUES (1010,'Relacionamento com o mercado',1005,1,10000, '2014-03-17 00:00:00', 'script', 1);
INSERT INTO SUP.PIA_PAR_ITEM_ELEMENTO_AQT (PIA_ID,PIA_DS,PEA_ID,PIA_NU_ORDEM,MET_ID,PIA_DH_ATUALZ,PIA_CD_OPER_ATUALZ,PIA_NU_VERSAO) VALUES (1011,'Diversificação',1005,2,10000, '2014-03-17 00:00:00', 'script', 1);
INSERT INTO SUP.PIA_PAR_ITEM_ELEMENTO_AQT (PIA_ID,PIA_DS,PEA_ID,PIA_NU_ORDEM,MET_ID,PIA_DH_ATUALZ,PIA_CD_OPER_ATUALZ,PIA_NU_VERSAO) VALUES (1012,'Custo de captação',1005,3,10000, '2014-03-17 00:00:00', 'script', 1);
INSERT INTO SUP.PIA_PAR_ITEM_ELEMENTO_AQT (PIA_ID,PIA_DS,PEA_ID,PIA_NU_ORDEM,MET_ID,PIA_DH_ATUALZ,PIA_CD_OPER_ATUALZ,PIA_NU_VERSAO) VALUES (1013,'Rentabilidade sobre o PL',1006,1,10000, '2014-03-17 00:00:00', 'script', 1);
INSERT INTO SUP.PIA_PAR_ITEM_ELEMENTO_AQT (PIA_ID,PIA_DS,PEA_ID,PIA_NU_ORDEM,MET_ID,PIA_DH_ATUALZ,PIA_CD_OPER_ATUALZ,PIA_NU_VERSAO) VALUES (1014,'Rentabilidade sobre ativos',1006,2,10000, '2014-03-17 00:00:00', 'script', 1);
INSERT INTO SUP.PIA_PAR_ITEM_ELEMENTO_AQT (PIA_ID,PIA_DS,PEA_ID,PIA_NU_ORDEM,MET_ID,PIA_DH_ATUALZ,PIA_CD_OPER_ATUALZ,PIA_NU_VERSAO) VALUES (1015,'Rentabilidade sobre ativos ponderados pelo risco',1006,3,10000, '2014-03-17 00:00:00', 'script', 1);
INSERT INTO SUP.PIA_PAR_ITEM_ELEMENTO_AQT (PIA_ID,PIA_DS,PEA_ID,PIA_NU_ORDEM,MET_ID,PIA_DH_ATUALZ,PIA_CD_OPER_ATUALZ,PIA_NU_VERSAO) VALUES (1016,'Origem',1007,1,10000, '2014-03-17 00:00:00', 'script', 1);
INSERT INTO SUP.PIA_PAR_ITEM_ELEMENTO_AQT (PIA_ID,PIA_DS,PEA_ID,PIA_NU_ORDEM,MET_ID,PIA_DH_ATUALZ,PIA_CD_OPER_ATUALZ,PIA_NU_VERSAO) VALUES (1017,'Diversificação',1007,2,10000, '2014-03-17 00:00:00', 'script', 1);
INSERT INTO SUP.PIA_PAR_ITEM_ELEMENTO_AQT (PIA_ID,PIA_DS,PEA_ID,PIA_NU_ORDEM,MET_ID,PIA_DH_ATUALZ,PIA_CD_OPER_ATUALZ,PIA_NU_VERSAO) VALUES (1018,'Aspectos econômico-financeiros',1008,1,10000, '2014-03-17 00:00:00', 'script', 1);
INSERT INTO SUP.PIA_PAR_ITEM_ELEMENTO_AQT (PIA_ID,PIA_DS,PEA_ID,PIA_NU_ORDEM,MET_ID,PIA_DH_ATUALZ,PIA_CD_OPER_ATUALZ,PIA_NU_VERSAO) VALUES (1019,'Oportunidades e ameaças',1008,2,10000, '2014-03-17 00:00:00', 'script', 1);

-- ================ Par Nota ANEF ===================

INSERT INTO SUP.PNA_PAR_NOTA_AQT (PNA_ID,PNA_CD_VALOR,PNA_DS_NOTA,PNA_DS_COR,PNA_VL_LIM_INFER,PNA_VL_LIM_SUPER,PNA_IB_NOTA_NA,MET_ID,PNA_DH_ATUALZ,PNA_CD_OPER_ATUALZ,PNA_NU_VERSAO) VALUES (1,1,'Baixo','#bbddee',1.00,1.50,0,10000,{ts '2014-03-17 00:00:00.000'},'script',0);
INSERT INTO SUP.PNA_PAR_NOTA_AQT (PNA_ID,PNA_CD_VALOR,PNA_DS_NOTA,PNA_DS_COR,PNA_VL_LIM_INFER,PNA_VL_LIM_SUPER,PNA_IB_NOTA_NA,MET_ID,PNA_DH_ATUALZ,PNA_CD_OPER_ATUALZ,PNA_NU_VERSAO) VALUES (2,2,'M\u00e9dio','#bbeebb',1.51,2.50,0,10000,{ts '2014-03-17 00:00:00.000'},'script',0);
INSERT INTO SUP.PNA_PAR_NOTA_AQT (PNA_ID,PNA_CD_VALOR,PNA_DS_NOTA,PNA_DS_COR,PNA_VL_LIM_INFER,PNA_VL_LIM_SUPER,PNA_IB_NOTA_NA,MET_ID,PNA_DH_ATUALZ,PNA_CD_OPER_ATUALZ,PNA_NU_VERSAO) VALUES (3,3,'Alto','#eeeebb',2.51,3.50,0,10000,{ts '2014-03-17 00:00:00.000'},'script',0);
INSERT INTO SUP.PNA_PAR_NOTA_AQT (PNA_ID,PNA_CD_VALOR,PNA_DS_NOTA,PNA_DS_COR,PNA_VL_LIM_INFER,PNA_VL_LIM_SUPER,PNA_IB_NOTA_NA,MET_ID,PNA_DH_ATUALZ,PNA_CD_OPER_ATUALZ,PNA_NU_VERSAO) VALUES (4,4,'Muito Alto','#eebbbb',3.51,4.00,0,10000,{ts '2014-03-17 00:00:00.000'},'script',0);
INSERT INTO SUP.PNA_PAR_NOTA_AQT (PNA_ID,PNA_CD_VALOR,PNA_DS_NOTA,PNA_DS_COR,PNA_VL_LIM_INFER,PNA_VL_LIM_SUPER,PNA_IB_NOTA_NA,MET_ID,PNA_DH_ATUALZ,PNA_CD_OPER_ATUALZ,PNA_NU_VERSAO) VALUES (5,-1,'','#bbbbbb',0.00,0.00,1,10000,{ts '2014-03-17 00:00:00.000'},'script',0);

-- ================ Par E-mail ===================

INSERT INTO SUP.PEM_PAR_EMAIL (PEM_ID,PEM_CD_OPER_ATUALZ,PEM_DH_ATUALZ,PEM_NU_VERSAO,PEM_AN_CORPO,PEM_QT_PRAZO,PEM_IB_PRAZO_OBRIGATORIO,PEM_DS_REMETENTE,PEM_CD_TIPO,PEM_DS_TITULO) VALUES (1000,'script',{ts '2014-03-17 00:00:00'},0,'Corpo do e-mail de disponibilidade do comitê da %es%, %localização%, na data %datacorec%, na %local%, às %horário%. %tabelacomite%',7,1,'remetentedisponibilidade@bcb.gov.br',2,'Disponibilidade do comitê da %es%, %localização%, na data %datacorec%, na %local%, às %horário%.');
INSERT INTO SUP.PEM_PAR_EMAIL (PEM_ID,PEM_CD_OPER_ATUALZ,PEM_DH_ATUALZ,PEM_NU_VERSAO,PEM_AN_CORPO,PEM_QT_PRAZO,PEM_IB_PRAZO_OBRIGATORIO,PEM_DS_REMETENTE,PEM_CD_TIPO,PEM_DS_TITULO) VALUES (1001,'script',{ts '2014-03-17 00:00:00'},0,'Corpo do e-mail de apresentação do comitê da %es%, %localização%, na data %datacorec%, na %local%, às %horário%. %tabelacomite%',15,1,'remetenteapresentacao@bcb.gov.br',1,'Apresentação do comitê da %es%, %localização%, na data %datacorec%, na %local%, às %horário%.');
INSERT INTO SUP.PEM_PAR_EMAIL (PEM_ID,PEM_CD_OPER_ATUALZ,PEM_DH_ATUALZ,PEM_NU_VERSAO,PEM_AN_CORPO,PEM_QT_PRAZO,PEM_IB_PRAZO_OBRIGATORIO,PEM_DS_REMETENTE,PEM_CD_TIPO,PEM_DS_TITULO) VALUES (1002,'script',{ts '2014-03-17 00:00:00'},0,'Corpo do e-mail de solicitação de assinatura do comitê da %es%, %localização%, na data %datacorec%, na %local%, às %horário%. %tabelacomite%',null,0,'remetentesolicitacaoassinatura@bcb.gov.br',3,'Solicitação da assinatura da ata do comitê da %es%, %localização%, na data %datacorec%, na %local%, às %horário%.');

-- ================ Entidade supervisionável ===================

INSERT INTO SUP.ENS_ENTIDADE_SUPERVISIONAVEL (ENS_ID,  ENS_NM, ENS_CD_CNPJ, ENS_IB_PERTENCE_SRC, PPD_ID, ENS_DH_ATUALZ, ENS_CD_OPER_ATUALZ, ENS_DT_INCLUSAO, MET_ID, ENS_NU_VERSAO, ENS_DS_LOCALIZACAO, ENS_DS_PORTE, ENS_DS_SEGMENTO, ENS_QT_ANOS_PREVISAO_COREC)
VALUES (1,  'BRADESCO', '10045', '0',  null, {ts '2014-03-17 00:00:00'}, 'deliq.sisliq105', {ts '2014-03-17 00:00:00'}, 10000, 1, 'DELIQ/GLIQ1/GTBHO', 'Porte', 'Segmento', 1);

INSERT INTO SUP.ENS_ENTIDADE_SUPERVISIONAVEL (ENS_ID, ENS_NM, ENS_CD_CNPJ, ENS_IB_PERTENCE_SRC, PPD_ID, ENS_DH_ATUALZ, ENS_CD_OPER_ATUALZ, ENS_DT_INCLUSAO, MET_ID, ENS_NU_VERSAO, ENS_DS_LOCALIZACAO, ENS_DS_PORTE, ENS_DS_SEGMENTO, ENS_QT_ANOS_PREVISAO_COREC)
VALUES (2,  'BCO RABOBANK INTL BRASIL S.A.', '1023570', '1',  1002, {ts '2014-03-17 00:00:00'}, 'deliq.sisliq105', {ts '2014-03-17 00:00:00'}, 10000, 1, 'DELIQ/GLIQ1/GTBHO', 'Porte', 'Segmento', 1);

INSERT INTO SUP.ENS_ENTIDADE_SUPERVISIONAVEL (ENS_ID, ENS_NM, ENS_CD_CNPJ, ENS_IB_PERTENCE_SRC, PPD_ID, ENS_DH_ATUALZ, ENS_CD_OPER_ATUALZ, ENS_DT_INCLUSAO, MET_ID, ENS_NU_VERSAO, ENS_DS_LOCALIZACAO, ENS_DS_PORTE, ENS_DS_SEGMENTO, ENS_QT_ANOS_PREVISAO_COREC)
VALUES (3,  'BANCO DO BRASIL', '10046', '1', null, {ts '2014-03-17 00:00:00'}, 'deliq.sisliq105', {ts '2014-03-17 00:00:00'}, 10000, 1, 'DELIQ/GLIQ1/GTBHO', 'Porte', 'Segmento', 1);

-- ================ Regras do perfil de acesso ===================

INSERT INTO SUP.RPA_REGRA_PERFIL_ACESSO (RPA_ID, RPA_CD_PERFIL, RPA_DS_LOCALIZACAO, RPA_IB_SUB_LOCALIZACAO, RPA_CD_FUNCAO, RPA_CD_SUBST_EVENTUAL_FUNCAO, RPA_CD_MATRICULA, RPA_CD_SITUACAO, RPA_CD_OPER_ATUALZ, RPA_DH_ATUALZ, RPA_NU_VERSAO)
VALUES (1, 8, null, null, null, null, '96186186', null, 'deliq.sisliq105', {ts '2014-03-17 00:00:00'}, 0);

INSERT INTO SUP.RPA_REGRA_PERFIL_ACESSO (RPA_ID, RPA_CD_PERFIL, RPA_DS_LOCALIZACAO, RPA_IB_SUB_LOCALIZACAO, RPA_CD_FUNCAO, RPA_CD_SUBST_EVENTUAL_FUNCAO, RPA_CD_MATRICULA, RPA_CD_SITUACAO, RPA_CD_OPER_ATUALZ, RPA_DH_ATUALZ, RPA_NU_VERSAO)
VALUES (2, 7, null, null, null, null, '99990830', null, 'deliq.sisliq105', {ts '2014-03-17 00:00:00'}, 0);

INSERT INTO SUP.RPA_REGRA_PERFIL_ACESSO (RPA_ID, RPA_CD_PERFIL, RPA_DS_LOCALIZACAO, RPA_IB_SUB_LOCALIZACAO, RPA_CD_FUNCAO, RPA_CD_SUBST_EVENTUAL_FUNCAO, RPA_CD_MATRICULA, RPA_CD_SITUACAO, RPA_CD_OPER_ATUALZ, RPA_DH_ATUALZ, RPA_NU_VERSAO)
VALUES (3, 8, null, null, null, null, '13579024', null, 'deliq.sisliq105', {ts '2014-03-17 00:00:00'}, 0);

INSERT INTO SUP.RPA_REGRA_PERFIL_ACESSO (RPA_ID, RPA_CD_PERFIL, RPA_DS_LOCALIZACAO, RPA_IB_SUB_LOCALIZACAO, RPA_CD_FUNCAO, RPA_CD_SUBST_EVENTUAL_FUNCAO, RPA_CD_MATRICULA, RPA_CD_SITUACAO, RPA_CD_OPER_ATUALZ, RPA_DH_ATUALZ, RPA_NU_VERSAO)
VALUES (4, 1, null, null, null, null, '65264155', null, 'deliq.sisliq105', {ts '2014-03-17 00:00:00'}, 0);

INSERT INTO SUP.RPA_REGRA_PERFIL_ACESSO (RPA_ID, RPA_CD_PERFIL, RPA_DS_LOCALIZACAO, RPA_IB_SUB_LOCALIZACAO, RPA_CD_FUNCAO, RPA_CD_SUBST_EVENTUAL_FUNCAO, RPA_CD_MATRICULA, RPA_CD_SITUACAO, RPA_CD_OPER_ATUALZ, RPA_DH_ATUALZ, RPA_NU_VERSAO)
VALUES (5, 5, null, null, null, null, '11283766', null, 'deliq.sisliq105', {ts '2014-03-17 00:00:00'}, 0);

INSERT INTO SUP.RPA_REGRA_PERFIL_ACESSO (RPA_ID, RPA_CD_PERFIL, RPA_DS_LOCALIZACAO, RPA_IB_SUB_LOCALIZACAO, RPA_CD_FUNCAO, RPA_CD_SUBST_EVENTUAL_FUNCAO, RPA_CD_MATRICULA, RPA_CD_SITUACAO, RPA_CD_OPER_ATUALZ, RPA_DH_ATUALZ, RPA_NU_VERSAO)
VALUES (6, 4, null, null, null, null, '96186186', null, 'deliq.sisliq101', {ts '2014-03-17 00:00:00'}, 0);

INSERT INTO SUP.RPA_REGRA_PERFIL_ACESSO (RPA_ID, RPA_CD_PERFIL, RPA_DS_LOCALIZACAO, RPA_IB_SUB_LOCALIZACAO, RPA_CD_FUNCAO, RPA_CD_SUBST_EVENTUAL_FUNCAO, RPA_CD_MATRICULA, RPA_CD_SITUACAO, RPA_CD_OPER_ATUALZ, RPA_DH_ATUALZ, RPA_NU_VERSAO)
VALUES (7, 6, null, null, null, null, '25694577', null, 'deliq.sisliq101', {ts '2014-03-17 00:00:00'}, 0);

INSERT INTO SUP.RPA_REGRA_PERFIL_ACESSO (RPA_ID, RPA_CD_PERFIL, RPA_DS_LOCALIZACAO, RPA_IB_SUB_LOCALIZACAO, RPA_CD_FUNCAO, RPA_CD_SUBST_EVENTUAL_FUNCAO, RPA_CD_MATRICULA, RPA_CD_SITUACAO, RPA_CD_OPER_ATUALZ, RPA_DH_ATUALZ, RPA_NU_VERSAO)
VALUES (8, 2, null, null, null, null, '25698733', null, 'deliq.sisliq101', {ts '2014-03-17 00:00:00'}, 0);

-- ================ Atividades da ES  =================== 

INSERT INTO SUP.EAT_ETL_ATC (EAT_ID, EAT_CD_CNPJ_ES, EAT_CD_ATIVIDADE, EAT_DT_BASE, EAT_AA, EAT_DS, EAT_CD_SITUACAO, EAT_DH_ATUALZ, EAT_CD_OPER_ATUALZ)
VALUES (1, '1023570', '37846', {d '2013-11-01'}, 2013, 'VE Contingências', 'em execução', {ts '2014-04-25 00:00:00'}, 'deliq.sisliq105');

INSERT INTO SUP.EAT_ETL_ATC (EAT_ID, EAT_CD_CNPJ_ES, EAT_CD_ATIVIDADE, EAT_DT_BASE, EAT_AA, EAT_DS, EAT_CD_SITUACAO, EAT_DH_ATUALZ, EAT_CD_OPER_ATUALZ)
VALUES (2, '1023570', '37845', {d '2013-06-01'}, 2013, 'VE Unidades no Exterior - Banco Patagonia', 'concluída', {ts '2014-04-25 00:00:00'}, 'deliq.sisliq105');

INSERT INTO SUP.EAT_ETL_ATC (EAT_ID, EAT_CD_CNPJ_ES, EAT_CD_ATIVIDADE, EAT_DT_BASE, EAT_AA, EAT_DS, EAT_CD_SITUACAO, EAT_DH_ATUALZ, EAT_CD_OPER_ATUALZ)
VALUES (3, '1023570', '37844', {d '2012-12-01'}, 2013, 'VE - Impairment de Ativos não Financeiros IFRS', 'suspensa', {ts '2014-04-25 00:00:00'}, 'deliq.sisliq105');

INSERT INTO SUP.EAT_ETL_ATC (EAT_ID, EAT_CD_CNPJ_ES, EAT_CD_ATIVIDADE, EAT_DT_BASE, EAT_AA, EAT_DS, EAT_CD_SITUACAO, EAT_DH_ATUALZ, EAT_CD_OPER_ATUALZ)
VALUES (4, '1023570', '201400194', {d '2013-11-01'}, 2014, 'VE Câmbio - Aderência às Normas Cambiais', 'concluída', {ts '2014-04-25 00:00:00'}, 'deliq.sisliq105');

INSERT INTO SUP.EAT_ETL_ATC (EAT_ID, EAT_CD_CNPJ_ES, EAT_CD_ATIVIDADE, EAT_DT_BASE, EAT_AA, EAT_DS, EAT_CD_SITUACAO, EAT_DH_ATUALZ, EAT_CD_OPER_ATUALZ)
VALUES (5, '1023570', '201400210', {d '2014-11-01'}, 2014, 'VE Análise da Capacidade de Geração de Resultados', 'em execução', {ts '2014-04-25 00:00:00'}, 'deliq.sisliq105');

INSERT INTO SUP.EAT_ETL_ATC (EAT_ID, EAT_CD_CNPJ_ES, EAT_CD_ATIVIDADE, EAT_DT_BASE, EAT_AA, EAT_DS, EAT_CD_SITUACAO, EAT_DH_ATUALZ, EAT_CD_OPER_ATUALZ)
VALUES (6, '1023570', '201400190', {d '2014-02-01'}, 2014, 'VE PLD - Procedimento e Estrutura Organizacional', 'não iniciada', {ts '2014-04-25 00:00:00'}, 'deliq.sisliq105');

-- ================ Dados para o quadro da posição financeira  =================== 

INSERT INTO SUP.LAQ_LAYOUT_ANALISE_QUANTITATIVA (LAQ_ID,LAQ_CD_DATABE_FIM,LAQ_CD_DATABE_INI) VALUES (1,null,201312);
INSERT INTO SUP.LAQ_LAYOUT_ANALISE_QUANTITATIVA (LAQ_ID,LAQ_CD_DATABE_FIM,LAQ_CD_DATABE_INI) VALUES (2,201206,201206);

INSERT INTO SUP.DBE_DATA_BASE_ENS (DBE_CD,DBE_CD_CNPJ) VALUES (201206,'1023570');
INSERT INTO SUP.DBE_DATA_BASE_ENS (DBE_CD,DBE_CD_CNPJ) VALUES (201212,'1023570');
INSERT INTO SUP.DBE_DATA_BASE_ENS (DBE_CD,DBE_CD_CNPJ) VALUES (201306,'1023570');
INSERT INTO SUP.DBE_DATA_BASE_ENS (DBE_CD,DBE_CD_CNPJ) VALUES (201312,'1023570');
INSERT INTO SUP.DBE_DATA_BASE_ENS (DBE_CD,DBE_CD_CNPJ) VALUES (201401,'1023570');
INSERT INTO SUP.DBE_DATA_BASE_ENS (DBE_CD,DBE_CD_CNPJ) VALUES (201402,'1023570');
INSERT INTO SUP.DBE_DATA_BASE_ENS (DBE_CD,DBE_CD_CNPJ) VALUES (201403,'0088181');

INSERT INTO SUP.CAQ_CONTA_ANALISE_QUANT (CAQ_ID,CAQ_DS,CAQ_IB_DIVERSOS,CAQ_NM_CONTA,CAQ_CD_TP_CONTA, CAQ_CD_DATABE_INI) VALUES (1,'Ativo Total Ajustado',0,'ATA',1, 201206);
INSERT INTO SUP.CAQ_CONTA_ANALISE_QUANT (CAQ_ID,CAQ_DS,CAQ_IB_DIVERSOS,CAQ_NM_CONTA,CAQ_CD_TP_CONTA, CAQ_CD_DATABE_INI) VALUES (2,'Circulante e RLP',0,'ACRLP',1, 201206);
INSERT INTO SUP.CAQ_CONTA_ANALISE_QUANT (CAQ_ID,CAQ_DS,CAQ_IB_DIVERSOS,CAQ_NM_CONTA,CAQ_CD_TP_CONTA, CAQ_CD_DATABE_INI) VALUES (3,'Disponibilidades',0,'Dispon',1, 201206);
INSERT INTO SUP.CAQ_CONTA_ANALISE_QUANT (CAQ_ID,CAQ_DS,CAQ_IB_DIVERSOS,CAQ_NM_CONTA,CAQ_CD_TP_CONTA, CAQ_CD_DATABE_INI) VALUES (4,'Aplicações Interf. de Liquidez',0,'AplIfLiq',1, 201206);
INSERT INTO SUP.CAQ_CONTA_ANALISE_QUANT (CAQ_ID,CAQ_DS,CAQ_IB_DIVERSOS,CAQ_NM_CONTA,CAQ_CD_TP_CONTA, CAQ_CD_DATABE_INI) VALUES (5,'Títulos e Valores Mobiliários',0,'TVM',1, 201206);
INSERT INTO SUP.CAQ_CONTA_ANALISE_QUANT (CAQ_ID,CAQ_DS,CAQ_IB_DIVERSOS,CAQ_NM_CONTA,CAQ_CD_TP_CONTA, CAQ_CD_DATABE_INI) VALUES (6,'TVMs Livres',0,'TVMLiv',1, 201206);
INSERT INTO SUP.CAQ_CONTA_ANALISE_QUANT (CAQ_ID,CAQ_DS,CAQ_IB_DIVERSOS,CAQ_NM_CONTA,CAQ_CD_TP_CONTA, CAQ_CD_DATABE_INI) VALUES (7,'TVMs Vinc. Oper. Comporomissadas',0,'TViOpCom',1, 201206);
INSERT INTO SUP.CAQ_CONTA_ANALISE_QUANT (CAQ_ID,CAQ_DS,CAQ_IB_DIVERSOS,CAQ_NM_CONTA,CAQ_CD_TP_CONTA, CAQ_CD_DATABE_INI) VALUES (8,'Rel. Interfinanceiras',0,'RelIf_A',1, 201206);
INSERT INTO SUP.CAQ_CONTA_ANALISE_QUANT (CAQ_ID,CAQ_DS,CAQ_IB_DIVERSOS,CAQ_NM_CONTA,CAQ_CD_TP_CONTA, CAQ_CD_DATABE_INI) VALUES (9,'Rel. Interdependências',0,'RelId_A',1, 201206);
INSERT INTO SUP.CAQ_CONTA_ANALISE_QUANT (CAQ_ID,CAQ_DS,CAQ_IB_DIVERSOS,CAQ_NM_CONTA,CAQ_CD_TP_CONTA, CAQ_CD_DATABE_INI) VALUES (10,'Derivativos',0,'Deriv_A',1, 201206);
INSERT INTO SUP.CAQ_CONTA_ANALISE_QUANT (CAQ_ID,CAQ_DS,CAQ_IB_DIVERSOS,CAQ_NM_CONTA,CAQ_CD_TP_CONTA, CAQ_CD_DATABE_INI) VALUES (11,'Operações de Crédito',0,'OpC',1, 201206);
INSERT INTO SUP.CAQ_CONTA_ANALISE_QUANT (CAQ_ID,CAQ_DS,CAQ_IB_DIVERSOS,CAQ_NM_CONTA,CAQ_CD_TP_CONTA, CAQ_CD_DATABE_INI) VALUES (12,'Empréstimos e Títulos Desc.',0,'ETDesc',1, 201206);
INSERT INTO SUP.CAQ_CONTA_ANALISE_QUANT (CAQ_ID,CAQ_DS,CAQ_IB_DIVERSOS,CAQ_NM_CONTA,CAQ_CD_TP_CONTA, CAQ_CD_DATABE_INI) VALUES (13,'Financiamentos',0,'Financ',1, 201206);
INSERT INTO SUP.CAQ_CONTA_ANALISE_QUANT (CAQ_ID,CAQ_DS,CAQ_IB_DIVERSOS,CAQ_NM_CONTA,CAQ_CD_TP_CONTA, CAQ_CD_DATABE_INI) VALUES (14,'Financiamentos Imobiliários',0,'FiImob',1, 201206);
INSERT INTO SUP.CAQ_CONTA_ANALISE_QUANT (CAQ_ID,CAQ_DS,CAQ_IB_DIVERSOS,CAQ_NM_CONTA,CAQ_CD_TP_CONTA, CAQ_CD_DATABE_INI) VALUES (15,'Cessão de Op. de Crédito',0,'CeOpC',1, 201206);
INSERT INTO SUP.CAQ_CONTA_ANALISE_QUANT (CAQ_ID,CAQ_DS,CAQ_IB_DIVERSOS,CAQ_NM_CONTA,CAQ_CD_TP_CONTA, CAQ_CD_DATABE_INI) VALUES (16,'Op. Câmbio c/ Caract. de Crédito',0,'OpCamCC',1, 201206);
INSERT INTO SUP.CAQ_CONTA_ANALISE_QUANT (CAQ_ID,CAQ_DS,CAQ_IB_DIVERSOS,CAQ_NM_CONTA,CAQ_CD_TP_CONTA, CAQ_CD_DATABE_INI) VALUES (17,'Outos Ativos c/ Caract. de Crédito',0,'OuACC',1, 201206);
INSERT INTO SUP.CAQ_CONTA_ANALISE_QUANT (CAQ_ID,CAQ_DS,CAQ_IB_DIVERSOS,CAQ_NM_CONTA,CAQ_CD_TP_CONTA, CAQ_CD_DATABE_INI) VALUES (18,'Créditos Vinculados Usuais',0,'CVinUs',1, 201206);
INSERT INTO SUP.CAQ_CONTA_ANALISE_QUANT (CAQ_ID,CAQ_DS,CAQ_IB_DIVERSOS,CAQ_NM_CONTA,CAQ_CD_TP_CONTA, CAQ_CD_DATABE_INI) VALUES (19,'Ativos Não Usuais',0,'AtNUs',1, 201206);
INSERT INTO SUP.CAQ_CONTA_ANALISE_QUANT (CAQ_ID,CAQ_DS,CAQ_IB_DIVERSOS,CAQ_NM_CONTA,CAQ_CD_TP_CONTA, CAQ_CD_DATABE_INI) VALUES (20,'Créditos Tributários',0,'CTrib',1, 201206);
INSERT INTO SUP.CAQ_CONTA_ANALISE_QUANT (CAQ_ID,CAQ_DS,CAQ_IB_DIVERSOS,CAQ_NM_CONTA,CAQ_CD_TP_CONTA, CAQ_CD_DATABE_INI) VALUES (21,'Créditos Fiscais',0,'CFis',1, 201206);
INSERT INTO SUP.CAQ_CONTA_ANALISE_QUANT (CAQ_ID,CAQ_DS,CAQ_IB_DIVERSOS,CAQ_NM_CONTA,CAQ_CD_TP_CONTA, CAQ_CD_DATABE_INI) VALUES (22,'Devedores p/ Dep. em Garantia',0,'DvDpGar',1, 201206);
INSERT INTO SUP.CAQ_CONTA_ANALISE_QUANT (CAQ_ID,CAQ_DS,CAQ_IB_DIVERSOS,CAQ_NM_CONTA,CAQ_CD_TP_CONTA, CAQ_CD_DATABE_INI) VALUES (23,'Diversos',1,'DiversosCirculanteRLP',1, 201206);
INSERT INTO SUP.CAQ_CONTA_ANALISE_QUANT (CAQ_ID,CAQ_DS,CAQ_IB_DIVERSOS,CAQ_NM_CONTA,CAQ_CD_TP_CONTA, CAQ_CD_DATABE_INI) VALUES (24,'Permanente',0,'Perm',1, 201206);
INSERT INTO SUP.CAQ_CONTA_ANALISE_QUANT (CAQ_ID,CAQ_DS,CAQ_IB_DIVERSOS,CAQ_NM_CONTA,CAQ_CD_TP_CONTA, CAQ_CD_DATABE_INI) VALUES (25,'Passivo Total Ajustado',0,'PTA',2, 201206);
INSERT INTO SUP.CAQ_CONTA_ANALISE_QUANT (CAQ_ID,CAQ_DS,CAQ_IB_DIVERSOS,CAQ_NM_CONTA,CAQ_CD_TP_CONTA, CAQ_CD_DATABE_INI) VALUES (26,'Exigibilidades',0,'Exigib',2, 201206);
INSERT INTO SUP.CAQ_CONTA_ANALISE_QUANT (CAQ_ID,CAQ_DS,CAQ_IB_DIVERSOS,CAQ_NM_CONTA,CAQ_CD_TP_CONTA, CAQ_CD_DATABE_INI) VALUES (27,'Depósitos',0,'Depos',2, 201206);
INSERT INTO SUP.CAQ_CONTA_ANALISE_QUANT (CAQ_ID,CAQ_DS,CAQ_IB_DIVERSOS,CAQ_NM_CONTA,CAQ_CD_TP_CONTA, CAQ_CD_DATABE_INI) VALUES (28,'Depósitos à Vista',0,'41100000',2, 201206);
INSERT INTO SUP.CAQ_CONTA_ANALISE_QUANT (CAQ_ID,CAQ_DS,CAQ_IB_DIVERSOS,CAQ_NM_CONTA,CAQ_CD_TP_CONTA, CAQ_CD_DATABE_INI) VALUES (29,'Depósitos de Poupança',0,'41200003',2, 201206);
INSERT INTO SUP.CAQ_CONTA_ANALISE_QUANT (CAQ_ID,CAQ_DS,CAQ_IB_DIVERSOS,CAQ_NM_CONTA,CAQ_CD_TP_CONTA, CAQ_CD_DATABE_INI) VALUES (30,'Depósitos Interfinanceiros',0,'41300006',2, 201206);
INSERT INTO SUP.CAQ_CONTA_ANALISE_QUANT (CAQ_ID,CAQ_DS,CAQ_IB_DIVERSOS,CAQ_NM_CONTA,CAQ_CD_TP_CONTA, CAQ_CD_DATABE_INI) VALUES (31,'Depósitos à Prazo',0,'41500002',2, 201206);
INSERT INTO SUP.CAQ_CONTA_ANALISE_QUANT (CAQ_ID,CAQ_DS,CAQ_IB_DIVERSOS,CAQ_NM_CONTA,CAQ_CD_TP_CONTA, CAQ_CD_DATABE_INI) VALUES (32,'Depósitos em Moedas Estrangeiras',0,'41800001',2, 201206);
INSERT INTO SUP.CAQ_CONTA_ANALISE_QUANT (CAQ_ID,CAQ_DS,CAQ_IB_DIVERSOS,CAQ_NM_CONTA,CAQ_CD_TP_CONTA, CAQ_CD_DATABE_INI) VALUES (33,'Obrig. Operações Compromissadas',0,'ObOpCom',2, 201206);
INSERT INTO SUP.CAQ_CONTA_ANALISE_QUANT (CAQ_ID,CAQ_DS,CAQ_IB_DIVERSOS,CAQ_NM_CONTA,CAQ_CD_TP_CONTA, CAQ_CD_DATABE_INI) VALUES (34,'Recursos Aceites Cambiais',0,'OuRecObr',2, 201206);
INSERT INTO SUP.CAQ_CONTA_ANALISE_QUANT (CAQ_ID,CAQ_DS,CAQ_IB_DIVERSOS,CAQ_NM_CONTA,CAQ_CD_TP_CONTA, CAQ_CD_DATABE_INI) VALUES (35,'Obrig. Empréstimos e Repasses',0,'ObERFFD',2, 201206);
INSERT INTO SUP.CAQ_CONTA_ANALISE_QUANT (CAQ_ID,CAQ_DS,CAQ_IB_DIVERSOS,CAQ_NM_CONTA,CAQ_CD_TP_CONTA, CAQ_CD_DATABE_INI) VALUES (36,'Op. Câmbio c/ Carac. de Captação',0,'OpCamCCapt',2, 201206);
INSERT INTO SUP.CAQ_CONTA_ANALISE_QUANT (CAQ_ID,CAQ_DS,CAQ_IB_DIVERSOS,CAQ_NM_CONTA,CAQ_CD_TP_CONTA, CAQ_CD_DATABE_INI) VALUES (37,'Obrig. Operações Vinculadas à Cessão',0,'ObOpVCes',2, 201206);
INSERT INTO SUP.CAQ_CONTA_ANALISE_QUANT (CAQ_ID,CAQ_DS,CAQ_IB_DIVERSOS,CAQ_NM_CONTA,CAQ_CD_TP_CONTA, CAQ_CD_DATABE_INI) VALUES (38,'Carteira de Câmbio',0,'CaCam_P',2, 201206);
INSERT INTO SUP.CAQ_CONTA_ANALISE_QUANT (CAQ_ID,CAQ_DS,CAQ_IB_DIVERSOS,CAQ_NM_CONTA,CAQ_CD_TP_CONTA, CAQ_CD_DATABE_INI) VALUES (39,'Rel. Interfinanceiras',0,'RelIf_P',2, 201206);
INSERT INTO SUP.CAQ_CONTA_ANALISE_QUANT (CAQ_ID,CAQ_DS,CAQ_IB_DIVERSOS,CAQ_NM_CONTA,CAQ_CD_TP_CONTA, CAQ_CD_DATABE_INI) VALUES (40,'Neg. e Intermediação de Valores',0,'NImVal_P',2, 201206);
INSERT INTO SUP.CAQ_CONTA_ANALISE_QUANT (CAQ_ID,CAQ_DS,CAQ_IB_DIVERSOS,CAQ_NM_CONTA,CAQ_CD_TP_CONTA, CAQ_CD_DATABE_INI) VALUES (41,'Derivativo',0,'Deriv_P',2, 201206);
INSERT INTO SUP.CAQ_CONTA_ANALISE_QUANT (CAQ_ID,CAQ_DS,CAQ_IB_DIVERSOS,CAQ_NM_CONTA,CAQ_CD_TP_CONTA, CAQ_CD_DATABE_INI) VALUES (42,'Contingências',0,'Conting',2, 201206);
INSERT INTO SUP.CAQ_CONTA_ANALISE_QUANT (CAQ_ID,CAQ_DS,CAQ_IB_DIVERSOS,CAQ_NM_CONTA,CAQ_CD_TP_CONTA, CAQ_CD_DATABE_INI) VALUES (43,'Diversos',1,'DiversosExigibilidades',2, 201206);
INSERT INTO SUP.CAQ_CONTA_ANALISE_QUANT (CAQ_ID,CAQ_DS,CAQ_IB_DIVERSOS,CAQ_NM_CONTA,CAQ_CD_TP_CONTA, CAQ_CD_DATABE_INI) VALUES (44,'Quase Capital',0,'QC',2, 201206);
INSERT INTO SUP.CAQ_CONTA_ANALISE_QUANT (CAQ_ID,CAQ_DS,CAQ_IB_DIVERSOS,CAQ_NM_CONTA,CAQ_CD_TP_CONTA, CAQ_CD_DATABE_INI) VALUES (45,'IHCD',0,'49995004',2, 201206);
INSERT INTO SUP.CAQ_CONTA_ANALISE_QUANT (CAQ_ID,CAQ_DS,CAQ_IB_DIVERSOS,CAQ_NM_CONTA,CAQ_CD_TP_CONTA, CAQ_CD_DATABE_INI) VALUES (46,'Dívidas Subordinadas',0,'49996003',2, 201206);
INSERT INTO SUP.CAQ_CONTA_ANALISE_QUANT (CAQ_ID,CAQ_DS,CAQ_IB_DIVERSOS,CAQ_NM_CONTA,CAQ_CD_TP_CONTA, CAQ_CD_DATABE_INI) VALUES (47,'Principal Autorizado',0,'49998104',2, 201206);
INSERT INTO SUP.CAQ_CONTA_ANALISE_QUANT (CAQ_ID,CAQ_DS,CAQ_IB_DIVERSOS,CAQ_NM_CONTA,CAQ_CD_TP_CONTA, CAQ_CD_DATABE_INI) VALUES (48,'Nível II Autorizado',0,'49998300',2, 201206);
INSERT INTO SUP.CAQ_CONTA_ANALISE_QUANT (CAQ_ID,CAQ_DS,CAQ_IB_DIVERSOS,CAQ_NM_CONTA,CAQ_CD_TP_CONTA, CAQ_CD_DATABE_INI) VALUES (49,'Resultados de Exercícios Futuros',0,'50000005',2, 201206);
INSERT INTO SUP.CAQ_CONTA_ANALISE_QUANT (CAQ_ID,CAQ_DS,CAQ_IB_DIVERSOS,CAQ_NM_CONTA,CAQ_CD_TP_CONTA, CAQ_CD_DATABE_INI) VALUES (50,'Diversos',1,'DiversosQuaseCapital',2, 201206);
INSERT INTO SUP.CAQ_CONTA_ANALISE_QUANT (CAQ_ID,CAQ_DS,CAQ_IB_DIVERSOS,CAQ_NM_CONTA,CAQ_CD_TP_CONTA, CAQ_CD_DATABE_INI) VALUES (51,'PLA',0,'PLA',2, 201206);
INSERT INTO SUP.CAQ_CONTA_ANALISE_QUANT (CAQ_ID,CAQ_DS,CAQ_IB_DIVERSOS,CAQ_NM_CONTA,CAQ_CD_TP_CONTA, CAQ_CD_DATABE_INI) VALUES (52,'Elegíveis a Capital Nível I',0,'49995059',2, 201206);

INSERT INTO SUP.OIA_OUTRA_INFO_ANALISE_QUANT (OIA_ID,OIA_CD_DATABE_FIM,OIA_CD_DATABE_INI,OIA_DS,OIA_NM,OIA_CD_TIPO) VALUES (1,null,200901,'PR nível 2','PR_niv2',1);
INSERT INTO SUP.OIA_OUTRA_INFO_ANALISE_QUANT (OIA_ID,OIA_CD_DATABE_FIM,OIA_CD_DATABE_INI,OIA_DS,OIA_NM,OIA_CD_TIPO) VALUES (2,null,200901,'Capital complementar','CC',1);
INSERT INTO SUP.OIA_OUTRA_INFO_ANALISE_QUANT (OIA_ID,OIA_CD_DATABE_FIM,OIA_CD_DATABE_INI,OIA_DS,OIA_NM,OIA_CD_TIPO) VALUES (3,null,200901,'Capital principal','CP',1);
INSERT INTO SUP.OIA_OUTRA_INFO_ANALISE_QUANT (OIA_ID,OIA_CD_DATABE_FIM,OIA_CD_DATABE_INI,OIA_DS,OIA_NM,OIA_CD_TIPO) VALUES (4,null,200901,'PR nível 1','PR_niv1',1);
INSERT INTO SUP.OIA_OUTRA_INFO_ANALISE_QUANT (OIA_ID,OIA_CD_DATABE_FIM,OIA_CD_DATABE_INI,OIA_DS,OIA_NM,OIA_CD_TIPO) VALUES (5,null,200901,'Imobilização','C_3_1_03_0',2);
INSERT INTO SUP.OIA_OUTRA_INFO_ANALISE_QUANT (OIA_ID,OIA_CD_DATABE_FIM,OIA_CD_DATABE_INI,OIA_DS,OIA_NM,OIA_CD_TIPO) VALUES (6,null,200901,'Basiléia Amplo (inclui RBAN)','C_3_1_02_0',2);
INSERT INTO SUP.OIA_OUTRA_INFO_ANALISE_QUANT (OIA_ID,OIA_CD_DATABE_FIM,OIA_CD_DATABE_INI,OIA_DS,OIA_NM,OIA_CD_TIPO) VALUES (7,null,200901,'Basiléia','C_3_1_02_1',2);
INSERT INTO SUP.OIA_OUTRA_INFO_ANALISE_QUANT (OIA_ID,OIA_CD_DATABE_FIM,OIA_CD_DATABE_INI,OIA_DS,OIA_NM,OIA_CD_TIPO) VALUES (8,null,200901,'RSPLA','R_9_3_00_0',3);
INSERT INTO SUP.OIA_OUTRA_INFO_ANALISE_QUANT (OIA_ID,OIA_CD_DATABE_FIM,OIA_CD_DATABE_INI,OIA_DS,OIA_NM,OIA_CD_TIPO) VALUES (9,null,200901,'Lucro','LL',3);
INSERT INTO SUP.OIA_OUTRA_INFO_ANALISE_QUANT (OIA_ID,OIA_CD_DATABE_FIM,OIA_CD_DATABE_INI,OIA_DS,OIA_NM,OIA_CD_TIPO) VALUES (10,200701,200601,'PR nível 1','PR_niv1',1);
INSERT INTO SUP.OIA_OUTRA_INFO_ANALISE_QUANT (OIA_ID,OIA_CD_DATABE_FIM,OIA_CD_DATABE_INI,OIA_DS,OIA_NM,OIA_CD_TIPO) VALUES (11,200701,200601,'Capital principal','CP',1);
INSERT INTO SUP.OIA_OUTRA_INFO_ANALISE_QUANT (OIA_ID,OIA_CD_DATABE_FIM,OIA_CD_DATABE_INI,OIA_DS,OIA_NM,OIA_CD_TIPO) VALUES (12,200701,200601,'Capital complementar','CC',1);
INSERT INTO SUP.OIA_OUTRA_INFO_ANALISE_QUANT (OIA_ID,OIA_CD_DATABE_FIM,OIA_CD_DATABE_INI,OIA_DS,OIA_NM,OIA_CD_TIPO) VALUES (13,200701,200601,'PR nível 2','PR_niv2',1);
INSERT INTO SUP.OIA_OUTRA_INFO_ANALISE_QUANT (OIA_ID,OIA_CD_DATABE_FIM,OIA_CD_DATABE_INI,OIA_DS,OIA_NM,OIA_CD_TIPO) VALUES (14,200701,200601,'Basiléia','C_3_1_02_1',2);
INSERT INTO SUP.OIA_OUTRA_INFO_ANALISE_QUANT (OIA_ID,OIA_CD_DATABE_FIM,OIA_CD_DATABE_INI,OIA_DS,OIA_NM,OIA_CD_TIPO) VALUES (15,200701,200601,'Basiléia Amplo (inclui RBAN)','C_3_1_02_0',2);
INSERT INTO SUP.OIA_OUTRA_INFO_ANALISE_QUANT (OIA_ID,OIA_CD_DATABE_FIM,OIA_CD_DATABE_INI,OIA_DS,OIA_NM,OIA_CD_TIPO) VALUES (16,200701,200601,'Imobilização','C_3_1_03_0',2);
INSERT INTO SUP.OIA_OUTRA_INFO_ANALISE_QUANT (OIA_ID,OIA_CD_DATABE_FIM,OIA_CD_DATABE_INI,OIA_DS,OIA_NM,OIA_CD_TIPO) VALUES (17,200701,200601,'Lucro','LL',3);
INSERT INTO SUP.OIA_OUTRA_INFO_ANALISE_QUANT (OIA_ID,OIA_CD_DATABE_FIM,OIA_CD_DATABE_INI,OIA_DS,OIA_NM,OIA_CD_TIPO) VALUES (18,200701,200601,'RSPLA','R_9_3_00_0',3);
INSERT INTO SUP.OIA_OUTRA_INFO_ANALISE_QUANT (OIA_ID,OIA_CD_DATABE_FIM,OIA_CD_DATABE_INI,OIA_DS,OIA_NM,OIA_CD_TIPO) VALUES (19,null,200901,'Novo capital','Ncap',1);
INSERT INTO SUP.OIA_OUTRA_INFO_ANALISE_QUANT (OIA_ID,OIA_CD_DATABE_FIM,OIA_CD_DATABE_INI,OIA_DS,OIA_NM,OIA_CD_TIPO) VALUES (20,null,200901,'Novo índice','Nin',2);
INSERT INTO SUP.OIA_OUTRA_INFO_ANALISE_QUANT (OIA_ID,OIA_CD_DATABE_FIM,OIA_CD_DATABE_INI,OIA_DS,OIA_NM,OIA_CD_TIPO) VALUES (21,null,200901,'Novo resultado','Nresult',3);

INSERT INTO SUP.ECA_ETL_CONTA_ANALISE_QUANT (ECA_ID,ECA_VL_CAQ,CAQ_ID,DBE_CD,DBE_CD_CNPJ) VALUES (1,4276,1,201401,'1023570');
INSERT INTO SUP.ECA_ETL_CONTA_ANALISE_QUANT (ECA_ID,ECA_VL_CAQ,CAQ_ID,DBE_CD,DBE_CD_CNPJ) VALUES (2,4272,2,201401,'1023570');
INSERT INTO SUP.ECA_ETL_CONTA_ANALISE_QUANT (ECA_ID,ECA_VL_CAQ,CAQ_ID,DBE_CD,DBE_CD_CNPJ) VALUES (3,4000,3,201401,'1023570');
INSERT INTO SUP.ECA_ETL_CONTA_ANALISE_QUANT (ECA_ID,ECA_VL_CAQ,CAQ_ID,DBE_CD,DBE_CD_CNPJ) VALUES (4,200,4,201401,'1023570');
INSERT INTO SUP.ECA_ETL_CONTA_ANALISE_QUANT (ECA_ID,ECA_VL_CAQ,CAQ_ID,DBE_CD,DBE_CD_CNPJ) VALUES (5,48,5,201401,'1023570');
INSERT INTO SUP.ECA_ETL_CONTA_ANALISE_QUANT (ECA_ID,ECA_VL_CAQ,CAQ_ID,DBE_CD,DBE_CD_CNPJ) VALUES (6,20,6,201401,'1023570');
INSERT INTO SUP.ECA_ETL_CONTA_ANALISE_QUANT (ECA_ID,ECA_VL_CAQ,CAQ_ID,DBE_CD,DBE_CD_CNPJ) VALUES (7,28,7,201401,'1023570');
INSERT INTO SUP.ECA_ETL_CONTA_ANALISE_QUANT (ECA_ID,ECA_VL_CAQ,CAQ_ID,DBE_CD,DBE_CD_CNPJ) VALUES (8,15,8,201401,'1023570');
INSERT INTO SUP.ECA_ETL_CONTA_ANALISE_QUANT (ECA_ID,ECA_VL_CAQ,CAQ_ID,DBE_CD,DBE_CD_CNPJ) VALUES (9,0,9,201401,'1023570');
INSERT INTO SUP.ECA_ETL_CONTA_ANALISE_QUANT (ECA_ID,ECA_VL_CAQ,CAQ_ID,DBE_CD,DBE_CD_CNPJ) VALUES (10,1087,10,201401,'1023570');
INSERT INTO SUP.ECA_ETL_CONTA_ANALISE_QUANT (ECA_ID,ECA_VL_CAQ,CAQ_ID,DBE_CD,DBE_CD_CNPJ) VALUES (11,3029,11,201401,'1023570');
INSERT INTO SUP.ECA_ETL_CONTA_ANALISE_QUANT (ECA_ID,ECA_VL_CAQ,CAQ_ID,DBE_CD,DBE_CD_CNPJ) VALUES (12,1001,12,201401,'1023570');
INSERT INTO SUP.ECA_ETL_CONTA_ANALISE_QUANT (ECA_ID,ECA_VL_CAQ,CAQ_ID,DBE_CD,DBE_CD_CNPJ) VALUES (13,101,13,201401,'1023570');
INSERT INTO SUP.ECA_ETL_CONTA_ANALISE_QUANT (ECA_ID,ECA_VL_CAQ,CAQ_ID,DBE_CD,DBE_CD_CNPJ) VALUES (14,1004,14,201401,'1023570');
INSERT INTO SUP.ECA_ETL_CONTA_ANALISE_QUANT (ECA_ID,ECA_VL_CAQ,CAQ_ID,DBE_CD,DBE_CD_CNPJ) VALUES (15,0,15,201401,'1023570');
INSERT INTO SUP.ECA_ETL_CONTA_ANALISE_QUANT (ECA_ID,ECA_VL_CAQ,CAQ_ID,DBE_CD,DBE_CD_CNPJ) VALUES (16,2,16,201401,'1023570');
INSERT INTO SUP.ECA_ETL_CONTA_ANALISE_QUANT (ECA_ID,ECA_VL_CAQ,CAQ_ID,DBE_CD,DBE_CD_CNPJ) VALUES (17,3,17,201401,'1023570');
INSERT INTO SUP.ECA_ETL_CONTA_ANALISE_QUANT (ECA_ID,ECA_VL_CAQ,CAQ_ID,DBE_CD,DBE_CD_CNPJ) VALUES (18,1,18,201401,'1023570');
INSERT INTO SUP.ECA_ETL_CONTA_ANALISE_QUANT (ECA_ID,ECA_VL_CAQ,CAQ_ID,DBE_CD,DBE_CD_CNPJ) VALUES (19,201,19,201401,'1023570');
INSERT INTO SUP.ECA_ETL_CONTA_ANALISE_QUANT (ECA_ID,ECA_VL_CAQ,CAQ_ID,DBE_CD,DBE_CD_CNPJ) VALUES (20,11,20,201401,'1023570');
INSERT INTO SUP.ECA_ETL_CONTA_ANALISE_QUANT (ECA_ID,ECA_VL_CAQ,CAQ_ID,DBE_CD,DBE_CD_CNPJ) VALUES (21,12,21,201401,'1023570');
INSERT INTO SUP.ECA_ETL_CONTA_ANALISE_QUANT (ECA_ID,ECA_VL_CAQ,CAQ_ID,DBE_CD,DBE_CD_CNPJ) VALUES (22,13,22,201401,'1023570');
INSERT INTO SUP.ECA_ETL_CONTA_ANALISE_QUANT (ECA_ID,ECA_VL_CAQ,CAQ_ID,DBE_CD,DBE_CD_CNPJ) VALUES (23,4,24,201401,'1023570');
INSERT INTO SUP.ECA_ETL_CONTA_ANALISE_QUANT (ECA_ID,ECA_VL_CAQ,CAQ_ID,DBE_CD,DBE_CD_CNPJ) VALUES (24,4276,25,201401,'1023570');
INSERT INTO SUP.ECA_ETL_CONTA_ANALISE_QUANT (ECA_ID,ECA_VL_CAQ,CAQ_ID,DBE_CD,DBE_CD_CNPJ) VALUES (25,3711,26,201401,'1023570');
INSERT INTO SUP.ECA_ETL_CONTA_ANALISE_QUANT (ECA_ID,ECA_VL_CAQ,CAQ_ID,DBE_CD,DBE_CD_CNPJ) VALUES (26,3700,27,201401,'1023570');
INSERT INTO SUP.ECA_ETL_CONTA_ANALISE_QUANT (ECA_ID,ECA_VL_CAQ,CAQ_ID,DBE_CD,DBE_CD_CNPJ) VALUES (27,2130,28,201401,'1023570');
INSERT INTO SUP.ECA_ETL_CONTA_ANALISE_QUANT (ECA_ID,ECA_VL_CAQ,CAQ_ID,DBE_CD,DBE_CD_CNPJ) VALUES (28,540,29,201401,'1023570');
INSERT INTO SUP.ECA_ETL_CONTA_ANALISE_QUANT (ECA_ID,ECA_VL_CAQ,CAQ_ID,DBE_CD,DBE_CD_CNPJ) VALUES (29,13,30,201401,'1023570');
INSERT INTO SUP.ECA_ETL_CONTA_ANALISE_QUANT (ECA_ID,ECA_VL_CAQ,CAQ_ID,DBE_CD,DBE_CD_CNPJ) VALUES (30,1006,31,201401,'1023570');
INSERT INTO SUP.ECA_ETL_CONTA_ANALISE_QUANT (ECA_ID,ECA_VL_CAQ,CAQ_ID,DBE_CD,DBE_CD_CNPJ) VALUES (31,2,32,201401,'1023570');
INSERT INTO SUP.ECA_ETL_CONTA_ANALISE_QUANT (ECA_ID,ECA_VL_CAQ,CAQ_ID,DBE_CD,DBE_CD_CNPJ) VALUES (32,33,33,201401,'1023570');
INSERT INTO SUP.ECA_ETL_CONTA_ANALISE_QUANT (ECA_ID,ECA_VL_CAQ,CAQ_ID,DBE_CD,DBE_CD_CNPJ) VALUES (33,34,34,201401,'1023570');
INSERT INTO SUP.ECA_ETL_CONTA_ANALISE_QUANT (ECA_ID,ECA_VL_CAQ,CAQ_ID,DBE_CD,DBE_CD_CNPJ) VALUES (34,35,35,201401,'1023570');
INSERT INTO SUP.ECA_ETL_CONTA_ANALISE_QUANT (ECA_ID,ECA_VL_CAQ,CAQ_ID,DBE_CD,DBE_CD_CNPJ) VALUES (35,36,36,201401,'1023570');
INSERT INTO SUP.ECA_ETL_CONTA_ANALISE_QUANT (ECA_ID,ECA_VL_CAQ,CAQ_ID,DBE_CD,DBE_CD_CNPJ) VALUES (36,37,37,201401,'1023570');
INSERT INTO SUP.ECA_ETL_CONTA_ANALISE_QUANT (ECA_ID,ECA_VL_CAQ,CAQ_ID,DBE_CD,DBE_CD_CNPJ) VALUES (37,38,38,201401,'1023570');
INSERT INTO SUP.ECA_ETL_CONTA_ANALISE_QUANT (ECA_ID,ECA_VL_CAQ,CAQ_ID,DBE_CD,DBE_CD_CNPJ) VALUES (38,39,39,201401,'1023570');
INSERT INTO SUP.ECA_ETL_CONTA_ANALISE_QUANT (ECA_ID,ECA_VL_CAQ,CAQ_ID,DBE_CD,DBE_CD_CNPJ) VALUES (39,40,40,201401,'1023570');
INSERT INTO SUP.ECA_ETL_CONTA_ANALISE_QUANT (ECA_ID,ECA_VL_CAQ,CAQ_ID,DBE_CD,DBE_CD_CNPJ) VALUES (40,41,41,201401,'1023570');
INSERT INTO SUP.ECA_ETL_CONTA_ANALISE_QUANT (ECA_ID,ECA_VL_CAQ,CAQ_ID,DBE_CD,DBE_CD_CNPJ) VALUES (41,42,42,201401,'1023570');
INSERT INTO SUP.ECA_ETL_CONTA_ANALISE_QUANT (ECA_ID,ECA_VL_CAQ,CAQ_ID,DBE_CD,DBE_CD_CNPJ) VALUES (42,115,44,201401,'1023570');
INSERT INTO SUP.ECA_ETL_CONTA_ANALISE_QUANT (ECA_ID,ECA_VL_CAQ,CAQ_ID,DBE_CD,DBE_CD_CNPJ) VALUES (43,0,45,201401,'1023570');
INSERT INTO SUP.ECA_ETL_CONTA_ANALISE_QUANT (ECA_ID,ECA_VL_CAQ,CAQ_ID,DBE_CD,DBE_CD_CNPJ) VALUES (44,46,46,201401,'1023570');
INSERT INTO SUP.ECA_ETL_CONTA_ANALISE_QUANT (ECA_ID,ECA_VL_CAQ,CAQ_ID,DBE_CD,DBE_CD_CNPJ) VALUES (45,47,47,201401,'1023570');
INSERT INTO SUP.ECA_ETL_CONTA_ANALISE_QUANT (ECA_ID,ECA_VL_CAQ,CAQ_ID,DBE_CD,DBE_CD_CNPJ) VALUES (46,48,48,201401,'1023570');
INSERT INTO SUP.ECA_ETL_CONTA_ANALISE_QUANT (ECA_ID,ECA_VL_CAQ,CAQ_ID,DBE_CD,DBE_CD_CNPJ) VALUES (47,115,49,201401,'1023570');
INSERT INTO SUP.ECA_ETL_CONTA_ANALISE_QUANT (ECA_ID,ECA_VL_CAQ,CAQ_ID,DBE_CD,DBE_CD_CNPJ) VALUES (48,450,51,201401,'1023570');
INSERT INTO SUP.ECA_ETL_CONTA_ANALISE_QUANT (ECA_ID,ECA_VL_CAQ,CAQ_ID,DBE_CD,DBE_CD_CNPJ) VALUES (49,10000,1,201402,'1023570');
INSERT INTO SUP.ECA_ETL_CONTA_ANALISE_QUANT (ECA_ID,ECA_VL_CAQ,CAQ_ID,DBE_CD,DBE_CD_CNPJ) VALUES (50,9000,2,201402,'1023570');
INSERT INTO SUP.ECA_ETL_CONTA_ANALISE_QUANT (ECA_ID,ECA_VL_CAQ,CAQ_ID,DBE_CD,DBE_CD_CNPJ) VALUES (51,25,3,201402,'1023570');
INSERT INTO SUP.ECA_ETL_CONTA_ANALISE_QUANT (ECA_ID,ECA_VL_CAQ,CAQ_ID,DBE_CD,DBE_CD_CNPJ) VALUES (52,0,4,201402,'1023570');
INSERT INTO SUP.ECA_ETL_CONTA_ANALISE_QUANT (ECA_ID,ECA_VL_CAQ,CAQ_ID,DBE_CD,DBE_CD_CNPJ) VALUES (53,150,5,201402,'1023570');
INSERT INTO SUP.ECA_ETL_CONTA_ANALISE_QUANT (ECA_ID,ECA_VL_CAQ,CAQ_ID,DBE_CD,DBE_CD_CNPJ) VALUES (54,20,6,201402,'1023570');
INSERT INTO SUP.ECA_ETL_CONTA_ANALISE_QUANT (ECA_ID,ECA_VL_CAQ,CAQ_ID,DBE_CD,DBE_CD_CNPJ) VALUES (55,0,7,201402,'1023570');
INSERT INTO SUP.ECA_ETL_CONTA_ANALISE_QUANT (ECA_ID,ECA_VL_CAQ,CAQ_ID,DBE_CD,DBE_CD_CNPJ) VALUES (56,15,8,201402,'1023570');
INSERT INTO SUP.ECA_ETL_CONTA_ANALISE_QUANT (ECA_ID,ECA_VL_CAQ,CAQ_ID,DBE_CD,DBE_CD_CNPJ) VALUES (58,2300,10,201402,'1023570');
INSERT INTO SUP.ECA_ETL_CONTA_ANALISE_QUANT (ECA_ID,ECA_VL_CAQ,CAQ_ID,DBE_CD,DBE_CD_CNPJ) VALUES (59,5600,11,201402,'1023570');
INSERT INTO SUP.ECA_ETL_CONTA_ANALISE_QUANT (ECA_ID,ECA_VL_CAQ,CAQ_ID,DBE_CD,DBE_CD_CNPJ) VALUES (60,2300,12,201402,'1023570');
INSERT INTO SUP.ECA_ETL_CONTA_ANALISE_QUANT (ECA_ID,ECA_VL_CAQ,CAQ_ID,DBE_CD,DBE_CD_CNPJ) VALUES (61,2500,13,201402,'1023570');
INSERT INTO SUP.ECA_ETL_CONTA_ANALISE_QUANT (ECA_ID,ECA_VL_CAQ,CAQ_ID,DBE_CD,DBE_CD_CNPJ) VALUES (62,800,14,201402,'1023570');
INSERT INTO SUP.ECA_ETL_CONTA_ANALISE_QUANT (ECA_ID,ECA_VL_CAQ,CAQ_ID,DBE_CD,DBE_CD_CNPJ) VALUES (63,0,15,201402,'1023570');
INSERT INTO SUP.ECA_ETL_CONTA_ANALISE_QUANT (ECA_ID,ECA_VL_CAQ,CAQ_ID,DBE_CD,DBE_CD_CNPJ) VALUES (64,0,16,201402,'1023570');
INSERT INTO SUP.ECA_ETL_CONTA_ANALISE_QUANT (ECA_ID,ECA_VL_CAQ,CAQ_ID,DBE_CD,DBE_CD_CNPJ) VALUES (65,0,17,201402,'1023570');
INSERT INTO SUP.ECA_ETL_CONTA_ANALISE_QUANT (ECA_ID,ECA_VL_CAQ,CAQ_ID,DBE_CD,DBE_CD_CNPJ) VALUES (66,0,18,201402,'1023570');
INSERT INTO SUP.ECA_ETL_CONTA_ANALISE_QUANT (ECA_ID,ECA_VL_CAQ,CAQ_ID,DBE_CD,DBE_CD_CNPJ) VALUES (67,200,19,201402,'1023570');
INSERT INTO SUP.ECA_ETL_CONTA_ANALISE_QUANT (ECA_ID,ECA_VL_CAQ,CAQ_ID,DBE_CD,DBE_CD_CNPJ) VALUES (68,0,20,201402,'1023570');
INSERT INTO SUP.ECA_ETL_CONTA_ANALISE_QUANT (ECA_ID,ECA_VL_CAQ,CAQ_ID,DBE_CD,DBE_CD_CNPJ) VALUES (69,60,21,201402,'1023570');
INSERT INTO SUP.ECA_ETL_CONTA_ANALISE_QUANT (ECA_ID,ECA_VL_CAQ,CAQ_ID,DBE_CD,DBE_CD_CNPJ) VALUES (70,0,22,201402,'1023570');
INSERT INTO SUP.ECA_ETL_CONTA_ANALISE_QUANT (ECA_ID,ECA_VL_CAQ,CAQ_ID,DBE_CD,DBE_CD_CNPJ) VALUES (71,1000,24,201402,'1023570');
INSERT INTO SUP.ECA_ETL_CONTA_ANALISE_QUANT (ECA_ID,ECA_VL_CAQ,CAQ_ID,DBE_CD,DBE_CD_CNPJ) VALUES (72,10000,25,201402,'1023570');
INSERT INTO SUP.ECA_ETL_CONTA_ANALISE_QUANT (ECA_ID,ECA_VL_CAQ,CAQ_ID,DBE_CD,DBE_CD_CNPJ) VALUES (73,8650,26,201402,'1023570');
INSERT INTO SUP.ECA_ETL_CONTA_ANALISE_QUANT (ECA_ID,ECA_VL_CAQ,CAQ_ID,DBE_CD,DBE_CD_CNPJ) VALUES (74,8000,27,201402,'1023570');
INSERT INTO SUP.ECA_ETL_CONTA_ANALISE_QUANT (ECA_ID,ECA_VL_CAQ,CAQ_ID,DBE_CD,DBE_CD_CNPJ) VALUES (75,4230,28,201402,'1023570');
INSERT INTO SUP.ECA_ETL_CONTA_ANALISE_QUANT (ECA_ID,ECA_VL_CAQ,CAQ_ID,DBE_CD,DBE_CD_CNPJ) VALUES (76,1000,29,201402,'1023570');
INSERT INTO SUP.ECA_ETL_CONTA_ANALISE_QUANT (ECA_ID,ECA_VL_CAQ,CAQ_ID,DBE_CD,DBE_CD_CNPJ) VALUES (77,10,30,201402,'1023570');
INSERT INTO SUP.ECA_ETL_CONTA_ANALISE_QUANT (ECA_ID,ECA_VL_CAQ,CAQ_ID,DBE_CD,DBE_CD_CNPJ) VALUES (78,3020,31,201402,'1023570');
INSERT INTO SUP.ECA_ETL_CONTA_ANALISE_QUANT (ECA_ID,ECA_VL_CAQ,CAQ_ID,DBE_CD,DBE_CD_CNPJ) VALUES (79,0,32,201402,'1023570');
INSERT INTO SUP.ECA_ETL_CONTA_ANALISE_QUANT (ECA_ID,ECA_VL_CAQ,CAQ_ID,DBE_CD,DBE_CD_CNPJ) VALUES (80,10,33,201402,'1023570');
INSERT INTO SUP.ECA_ETL_CONTA_ANALISE_QUANT (ECA_ID,ECA_VL_CAQ,CAQ_ID,DBE_CD,DBE_CD_CNPJ) VALUES (81,0,34,201402,'1023570');
INSERT INTO SUP.ECA_ETL_CONTA_ANALISE_QUANT (ECA_ID,ECA_VL_CAQ,CAQ_ID,DBE_CD,DBE_CD_CNPJ) VALUES (82,10,35,201402,'1023570');
INSERT INTO SUP.ECA_ETL_CONTA_ANALISE_QUANT (ECA_ID,ECA_VL_CAQ,CAQ_ID,DBE_CD,DBE_CD_CNPJ) VALUES (83,0,36,201402,'1023570');
INSERT INTO SUP.ECA_ETL_CONTA_ANALISE_QUANT (ECA_ID,ECA_VL_CAQ,CAQ_ID,DBE_CD,DBE_CD_CNPJ) VALUES (84,10,37,201402,'1023570');
INSERT INTO SUP.ECA_ETL_CONTA_ANALISE_QUANT (ECA_ID,ECA_VL_CAQ,CAQ_ID,DBE_CD,DBE_CD_CNPJ) VALUES (85,0,38,201402,'1023570');
INSERT INTO SUP.ECA_ETL_CONTA_ANALISE_QUANT (ECA_ID,ECA_VL_CAQ,CAQ_ID,DBE_CD,DBE_CD_CNPJ) VALUES (86,10,39,201402,'1023570');
INSERT INTO SUP.ECA_ETL_CONTA_ANALISE_QUANT (ECA_ID,ECA_VL_CAQ,CAQ_ID,DBE_CD,DBE_CD_CNPJ) VALUES (87,0,40,201402,'1023570');
INSERT INTO SUP.ECA_ETL_CONTA_ANALISE_QUANT (ECA_ID,ECA_VL_CAQ,CAQ_ID,DBE_CD,DBE_CD_CNPJ) VALUES (88,10,41,201402,'1023570');
INSERT INTO SUP.ECA_ETL_CONTA_ANALISE_QUANT (ECA_ID,ECA_VL_CAQ,CAQ_ID,DBE_CD,DBE_CD_CNPJ) VALUES (89,0,42,201402,'1023570');
INSERT INTO SUP.ECA_ETL_CONTA_ANALISE_QUANT (ECA_ID,ECA_VL_CAQ,CAQ_ID,DBE_CD,DBE_CD_CNPJ) VALUES (90,250,44,201402,'1023570');
INSERT INTO SUP.ECA_ETL_CONTA_ANALISE_QUANT (ECA_ID,ECA_VL_CAQ,CAQ_ID,DBE_CD,DBE_CD_CNPJ) VALUES (91,0,45,201402,'1023570');
INSERT INTO SUP.ECA_ETL_CONTA_ANALISE_QUANT (ECA_ID,ECA_VL_CAQ,CAQ_ID,DBE_CD,DBE_CD_CNPJ) VALUES (92,10,46,201402,'1023570');
INSERT INTO SUP.ECA_ETL_CONTA_ANALISE_QUANT (ECA_ID,ECA_VL_CAQ,CAQ_ID,DBE_CD,DBE_CD_CNPJ) VALUES (93,80,47,201402,'1023570');
INSERT INTO SUP.ECA_ETL_CONTA_ANALISE_QUANT (ECA_ID,ECA_VL_CAQ,CAQ_ID,DBE_CD,DBE_CD_CNPJ) VALUES (94,0,48,201402,'1023570');
INSERT INTO SUP.ECA_ETL_CONTA_ANALISE_QUANT (ECA_ID,ECA_VL_CAQ,CAQ_ID,DBE_CD,DBE_CD_CNPJ) VALUES (95,115,49,201402,'1023570');
INSERT INTO SUP.ECA_ETL_CONTA_ANALISE_QUANT (ECA_ID,ECA_VL_CAQ,CAQ_ID,DBE_CD,DBE_CD_CNPJ) VALUES (96,1100,51,201402,'1023570');
INSERT INTO SUP.ECA_ETL_CONTA_ANALISE_QUANT (ECA_ID,ECA_VL_CAQ,CAQ_ID,DBE_CD,DBE_CD_CNPJ) VALUES (97,110000,1,201403,'0088181');
INSERT INTO SUP.ECA_ETL_CONTA_ANALISE_QUANT (ECA_ID,ECA_VL_CAQ,CAQ_ID,DBE_CD,DBE_CD_CNPJ) VALUES (98,19000,2,201403,'0088181');
INSERT INTO SUP.ECA_ETL_CONTA_ANALISE_QUANT (ECA_ID,ECA_VL_CAQ,CAQ_ID,DBE_CD,DBE_CD_CNPJ) VALUES (99,125,3,201403,'0088181');
INSERT INTO SUP.ECA_ETL_CONTA_ANALISE_QUANT (ECA_ID,ECA_VL_CAQ,CAQ_ID,DBE_CD,DBE_CD_CNPJ) VALUES (100,10,4,201403,'0088181');
INSERT INTO SUP.ECA_ETL_CONTA_ANALISE_QUANT (ECA_ID,ECA_VL_CAQ,CAQ_ID,DBE_CD,DBE_CD_CNPJ) VALUES (101,1150,5,201403,'0088181');
INSERT INTO SUP.ECA_ETL_CONTA_ANALISE_QUANT (ECA_ID,ECA_VL_CAQ,CAQ_ID,DBE_CD,DBE_CD_CNPJ) VALUES (102,120,6,201403,'0088181');
INSERT INTO SUP.ECA_ETL_CONTA_ANALISE_QUANT (ECA_ID,ECA_VL_CAQ,CAQ_ID,DBE_CD,DBE_CD_CNPJ) VALUES (103,10,7,201403,'0088181');
INSERT INTO SUP.ECA_ETL_CONTA_ANALISE_QUANT (ECA_ID,ECA_VL_CAQ,CAQ_ID,DBE_CD,DBE_CD_CNPJ) VALUES (104,115,8,201403,'0088181');
INSERT INTO SUP.ECA_ETL_CONTA_ANALISE_QUANT (ECA_ID,ECA_VL_CAQ,CAQ_ID,DBE_CD,DBE_CD_CNPJ) VALUES (105,10,9,201403,'0088181');
INSERT INTO SUP.ECA_ETL_CONTA_ANALISE_QUANT (ECA_ID,ECA_VL_CAQ,CAQ_ID,DBE_CD,DBE_CD_CNPJ) VALUES (106,12300,10,201403,'0088181');
INSERT INTO SUP.ECA_ETL_CONTA_ANALISE_QUANT (ECA_ID,ECA_VL_CAQ,CAQ_ID,DBE_CD,DBE_CD_CNPJ) VALUES (107,15600,11,201403,'0088181');
INSERT INTO SUP.ECA_ETL_CONTA_ANALISE_QUANT (ECA_ID,ECA_VL_CAQ,CAQ_ID,DBE_CD,DBE_CD_CNPJ) VALUES (108,12300,12,201403,'0088181');
INSERT INTO SUP.ECA_ETL_CONTA_ANALISE_QUANT (ECA_ID,ECA_VL_CAQ,CAQ_ID,DBE_CD,DBE_CD_CNPJ) VALUES (109,12500,13,201403,'0088181');
INSERT INTO SUP.ECA_ETL_CONTA_ANALISE_QUANT (ECA_ID,ECA_VL_CAQ,CAQ_ID,DBE_CD,DBE_CD_CNPJ) VALUES (110,1800,14,201403,'0088181');
INSERT INTO SUP.ECA_ETL_CONTA_ANALISE_QUANT (ECA_ID,ECA_VL_CAQ,CAQ_ID,DBE_CD,DBE_CD_CNPJ) VALUES (111,10,15,201403,'0088181');
INSERT INTO SUP.ECA_ETL_CONTA_ANALISE_QUANT (ECA_ID,ECA_VL_CAQ,CAQ_ID,DBE_CD,DBE_CD_CNPJ) VALUES (112,10,16,201403,'0088181');
INSERT INTO SUP.ECA_ETL_CONTA_ANALISE_QUANT (ECA_ID,ECA_VL_CAQ,CAQ_ID,DBE_CD,DBE_CD_CNPJ) VALUES (113,10,17,201403,'0088181');
INSERT INTO SUP.ECA_ETL_CONTA_ANALISE_QUANT (ECA_ID,ECA_VL_CAQ,CAQ_ID,DBE_CD,DBE_CD_CNPJ) VALUES (114,10,18,201403,'0088181');
INSERT INTO SUP.ECA_ETL_CONTA_ANALISE_QUANT (ECA_ID,ECA_VL_CAQ,CAQ_ID,DBE_CD,DBE_CD_CNPJ) VALUES (115,1200,19,201403,'0088181');
INSERT INTO SUP.ECA_ETL_CONTA_ANALISE_QUANT (ECA_ID,ECA_VL_CAQ,CAQ_ID,DBE_CD,DBE_CD_CNPJ) VALUES (116,0,20,201403,'0088181');
INSERT INTO SUP.ECA_ETL_CONTA_ANALISE_QUANT (ECA_ID,ECA_VL_CAQ,CAQ_ID,DBE_CD,DBE_CD_CNPJ) VALUES (117,160,21,201403,'0088181');
INSERT INTO SUP.ECA_ETL_CONTA_ANALISE_QUANT (ECA_ID,ECA_VL_CAQ,CAQ_ID,DBE_CD,DBE_CD_CNPJ) VALUES (118,0,22,201403,'0088181');
INSERT INTO SUP.ECA_ETL_CONTA_ANALISE_QUANT (ECA_ID,ECA_VL_CAQ,CAQ_ID,DBE_CD,DBE_CD_CNPJ) VALUES (119,1000,24,201403,'0088181');
INSERT INTO SUP.ECA_ETL_CONTA_ANALISE_QUANT (ECA_ID,ECA_VL_CAQ,CAQ_ID,DBE_CD,DBE_CD_CNPJ) VALUES (120,110000,25,201403,'0088181');
INSERT INTO SUP.ECA_ETL_CONTA_ANALISE_QUANT (ECA_ID,ECA_VL_CAQ,CAQ_ID,DBE_CD,DBE_CD_CNPJ) VALUES (121,18650,26,201403,'0088181');
INSERT INTO SUP.ECA_ETL_CONTA_ANALISE_QUANT (ECA_ID,ECA_VL_CAQ,CAQ_ID,DBE_CD,DBE_CD_CNPJ) VALUES (122,18000,27,201403,'0088181');
INSERT INTO SUP.ECA_ETL_CONTA_ANALISE_QUANT (ECA_ID,ECA_VL_CAQ,CAQ_ID,DBE_CD,DBE_CD_CNPJ) VALUES (123,14230,28,201403,'0088181');
INSERT INTO SUP.ECA_ETL_CONTA_ANALISE_QUANT (ECA_ID,ECA_VL_CAQ,CAQ_ID,DBE_CD,DBE_CD_CNPJ) VALUES (124,11000,29,201403,'0088181');
INSERT INTO SUP.ECA_ETL_CONTA_ANALISE_QUANT (ECA_ID,ECA_VL_CAQ,CAQ_ID,DBE_CD,DBE_CD_CNPJ) VALUES (125,110,30,201403,'0088181');
INSERT INTO SUP.ECA_ETL_CONTA_ANALISE_QUANT (ECA_ID,ECA_VL_CAQ,CAQ_ID,DBE_CD,DBE_CD_CNPJ) VALUES (126,13020,31,201403,'0088181');
INSERT INTO SUP.ECA_ETL_CONTA_ANALISE_QUANT (ECA_ID,ECA_VL_CAQ,CAQ_ID,DBE_CD,DBE_CD_CNPJ) VALUES (127,10,32,201403,'0088181');
INSERT INTO SUP.ECA_ETL_CONTA_ANALISE_QUANT (ECA_ID,ECA_VL_CAQ,CAQ_ID,DBE_CD,DBE_CD_CNPJ) VALUES (128,110,33,201403,'0088181');
INSERT INTO SUP.ECA_ETL_CONTA_ANALISE_QUANT (ECA_ID,ECA_VL_CAQ,CAQ_ID,DBE_CD,DBE_CD_CNPJ) VALUES (129,10,34,201403,'0088181');
INSERT INTO SUP.ECA_ETL_CONTA_ANALISE_QUANT (ECA_ID,ECA_VL_CAQ,CAQ_ID,DBE_CD,DBE_CD_CNPJ) VALUES (130,110,35,201403,'0088181');
INSERT INTO SUP.ECA_ETL_CONTA_ANALISE_QUANT (ECA_ID,ECA_VL_CAQ,CAQ_ID,DBE_CD,DBE_CD_CNPJ) VALUES (131,10,36,201403,'0088181');
INSERT INTO SUP.ECA_ETL_CONTA_ANALISE_QUANT (ECA_ID,ECA_VL_CAQ,CAQ_ID,DBE_CD,DBE_CD_CNPJ) VALUES (132,110,37,201403,'0088181');
INSERT INTO SUP.ECA_ETL_CONTA_ANALISE_QUANT (ECA_ID,ECA_VL_CAQ,CAQ_ID,DBE_CD,DBE_CD_CNPJ) VALUES (133,10,38,201403,'0088181');
INSERT INTO SUP.ECA_ETL_CONTA_ANALISE_QUANT (ECA_ID,ECA_VL_CAQ,CAQ_ID,DBE_CD,DBE_CD_CNPJ) VALUES (134,110,39,201403,'0088181');
INSERT INTO SUP.ECA_ETL_CONTA_ANALISE_QUANT (ECA_ID,ECA_VL_CAQ,CAQ_ID,DBE_CD,DBE_CD_CNPJ) VALUES (135,10,40,201403,'0088181');
INSERT INTO SUP.ECA_ETL_CONTA_ANALISE_QUANT (ECA_ID,ECA_VL_CAQ,CAQ_ID,DBE_CD,DBE_CD_CNPJ) VALUES (136,110,41,201403,'0088181');
INSERT INTO SUP.ECA_ETL_CONTA_ANALISE_QUANT (ECA_ID,ECA_VL_CAQ,CAQ_ID,DBE_CD,DBE_CD_CNPJ) VALUES (137,10,42,201403,'0088181');
INSERT INTO SUP.ECA_ETL_CONTA_ANALISE_QUANT (ECA_ID,ECA_VL_CAQ,CAQ_ID,DBE_CD,DBE_CD_CNPJ) VALUES (138,1250,44,201403,'0088181');
INSERT INTO SUP.ECA_ETL_CONTA_ANALISE_QUANT (ECA_ID,ECA_VL_CAQ,CAQ_ID,DBE_CD,DBE_CD_CNPJ) VALUES (139,10,45,201403,'0088181');
INSERT INTO SUP.ECA_ETL_CONTA_ANALISE_QUANT (ECA_ID,ECA_VL_CAQ,CAQ_ID,DBE_CD,DBE_CD_CNPJ) VALUES (140,110,46,201403,'0088181');
INSERT INTO SUP.ECA_ETL_CONTA_ANALISE_QUANT (ECA_ID,ECA_VL_CAQ,CAQ_ID,DBE_CD,DBE_CD_CNPJ) VALUES (141,180,47,201403,'0088181');
INSERT INTO SUP.ECA_ETL_CONTA_ANALISE_QUANT (ECA_ID,ECA_VL_CAQ,CAQ_ID,DBE_CD,DBE_CD_CNPJ) VALUES (142,10,48,201403,'0088181');
INSERT INTO SUP.ECA_ETL_CONTA_ANALISE_QUANT (ECA_ID,ECA_VL_CAQ,CAQ_ID,DBE_CD,DBE_CD_CNPJ) VALUES (143,1115,49,201403,'0088181');
INSERT INTO SUP.ECA_ETL_CONTA_ANALISE_QUANT (ECA_ID,ECA_VL_CAQ,CAQ_ID,DBE_CD,DBE_CD_CNPJ) VALUES (144,11100,51,201403,'0088181');
INSERT INTO SUP.ECA_ETL_CONTA_ANALISE_QUANT (ECA_ID,ECA_VL_CAQ,CAQ_ID,DBE_CD,DBE_CD_CNPJ) VALUES (145,1000,1,201206,'1023570');
INSERT INTO SUP.ECA_ETL_CONTA_ANALISE_QUANT (ECA_ID,ECA_VL_CAQ,CAQ_ID,DBE_CD,DBE_CD_CNPJ) VALUES (146,1000,25,201206,'1023570');
INSERT INTO SUP.ECA_ETL_CONTA_ANALISE_QUANT (ECA_ID,ECA_VL_CAQ,CAQ_ID,DBE_CD,DBE_CD_CNPJ) VALUES (147,1000,2,201206,'1023570');
INSERT INTO SUP.ECA_ETL_CONTA_ANALISE_QUANT (ECA_ID,ECA_VL_CAQ,CAQ_ID,DBE_CD,DBE_CD_CNPJ) VALUES (148,10,3,201206,'1023570');


INSERT INTO SUP.EOI_ETL_OUTRA_INFO_ANALISE_QUANT (EOI_ID,EOI_VL_OIA,DBE_CD,DBE_CD_CNPJ,OIA_ID) VALUES (1,450.00,201401,'1023570',4);
INSERT INTO SUP.EOI_ETL_OUTRA_INFO_ANALISE_QUANT (EOI_ID,EOI_VL_OIA,DBE_CD,DBE_CD_CNPJ,OIA_ID) VALUES (2,215.00,201401,'1023570',3);
INSERT INTO SUP.EOI_ETL_OUTRA_INFO_ANALISE_QUANT (EOI_ID,EOI_VL_OIA,DBE_CD,DBE_CD_CNPJ,OIA_ID) VALUES (3,135.00,201401,'1023570',2);
INSERT INTO SUP.EOI_ETL_OUTRA_INFO_ANALISE_QUANT (EOI_ID,EOI_VL_OIA,DBE_CD,DBE_CD_CNPJ,OIA_ID) VALUES (4,115.00,201401,'1023570',1);
INSERT INTO SUP.EOI_ETL_OUTRA_INFO_ANALISE_QUANT (EOI_ID,EOI_VL_OIA,DBE_CD,DBE_CD_CNPJ,OIA_ID) VALUES (5,16.54,201401,'1023570',7);
INSERT INTO SUP.EOI_ETL_OUTRA_INFO_ANALISE_QUANT (EOI_ID,EOI_VL_OIA,DBE_CD,DBE_CD_CNPJ,OIA_ID) VALUES (6,16.35,201401,'1023570',6);
INSERT INTO SUP.EOI_ETL_OUTRA_INFO_ANALISE_QUANT (EOI_ID,EOI_VL_OIA,DBE_CD,DBE_CD_CNPJ,OIA_ID) VALUES (7,0.74,201401,'1023570',5);
INSERT INTO SUP.EOI_ETL_OUTRA_INFO_ANALISE_QUANT (EOI_ID,EOI_VL_OIA,DBE_CD,DBE_CD_CNPJ,OIA_ID) VALUES (8,28.00,201401,'1023570',9);
INSERT INTO SUP.EOI_ETL_OUTRA_INFO_ANALISE_QUANT (EOI_ID,EOI_VL_OIA,DBE_CD,DBE_CD_CNPJ,OIA_ID) VALUES (9,6.90,201401,'1023570',8);
INSERT INTO SUP.EOI_ETL_OUTRA_INFO_ANALISE_QUANT (EOI_ID,EOI_VL_OIA,DBE_CD,DBE_CD_CNPJ,OIA_ID) VALUES (10,0.73,201312,'1023570',5);
INSERT INTO SUP.EOI_ETL_OUTRA_INFO_ANALISE_QUANT (EOI_ID,EOI_VL_OIA,DBE_CD,DBE_CD_CNPJ,OIA_ID) VALUES (11,38.00,201312,'1023570',9);
INSERT INTO SUP.EOI_ETL_OUTRA_INFO_ANALISE_QUANT (EOI_ID,EOI_VL_OIA,DBE_CD,DBE_CD_CNPJ,OIA_ID) VALUES (12,10.40,201312,'1023570',8);
INSERT INTO SUP.EOI_ETL_OUTRA_INFO_ANALISE_QUANT (EOI_ID,EOI_VL_OIA,DBE_CD,DBE_CD_CNPJ,OIA_ID) VALUES (13,37.00,201306,'1023570',9);
INSERT INTO SUP.EOI_ETL_OUTRA_INFO_ANALISE_QUANT (EOI_ID,EOI_VL_OIA,DBE_CD,DBE_CD_CNPJ,OIA_ID) VALUES (14,11.10,201306,'1023570',8);
INSERT INTO SUP.EOI_ETL_OUTRA_INFO_ANALISE_QUANT (EOI_ID,EOI_VL_OIA,DBE_CD,DBE_CD_CNPJ,OIA_ID) VALUES (15,21.00,201212,'1023570',9);
INSERT INTO SUP.EOI_ETL_OUTRA_INFO_ANALISE_QUANT (EOI_ID,EOI_VL_OIA,DBE_CD,DBE_CD_CNPJ,OIA_ID) VALUES (16,7.00,201212,'1023570',8);
INSERT INTO SUP.EOI_ETL_OUTRA_INFO_ANALISE_QUANT (EOI_ID,EOI_VL_OIA,DBE_CD,DBE_CD_CNPJ,OIA_ID) VALUES (17,20.00,201206,'1023570',9);
INSERT INTO SUP.EOI_ETL_OUTRA_INFO_ANALISE_QUANT (EOI_ID,EOI_VL_OIA,DBE_CD,DBE_CD_CNPJ,OIA_ID) VALUES (18,6.00,201206,'1023570',8);
INSERT INTO SUP.EOI_ETL_OUTRA_INFO_ANALISE_QUANT (EOI_ID,EOI_VL_OIA,DBE_CD,DBE_CD_CNPJ,OIA_ID) VALUES (19,1100.00,201402,'1023570',4);
INSERT INTO SUP.EOI_ETL_OUTRA_INFO_ANALISE_QUANT (EOI_ID,EOI_VL_OIA,DBE_CD,DBE_CD_CNPJ,OIA_ID) VALUES (20,668.00,201402,'1023570',3);
INSERT INTO SUP.EOI_ETL_OUTRA_INFO_ANALISE_QUANT (EOI_ID,EOI_VL_OIA,DBE_CD,DBE_CD_CNPJ,OIA_ID) VALUES (21,432.00,201402,'1023570',2);
INSERT INTO SUP.EOI_ETL_OUTRA_INFO_ANALISE_QUANT (EOI_ID,EOI_VL_OIA,DBE_CD,DBE_CD_CNPJ,OIA_ID) VALUES (22,230.00,201402,'1023570',1);
INSERT INTO SUP.EOI_ETL_OUTRA_INFO_ANALISE_QUANT (EOI_ID,EOI_VL_OIA,DBE_CD,DBE_CD_CNPJ,OIA_ID) VALUES (23,16.54,201402,'1023570',7);
INSERT INTO SUP.EOI_ETL_OUTRA_INFO_ANALISE_QUANT (EOI_ID,EOI_VL_OIA,DBE_CD,DBE_CD_CNPJ,OIA_ID) VALUES (24,16.35,201402,'1023570',6);
INSERT INTO SUP.EOI_ETL_OUTRA_INFO_ANALISE_QUANT (EOI_ID,EOI_VL_OIA,DBE_CD,DBE_CD_CNPJ,OIA_ID) VALUES (25,0.74,201402,'1023570',5);
INSERT INTO SUP.EOI_ETL_OUTRA_INFO_ANALISE_QUANT (EOI_ID,EOI_VL_OIA,DBE_CD,DBE_CD_CNPJ,OIA_ID) VALUES (26,29.00,201402,'1023570',9);
INSERT INTO SUP.EOI_ETL_OUTRA_INFO_ANALISE_QUANT (EOI_ID,EOI_VL_OIA,DBE_CD,DBE_CD_CNPJ,OIA_ID) VALUES (27,8.20,201402,'1023570',8);
INSERT INTO SUP.EOI_ETL_OUTRA_INFO_ANALISE_QUANT (EOI_ID,EOI_VL_OIA,DBE_CD,DBE_CD_CNPJ,OIA_ID) VALUES (28,2100.00,201403,'0088181',10);
INSERT INTO SUP.EOI_ETL_OUTRA_INFO_ANALISE_QUANT (EOI_ID,EOI_VL_OIA,DBE_CD,DBE_CD_CNPJ,OIA_ID) VALUES (29,768.00,201403,'0088181',11);
INSERT INTO SUP.EOI_ETL_OUTRA_INFO_ANALISE_QUANT (EOI_ID,EOI_VL_OIA,DBE_CD,DBE_CD_CNPJ,OIA_ID) VALUES (30,232.00,201403,'0088181',12);
INSERT INTO SUP.EOI_ETL_OUTRA_INFO_ANALISE_QUANT (EOI_ID,EOI_VL_OIA,DBE_CD,DBE_CD_CNPJ,OIA_ID) VALUES (31,130.00,201403,'0088181',13);
INSERT INTO SUP.EOI_ETL_OUTRA_INFO_ANALISE_QUANT (EOI_ID,EOI_VL_OIA,DBE_CD,DBE_CD_CNPJ,OIA_ID) VALUES (32,13.54,201403,'0088181',14);
INSERT INTO SUP.EOI_ETL_OUTRA_INFO_ANALISE_QUANT (EOI_ID,EOI_VL_OIA,DBE_CD,DBE_CD_CNPJ,OIA_ID) VALUES (33,13.35,201403,'0088181',15);
INSERT INTO SUP.EOI_ETL_OUTRA_INFO_ANALISE_QUANT (EOI_ID,EOI_VL_OIA,DBE_CD,DBE_CD_CNPJ,OIA_ID) VALUES (34,0.74,201403,'0088181',16);
INSERT INTO SUP.EOI_ETL_OUTRA_INFO_ANALISE_QUANT (EOI_ID,EOI_VL_OIA,DBE_CD,DBE_CD_CNPJ,OIA_ID) VALUES (35,39.00,201403,'0088181',17);
INSERT INTO SUP.EOI_ETL_OUTRA_INFO_ANALISE_QUANT (EOI_ID,EOI_VL_OIA,DBE_CD,DBE_CD_CNPJ,OIA_ID) VALUES (36,9.20,201403,'0088181',18);

--

INSERT INTO SUP.LCA_LAYOUT_CONTA_ANALISE_QUANT (LCA_ID,LCA_IB_EDITAR_AJUSTE,LCA_IB_NEGRITO,LCA_IB_OBRIGATORIO,LCA_IB_SEPARACAO_DEPOIS,LCA_SQ_SEQUENCIAL,LCA_IB_SUBNIVEL,CAQ_ID,CAQ_ID_PAI,LAQ_ID) VALUES (1,0,1,1,1,1,0,1,null,1);
INSERT INTO SUP.LCA_LAYOUT_CONTA_ANALISE_QUANT (LCA_ID,LCA_IB_EDITAR_AJUSTE,LCA_IB_NEGRITO,LCA_IB_OBRIGATORIO,LCA_IB_SEPARACAO_DEPOIS,LCA_SQ_SEQUENCIAL,LCA_IB_SUBNIVEL,CAQ_ID,CAQ_ID_PAI,LAQ_ID) VALUES (2,0,1,1,0,2,0,2,1,1);
INSERT INTO SUP.LCA_LAYOUT_CONTA_ANALISE_QUANT (LCA_ID,LCA_IB_EDITAR_AJUSTE,LCA_IB_NEGRITO,LCA_IB_OBRIGATORIO,LCA_IB_SEPARACAO_DEPOIS,LCA_SQ_SEQUENCIAL,LCA_IB_SUBNIVEL,CAQ_ID,CAQ_ID_PAI,LAQ_ID) VALUES (3,1,0,0,0,3,0,3,2,1);
INSERT INTO SUP.LCA_LAYOUT_CONTA_ANALISE_QUANT (LCA_ID,LCA_IB_EDITAR_AJUSTE,LCA_IB_NEGRITO,LCA_IB_OBRIGATORIO,LCA_IB_SEPARACAO_DEPOIS,LCA_SQ_SEQUENCIAL,LCA_IB_SUBNIVEL,CAQ_ID,CAQ_ID_PAI,LAQ_ID) VALUES (4,1,0,0,1,4,0,4,2,1);
INSERT INTO SUP.LCA_LAYOUT_CONTA_ANALISE_QUANT (LCA_ID,LCA_IB_EDITAR_AJUSTE,LCA_IB_NEGRITO,LCA_IB_OBRIGATORIO,LCA_IB_SEPARACAO_DEPOIS,LCA_SQ_SEQUENCIAL,LCA_IB_SUBNIVEL,CAQ_ID,CAQ_ID_PAI,LAQ_ID) VALUES (5,1,0,0,0,5,1,5,2,1);
INSERT INTO SUP.LCA_LAYOUT_CONTA_ANALISE_QUANT (LCA_ID,LCA_IB_EDITAR_AJUSTE,LCA_IB_NEGRITO,LCA_IB_OBRIGATORIO,LCA_IB_SEPARACAO_DEPOIS,LCA_SQ_SEQUENCIAL,LCA_IB_SUBNIVEL,CAQ_ID,CAQ_ID_PAI,LAQ_ID) VALUES (6,1,0,0,0,6,0,6,5,1);
INSERT INTO SUP.LCA_LAYOUT_CONTA_ANALISE_QUANT (LCA_ID,LCA_IB_EDITAR_AJUSTE,LCA_IB_NEGRITO,LCA_IB_OBRIGATORIO,LCA_IB_SEPARACAO_DEPOIS,LCA_SQ_SEQUENCIAL,LCA_IB_SUBNIVEL,CAQ_ID,CAQ_ID_PAI,LAQ_ID) VALUES (7,1,0,0,1,7,0,7,5,1);
INSERT INTO SUP.LCA_LAYOUT_CONTA_ANALISE_QUANT (LCA_ID,LCA_IB_EDITAR_AJUSTE,LCA_IB_NEGRITO,LCA_IB_OBRIGATORIO,LCA_IB_SEPARACAO_DEPOIS,LCA_SQ_SEQUENCIAL,LCA_IB_SUBNIVEL,CAQ_ID,CAQ_ID_PAI,LAQ_ID) VALUES (8,1,0,0,0,8,0,8,2,1);
INSERT INTO SUP.LCA_LAYOUT_CONTA_ANALISE_QUANT (LCA_ID,LCA_IB_EDITAR_AJUSTE,LCA_IB_NEGRITO,LCA_IB_OBRIGATORIO,LCA_IB_SEPARACAO_DEPOIS,LCA_SQ_SEQUENCIAL,LCA_IB_SUBNIVEL,CAQ_ID,CAQ_ID_PAI,LAQ_ID) VALUES (9,1,0,0,0,9,0,9,2,1);
INSERT INTO SUP.LCA_LAYOUT_CONTA_ANALISE_QUANT (LCA_ID,LCA_IB_EDITAR_AJUSTE,LCA_IB_NEGRITO,LCA_IB_OBRIGATORIO,LCA_IB_SEPARACAO_DEPOIS,LCA_SQ_SEQUENCIAL,LCA_IB_SUBNIVEL,CAQ_ID,CAQ_ID_PAI,LAQ_ID) VALUES (10,1,0,0,1,10,0,10,2,1);
INSERT INTO SUP.LCA_LAYOUT_CONTA_ANALISE_QUANT (LCA_ID,LCA_IB_EDITAR_AJUSTE,LCA_IB_NEGRITO,LCA_IB_OBRIGATORIO,LCA_IB_SEPARACAO_DEPOIS,LCA_SQ_SEQUENCIAL,LCA_IB_SUBNIVEL,CAQ_ID,CAQ_ID_PAI,LAQ_ID) VALUES (11,1,0,0,0,11,1,11,2,1);
INSERT INTO SUP.LCA_LAYOUT_CONTA_ANALISE_QUANT (LCA_ID,LCA_IB_EDITAR_AJUSTE,LCA_IB_NEGRITO,LCA_IB_OBRIGATORIO,LCA_IB_SEPARACAO_DEPOIS,LCA_SQ_SEQUENCIAL,LCA_IB_SUBNIVEL,CAQ_ID,CAQ_ID_PAI,LAQ_ID) VALUES (12,1,0,0,0,12,0,12,11,1);
INSERT INTO SUP.LCA_LAYOUT_CONTA_ANALISE_QUANT (LCA_ID,LCA_IB_EDITAR_AJUSTE,LCA_IB_NEGRITO,LCA_IB_OBRIGATORIO,LCA_IB_SEPARACAO_DEPOIS,LCA_SQ_SEQUENCIAL,LCA_IB_SUBNIVEL,CAQ_ID,CAQ_ID_PAI,LAQ_ID) VALUES (13,1,0,0,0,13,0,13,11,1);
INSERT INTO SUP.LCA_LAYOUT_CONTA_ANALISE_QUANT (LCA_ID,LCA_IB_EDITAR_AJUSTE,LCA_IB_NEGRITO,LCA_IB_OBRIGATORIO,LCA_IB_SEPARACAO_DEPOIS,LCA_SQ_SEQUENCIAL,LCA_IB_SUBNIVEL,CAQ_ID,CAQ_ID_PAI,LAQ_ID) VALUES (14,1,0,0,0,14,0,14,11,1);
INSERT INTO SUP.LCA_LAYOUT_CONTA_ANALISE_QUANT (LCA_ID,LCA_IB_EDITAR_AJUSTE,LCA_IB_NEGRITO,LCA_IB_OBRIGATORIO,LCA_IB_SEPARACAO_DEPOIS,LCA_SQ_SEQUENCIAL,LCA_IB_SUBNIVEL,CAQ_ID,CAQ_ID_PAI,LAQ_ID) VALUES (15,1,0,0,0,15,0,15,11,1);
INSERT INTO SUP.LCA_LAYOUT_CONTA_ANALISE_QUANT (LCA_ID,LCA_IB_EDITAR_AJUSTE,LCA_IB_NEGRITO,LCA_IB_OBRIGATORIO,LCA_IB_SEPARACAO_DEPOIS,LCA_SQ_SEQUENCIAL,LCA_IB_SUBNIVEL,CAQ_ID,CAQ_ID_PAI,LAQ_ID) VALUES (16,1,0,0,0,16,0,16,11,1);
INSERT INTO SUP.LCA_LAYOUT_CONTA_ANALISE_QUANT (LCA_ID,LCA_IB_EDITAR_AJUSTE,LCA_IB_NEGRITO,LCA_IB_OBRIGATORIO,LCA_IB_SEPARACAO_DEPOIS,LCA_SQ_SEQUENCIAL,LCA_IB_SUBNIVEL,CAQ_ID,CAQ_ID_PAI,LAQ_ID) VALUES (17,1,0,0,1,17,0,17,11,1);
INSERT INTO SUP.LCA_LAYOUT_CONTA_ANALISE_QUANT (LCA_ID,LCA_IB_EDITAR_AJUSTE,LCA_IB_NEGRITO,LCA_IB_OBRIGATORIO,LCA_IB_SEPARACAO_DEPOIS,LCA_SQ_SEQUENCIAL,LCA_IB_SUBNIVEL,CAQ_ID,CAQ_ID_PAI,LAQ_ID) VALUES (18,1,0,0,1,18,0,18,2,1);
INSERT INTO SUP.LCA_LAYOUT_CONTA_ANALISE_QUANT (LCA_ID,LCA_IB_EDITAR_AJUSTE,LCA_IB_NEGRITO,LCA_IB_OBRIGATORIO,LCA_IB_SEPARACAO_DEPOIS,LCA_SQ_SEQUENCIAL,LCA_IB_SUBNIVEL,CAQ_ID,CAQ_ID_PAI,LAQ_ID) VALUES (19,1,0,0,0,19,1,19,2,1);
INSERT INTO SUP.LCA_LAYOUT_CONTA_ANALISE_QUANT (LCA_ID,LCA_IB_EDITAR_AJUSTE,LCA_IB_NEGRITO,LCA_IB_OBRIGATORIO,LCA_IB_SEPARACAO_DEPOIS,LCA_SQ_SEQUENCIAL,LCA_IB_SUBNIVEL,CAQ_ID,CAQ_ID_PAI,LAQ_ID) VALUES (20,1,0,0,0,20,0,20,19,1);
INSERT INTO SUP.LCA_LAYOUT_CONTA_ANALISE_QUANT (LCA_ID,LCA_IB_EDITAR_AJUSTE,LCA_IB_NEGRITO,LCA_IB_OBRIGATORIO,LCA_IB_SEPARACAO_DEPOIS,LCA_SQ_SEQUENCIAL,LCA_IB_SUBNIVEL,CAQ_ID,CAQ_ID_PAI,LAQ_ID) VALUES (21,1,0,0,0,21,0,21,19,1);
INSERT INTO SUP.LCA_LAYOUT_CONTA_ANALISE_QUANT (LCA_ID,LCA_IB_EDITAR_AJUSTE,LCA_IB_NEGRITO,LCA_IB_OBRIGATORIO,LCA_IB_SEPARACAO_DEPOIS,LCA_SQ_SEQUENCIAL,LCA_IB_SUBNIVEL,CAQ_ID,CAQ_ID_PAI,LAQ_ID) VALUES (22,1,0,0,1,22,0,22,19,1);
INSERT INTO SUP.LCA_LAYOUT_CONTA_ANALISE_QUANT (LCA_ID,LCA_IB_EDITAR_AJUSTE,LCA_IB_NEGRITO,LCA_IB_OBRIGATORIO,LCA_IB_SEPARACAO_DEPOIS,LCA_SQ_SEQUENCIAL,LCA_IB_SUBNIVEL,CAQ_ID,CAQ_ID_PAI,LAQ_ID) VALUES (23,1,0,1,1,23,0,23,2,1);
INSERT INTO SUP.LCA_LAYOUT_CONTA_ANALISE_QUANT (LCA_ID,LCA_IB_EDITAR_AJUSTE,LCA_IB_NEGRITO,LCA_IB_OBRIGATORIO,LCA_IB_SEPARACAO_DEPOIS,LCA_SQ_SEQUENCIAL,LCA_IB_SUBNIVEL,CAQ_ID,CAQ_ID_PAI,LAQ_ID) VALUES (24,1,1,1,0,24,0,24,1,1);
INSERT INTO SUP.LCA_LAYOUT_CONTA_ANALISE_QUANT (LCA_ID,LCA_IB_EDITAR_AJUSTE,LCA_IB_NEGRITO,LCA_IB_OBRIGATORIO,LCA_IB_SEPARACAO_DEPOIS,LCA_SQ_SEQUENCIAL,LCA_IB_SUBNIVEL,CAQ_ID,CAQ_ID_PAI,LAQ_ID) VALUES (25,0,1,1,1,1,0,25,null,1);
INSERT INTO SUP.LCA_LAYOUT_CONTA_ANALISE_QUANT (LCA_ID,LCA_IB_EDITAR_AJUSTE,LCA_IB_NEGRITO,LCA_IB_OBRIGATORIO,LCA_IB_SEPARACAO_DEPOIS,LCA_SQ_SEQUENCIAL,LCA_IB_SUBNIVEL,CAQ_ID,CAQ_ID_PAI,LAQ_ID) VALUES (26,0,1,1,0,2,0,26,25,1);
INSERT INTO SUP.LCA_LAYOUT_CONTA_ANALISE_QUANT (LCA_ID,LCA_IB_EDITAR_AJUSTE,LCA_IB_NEGRITO,LCA_IB_OBRIGATORIO,LCA_IB_SEPARACAO_DEPOIS,LCA_SQ_SEQUENCIAL,LCA_IB_SUBNIVEL,CAQ_ID,CAQ_ID_PAI,LAQ_ID) VALUES (27,1,0,0,0,3,1,27,26,1);
INSERT INTO SUP.LCA_LAYOUT_CONTA_ANALISE_QUANT (LCA_ID,LCA_IB_EDITAR_AJUSTE,LCA_IB_NEGRITO,LCA_IB_OBRIGATORIO,LCA_IB_SEPARACAO_DEPOIS,LCA_SQ_SEQUENCIAL,LCA_IB_SUBNIVEL,CAQ_ID,CAQ_ID_PAI,LAQ_ID) VALUES (28,1,0,0,0,4,0,28,27,1);
INSERT INTO SUP.LCA_LAYOUT_CONTA_ANALISE_QUANT (LCA_ID,LCA_IB_EDITAR_AJUSTE,LCA_IB_NEGRITO,LCA_IB_OBRIGATORIO,LCA_IB_SEPARACAO_DEPOIS,LCA_SQ_SEQUENCIAL,LCA_IB_SUBNIVEL,CAQ_ID,CAQ_ID_PAI,LAQ_ID) VALUES (29,1,0,0,0,5,0,29,27,1);
INSERT INTO SUP.LCA_LAYOUT_CONTA_ANALISE_QUANT (LCA_ID,LCA_IB_EDITAR_AJUSTE,LCA_IB_NEGRITO,LCA_IB_OBRIGATORIO,LCA_IB_SEPARACAO_DEPOIS,LCA_SQ_SEQUENCIAL,LCA_IB_SUBNIVEL,CAQ_ID,CAQ_ID_PAI,LAQ_ID) VALUES (30,1,0,0,0,6,0,30,27,1);
INSERT INTO SUP.LCA_LAYOUT_CONTA_ANALISE_QUANT (LCA_ID,LCA_IB_EDITAR_AJUSTE,LCA_IB_NEGRITO,LCA_IB_OBRIGATORIO,LCA_IB_SEPARACAO_DEPOIS,LCA_SQ_SEQUENCIAL,LCA_IB_SUBNIVEL,CAQ_ID,CAQ_ID_PAI,LAQ_ID) VALUES (31,1,0,0,0,7,0,31,27,1);
INSERT INTO SUP.LCA_LAYOUT_CONTA_ANALISE_QUANT (LCA_ID,LCA_IB_EDITAR_AJUSTE,LCA_IB_NEGRITO,LCA_IB_OBRIGATORIO,LCA_IB_SEPARACAO_DEPOIS,LCA_SQ_SEQUENCIAL,LCA_IB_SUBNIVEL,CAQ_ID,CAQ_ID_PAI,LAQ_ID) VALUES (32,1,0,0,1,8,0,32,27,1);
INSERT INTO SUP.LCA_LAYOUT_CONTA_ANALISE_QUANT (LCA_ID,LCA_IB_EDITAR_AJUSTE,LCA_IB_NEGRITO,LCA_IB_OBRIGATORIO,LCA_IB_SEPARACAO_DEPOIS,LCA_SQ_SEQUENCIAL,LCA_IB_SUBNIVEL,CAQ_ID,CAQ_ID_PAI,LAQ_ID) VALUES (33,1,0,0,0,9,0,33,26,1);
INSERT INTO SUP.LCA_LAYOUT_CONTA_ANALISE_QUANT (LCA_ID,LCA_IB_EDITAR_AJUSTE,LCA_IB_NEGRITO,LCA_IB_OBRIGATORIO,LCA_IB_SEPARACAO_DEPOIS,LCA_SQ_SEQUENCIAL,LCA_IB_SUBNIVEL,CAQ_ID,CAQ_ID_PAI,LAQ_ID) VALUES (34,1,0,0,0,10,0,34,26,1);
INSERT INTO SUP.LCA_LAYOUT_CONTA_ANALISE_QUANT (LCA_ID,LCA_IB_EDITAR_AJUSTE,LCA_IB_NEGRITO,LCA_IB_OBRIGATORIO,LCA_IB_SEPARACAO_DEPOIS,LCA_SQ_SEQUENCIAL,LCA_IB_SUBNIVEL,CAQ_ID,CAQ_ID_PAI,LAQ_ID) VALUES (35,1,0,0,0,11,0,35,26,1);
INSERT INTO SUP.LCA_LAYOUT_CONTA_ANALISE_QUANT (LCA_ID,LCA_IB_EDITAR_AJUSTE,LCA_IB_NEGRITO,LCA_IB_OBRIGATORIO,LCA_IB_SEPARACAO_DEPOIS,LCA_SQ_SEQUENCIAL,LCA_IB_SUBNIVEL,CAQ_ID,CAQ_ID_PAI,LAQ_ID) VALUES (36,1,0,0,0,12,0,36,26,1);
INSERT INTO SUP.LCA_LAYOUT_CONTA_ANALISE_QUANT (LCA_ID,LCA_IB_EDITAR_AJUSTE,LCA_IB_NEGRITO,LCA_IB_OBRIGATORIO,LCA_IB_SEPARACAO_DEPOIS,LCA_SQ_SEQUENCIAL,LCA_IB_SUBNIVEL,CAQ_ID,CAQ_ID_PAI,LAQ_ID) VALUES (37,1,0,0,0,13,0,37,26,1);
INSERT INTO SUP.LCA_LAYOUT_CONTA_ANALISE_QUANT (LCA_ID,LCA_IB_EDITAR_AJUSTE,LCA_IB_NEGRITO,LCA_IB_OBRIGATORIO,LCA_IB_SEPARACAO_DEPOIS,LCA_SQ_SEQUENCIAL,LCA_IB_SUBNIVEL,CAQ_ID,CAQ_ID_PAI,LAQ_ID) VALUES (38,1,0,0,0,14,0,38,26,1);
INSERT INTO SUP.LCA_LAYOUT_CONTA_ANALISE_QUANT (LCA_ID,LCA_IB_EDITAR_AJUSTE,LCA_IB_NEGRITO,LCA_IB_OBRIGATORIO,LCA_IB_SEPARACAO_DEPOIS,LCA_SQ_SEQUENCIAL,LCA_IB_SUBNIVEL,CAQ_ID,CAQ_ID_PAI,LAQ_ID) VALUES (39,1,0,0,0,15,0,39,26,1);
INSERT INTO SUP.LCA_LAYOUT_CONTA_ANALISE_QUANT (LCA_ID,LCA_IB_EDITAR_AJUSTE,LCA_IB_NEGRITO,LCA_IB_OBRIGATORIO,LCA_IB_SEPARACAO_DEPOIS,LCA_SQ_SEQUENCIAL,LCA_IB_SUBNIVEL,CAQ_ID,CAQ_ID_PAI,LAQ_ID) VALUES (40,1,0,0,0,16,0,40,26,1);
INSERT INTO SUP.LCA_LAYOUT_CONTA_ANALISE_QUANT (LCA_ID,LCA_IB_EDITAR_AJUSTE,LCA_IB_NEGRITO,LCA_IB_OBRIGATORIO,LCA_IB_SEPARACAO_DEPOIS,LCA_SQ_SEQUENCIAL,LCA_IB_SUBNIVEL,CAQ_ID,CAQ_ID_PAI,LAQ_ID) VALUES (41,1,0,0,0,17,0,41,26,1);
INSERT INTO SUP.LCA_LAYOUT_CONTA_ANALISE_QUANT (LCA_ID,LCA_IB_EDITAR_AJUSTE,LCA_IB_NEGRITO,LCA_IB_OBRIGATORIO,LCA_IB_SEPARACAO_DEPOIS,LCA_SQ_SEQUENCIAL,LCA_IB_SUBNIVEL,CAQ_ID,CAQ_ID_PAI,LAQ_ID) VALUES (42,1,0,0,0,18,0,42,26,1);
INSERT INTO SUP.LCA_LAYOUT_CONTA_ANALISE_QUANT (LCA_ID,LCA_IB_EDITAR_AJUSTE,LCA_IB_NEGRITO,LCA_IB_OBRIGATORIO,LCA_IB_SEPARACAO_DEPOIS,LCA_SQ_SEQUENCIAL,LCA_IB_SUBNIVEL,CAQ_ID,CAQ_ID_PAI,LAQ_ID) VALUES (43,1,0,1,1,19,0,43,26,1);
INSERT INTO SUP.LCA_LAYOUT_CONTA_ANALISE_QUANT (LCA_ID,LCA_IB_EDITAR_AJUSTE,LCA_IB_NEGRITO,LCA_IB_OBRIGATORIO,LCA_IB_SEPARACAO_DEPOIS,LCA_SQ_SEQUENCIAL,LCA_IB_SUBNIVEL,CAQ_ID,CAQ_ID_PAI,LAQ_ID) VALUES (44,0,1,1,0,20,0,44,25,1);
INSERT INTO SUP.LCA_LAYOUT_CONTA_ANALISE_QUANT (LCA_ID,LCA_IB_EDITAR_AJUSTE,LCA_IB_NEGRITO,LCA_IB_OBRIGATORIO,LCA_IB_SEPARACAO_DEPOIS,LCA_SQ_SEQUENCIAL,LCA_IB_SUBNIVEL,CAQ_ID,CAQ_ID_PAI,LAQ_ID) VALUES (45,1,0,0,0,21,0,45,44,1);
INSERT INTO SUP.LCA_LAYOUT_CONTA_ANALISE_QUANT (LCA_ID,LCA_IB_EDITAR_AJUSTE,LCA_IB_NEGRITO,LCA_IB_OBRIGATORIO,LCA_IB_SEPARACAO_DEPOIS,LCA_SQ_SEQUENCIAL,LCA_IB_SUBNIVEL,CAQ_ID,CAQ_ID_PAI,LAQ_ID) VALUES (46,1,0,0,0,22,0,46,44,1);
INSERT INTO SUP.LCA_LAYOUT_CONTA_ANALISE_QUANT (LCA_ID,LCA_IB_EDITAR_AJUSTE,LCA_IB_NEGRITO,LCA_IB_OBRIGATORIO,LCA_IB_SEPARACAO_DEPOIS,LCA_SQ_SEQUENCIAL,LCA_IB_SUBNIVEL,CAQ_ID,CAQ_ID_PAI,LAQ_ID) VALUES (47,1,0,0,0,23,0,47,44,1);
INSERT INTO SUP.LCA_LAYOUT_CONTA_ANALISE_QUANT (LCA_ID,LCA_IB_EDITAR_AJUSTE,LCA_IB_NEGRITO,LCA_IB_OBRIGATORIO,LCA_IB_SEPARACAO_DEPOIS,LCA_SQ_SEQUENCIAL,LCA_IB_SUBNIVEL,CAQ_ID,CAQ_ID_PAI,LAQ_ID) VALUES (48,1,0,0,0,24,0,48,44,1);
INSERT INTO SUP.LCA_LAYOUT_CONTA_ANALISE_QUANT (LCA_ID,LCA_IB_EDITAR_AJUSTE,LCA_IB_NEGRITO,LCA_IB_OBRIGATORIO,LCA_IB_SEPARACAO_DEPOIS,LCA_SQ_SEQUENCIAL,LCA_IB_SUBNIVEL,CAQ_ID,CAQ_ID_PAI,LAQ_ID) VALUES (49,1,0,0,0,25,0,49,44,1);
INSERT INTO SUP.LCA_LAYOUT_CONTA_ANALISE_QUANT (LCA_ID,LCA_IB_EDITAR_AJUSTE,LCA_IB_NEGRITO,LCA_IB_OBRIGATORIO,LCA_IB_SEPARACAO_DEPOIS,LCA_SQ_SEQUENCIAL,LCA_IB_SUBNIVEL,CAQ_ID,CAQ_ID_PAI,LAQ_ID) VALUES (50,1,1,1,0,27,0,51,25,1);
INSERT INTO SUP.LCA_LAYOUT_CONTA_ANALISE_QUANT (LCA_ID,LCA_IB_EDITAR_AJUSTE,LCA_IB_NEGRITO,LCA_IB_OBRIGATORIO,LCA_IB_SEPARACAO_DEPOIS,LCA_SQ_SEQUENCIAL,LCA_IB_SUBNIVEL,CAQ_ID,CAQ_ID_PAI,LAQ_ID) VALUES (51,1,0,1,1,26,0,50,44,1);
INSERT INTO SUP.LCA_LAYOUT_CONTA_ANALISE_QUANT (LCA_ID,LCA_IB_EDITAR_AJUSTE,LCA_IB_NEGRITO,LCA_IB_OBRIGATORIO,LCA_IB_SEPARACAO_DEPOIS,LCA_SQ_SEQUENCIAL,LCA_IB_SUBNIVEL,CAQ_ID,CAQ_ID_PAI,LAQ_ID) VALUES (52,0,1,1,0,1,0,1,null,2);
INSERT INTO SUP.LCA_LAYOUT_CONTA_ANALISE_QUANT (LCA_ID,LCA_IB_EDITAR_AJUSTE,LCA_IB_NEGRITO,LCA_IB_OBRIGATORIO,LCA_IB_SEPARACAO_DEPOIS,LCA_SQ_SEQUENCIAL,LCA_IB_SUBNIVEL,CAQ_ID,CAQ_ID_PAI,LAQ_ID) VALUES (53,0,1,1,0,2,0,2,1,2);
INSERT INTO SUP.LCA_LAYOUT_CONTA_ANALISE_QUANT (LCA_ID,LCA_IB_EDITAR_AJUSTE,LCA_IB_NEGRITO,LCA_IB_OBRIGATORIO,LCA_IB_SEPARACAO_DEPOIS,LCA_SQ_SEQUENCIAL,LCA_IB_SUBNIVEL,CAQ_ID,CAQ_ID_PAI,LAQ_ID) VALUES (54,1,0,0,0,3,0,3,2,2);
INSERT INTO SUP.LCA_LAYOUT_CONTA_ANALISE_QUANT (LCA_ID,LCA_IB_EDITAR_AJUSTE,LCA_IB_NEGRITO,LCA_IB_OBRIGATORIO,LCA_IB_SEPARACAO_DEPOIS,LCA_SQ_SEQUENCIAL,LCA_IB_SUBNIVEL,CAQ_ID,CAQ_ID_PAI,LAQ_ID) VALUES (55,0,1,1,0,1,0,25,null,2);

INSERT INTO SUP.LOI_LAYOUT_OUTRA_INFO_ANALISE_QUANT (LOI_ID,LOI_IB_EXIBIR_NULO,LOI_NU_CASAS_DECIMAIS,LOI_NU_CASAS_INTEIRAS,LOI_SQ_SEQUENCIAL,LOI_CD_TIPO_EDICAO,LAQ_ID,OIA_ID) VALUES (1,0,0,5,1,1,1,4);
INSERT INTO SUP.LOI_LAYOUT_OUTRA_INFO_ANALISE_QUANT (LOI_ID,LOI_IB_EXIBIR_NULO,LOI_NU_CASAS_DECIMAIS,LOI_NU_CASAS_INTEIRAS,LOI_SQ_SEQUENCIAL,LOI_CD_TIPO_EDICAO,LAQ_ID,OIA_ID) VALUES (2,0,0,5,2,1,1,3);
INSERT INTO SUP.LOI_LAYOUT_OUTRA_INFO_ANALISE_QUANT (LOI_ID,LOI_IB_EXIBIR_NULO,LOI_NU_CASAS_DECIMAIS,LOI_NU_CASAS_INTEIRAS,LOI_SQ_SEQUENCIAL,LOI_CD_TIPO_EDICAO,LAQ_ID,OIA_ID) VALUES (3,0,0,5,3,1,1,2);
INSERT INTO SUP.LOI_LAYOUT_OUTRA_INFO_ANALISE_QUANT (LOI_ID,LOI_IB_EXIBIR_NULO,LOI_NU_CASAS_DECIMAIS,LOI_NU_CASAS_INTEIRAS,LOI_SQ_SEQUENCIAL,LOI_CD_TIPO_EDICAO,LAQ_ID,OIA_ID) VALUES (4,0,0,5,4,1,1,1);
INSERT INTO SUP.LOI_LAYOUT_OUTRA_INFO_ANALISE_QUANT (LOI_ID,LOI_IB_EXIBIR_NULO,LOI_NU_CASAS_DECIMAIS,LOI_NU_CASAS_INTEIRAS,LOI_SQ_SEQUENCIAL,LOI_CD_TIPO_EDICAO,LAQ_ID,OIA_ID) VALUES (5,0,2,2,1,2,1,7);
INSERT INTO SUP.LOI_LAYOUT_OUTRA_INFO_ANALISE_QUANT (LOI_ID,LOI_IB_EXIBIR_NULO,LOI_NU_CASAS_DECIMAIS,LOI_NU_CASAS_INTEIRAS,LOI_SQ_SEQUENCIAL,LOI_CD_TIPO_EDICAO,LAQ_ID,OIA_ID) VALUES (6,0,2,2,2,2,1,6);
INSERT INTO SUP.LOI_LAYOUT_OUTRA_INFO_ANALISE_QUANT (LOI_ID,LOI_IB_EXIBIR_NULO,LOI_NU_CASAS_DECIMAIS,LOI_NU_CASAS_INTEIRAS,LOI_SQ_SEQUENCIAL,LOI_CD_TIPO_EDICAO,LAQ_ID,OIA_ID) VALUES (7,0,2,2,3,2,1,5);
INSERT INTO SUP.LOI_LAYOUT_OUTRA_INFO_ANALISE_QUANT (LOI_ID,LOI_IB_EXIBIR_NULO,LOI_NU_CASAS_DECIMAIS,LOI_NU_CASAS_INTEIRAS,LOI_SQ_SEQUENCIAL,LOI_CD_TIPO_EDICAO,LAQ_ID,OIA_ID) VALUES (8,1,0,5,1,1,1,9);
INSERT INTO SUP.LOI_LAYOUT_OUTRA_INFO_ANALISE_QUANT (LOI_ID,LOI_IB_EXIBIR_NULO,LOI_NU_CASAS_DECIMAIS,LOI_NU_CASAS_INTEIRAS,LOI_SQ_SEQUENCIAL,LOI_CD_TIPO_EDICAO,LAQ_ID,OIA_ID) VALUES (9,1,1,2,2,2,1,8);
INSERT INTO SUP.LOI_LAYOUT_OUTRA_INFO_ANALISE_QUANT (LOI_ID,LOI_IB_EXIBIR_NULO,LOI_NU_CASAS_DECIMAIS,LOI_NU_CASAS_INTEIRAS,LOI_SQ_SEQUENCIAL,LOI_CD_TIPO_EDICAO,LAQ_ID,OIA_ID) VALUES (10,1,0,5,1,1,2,4);
INSERT INTO SUP.LOI_LAYOUT_OUTRA_INFO_ANALISE_QUANT (LOI_ID,LOI_IB_EXIBIR_NULO,LOI_NU_CASAS_DECIMAIS,LOI_NU_CASAS_INTEIRAS,LOI_SQ_SEQUENCIAL,LOI_CD_TIPO_EDICAO,LAQ_ID,OIA_ID) VALUES (11,1,0,5,2,1,2,3);
INSERT INTO SUP.LOI_LAYOUT_OUTRA_INFO_ANALISE_QUANT (LOI_ID,LOI_IB_EXIBIR_NULO,LOI_NU_CASAS_DECIMAIS,LOI_NU_CASAS_INTEIRAS,LOI_SQ_SEQUENCIAL,LOI_CD_TIPO_EDICAO,LAQ_ID,OIA_ID) VALUES (12,1,0,5,3,1,2,19);
INSERT INTO SUP.LOI_LAYOUT_OUTRA_INFO_ANALISE_QUANT (LOI_ID,LOI_IB_EXIBIR_NULO,LOI_NU_CASAS_DECIMAIS,LOI_NU_CASAS_INTEIRAS,LOI_SQ_SEQUENCIAL,LOI_CD_TIPO_EDICAO,LAQ_ID,OIA_ID) VALUES (14,0,2,2,1,2,2,7);
INSERT INTO SUP.LOI_LAYOUT_OUTRA_INFO_ANALISE_QUANT (LOI_ID,LOI_IB_EXIBIR_NULO,LOI_NU_CASAS_DECIMAIS,LOI_NU_CASAS_INTEIRAS,LOI_SQ_SEQUENCIAL,LOI_CD_TIPO_EDICAO,LAQ_ID,OIA_ID) VALUES (15,0,2,2,2,2,2,20);
INSERT INTO SUP.LOI_LAYOUT_OUTRA_INFO_ANALISE_QUANT (LOI_ID,LOI_IB_EXIBIR_NULO,LOI_NU_CASAS_DECIMAIS,LOI_NU_CASAS_INTEIRAS,LOI_SQ_SEQUENCIAL,LOI_CD_TIPO_EDICAO,LAQ_ID,OIA_ID) VALUES (17,1,0,5,1,1,2,9);
INSERT INTO SUP.LOI_LAYOUT_OUTRA_INFO_ANALISE_QUANT (LOI_ID,LOI_IB_EXIBIR_NULO,LOI_NU_CASAS_DECIMAIS,LOI_NU_CASAS_INTEIRAS,LOI_SQ_SEQUENCIAL,LOI_CD_TIPO_EDICAO,LAQ_ID,OIA_ID) VALUES (18,1,1,2,2,2,2,21);

COMMIT;