INSERT INTO SUP.MET_METODOLOGIA_SRC (MET_ID,MET_DS,MET_DS_TITULO,MET_CD_ESTADO,MET_IB_DEFAULT,MET_DT_INCLUSAO,MET_CD_OPER_ATUALZ,MET_DH_ATUALZ,MET_NU_VERSAO)VALUES(1,'Segunda versão da metodologia que será utilizada pelo SCR','Metodologia SRC versão 2',1,2,{d '2014-03-17'},'deliq.sisliq105',{ts '2014-03-17 00:00:00'},0);
INSERT INTO SUP.MET_METODOLOGIA_SRC (MET_ID,MET_DS,MET_DS_TITULO,MET_CD_ESTADO,MET_IB_DEFAULT,MET_DT_INCLUSAO,MET_CD_OPER_ATUALZ,MET_DH_ATUALZ,MET_NU_VERSAO) VALUES (2,'Primeira versão da metodologia default que será utilizada pelo SCR','Metodologia SRC versão inicial',1,1,{d '2014-03-17'},'deliq.sisliq105',{ts '2014-03-17 00:00:00'},0);
INSERT INTO SUP.PRC_PAR_GRP_RIS_CON (PRC_ID,PRC_DS,PRC_DS_END_MANUAL,PRC_NM,PRC_NM_ABREVIADO,PRC_NU_ORDEM,PRC_CD_TIPO,MET_ID,PRC_CD_OPER_ATUALZ,PRC_DH_ATUALZ,PRC_NU_VERSAO) VALUES (2,'Corresponde ao conjunto de políticas, processos, procedimentos, pessoas e sistemas por meio dos quais a instituição gerencia, de forma contínua, sua exposição ao risco de crédito de suas operações.','1-60-30-10 - Risco de Crédito.htm','Gestão do Risco de Crédito','GRC',1,2,2,'deliq.sisliq105',{ts '2014-03-17 00:00:00'},0);
INSERT INTO SUP.PRC_PAR_GRP_RIS_CON (PRC_ID,PRC_DS,PRC_DS_END_MANUAL,PRC_NM,PRC_NM_ABREVIADO,PRC_NU_ORDEM,PRC_CD_TIPO,PRC_ID_CONTROLE,MET_ID,PRC_CD_OPER_ATUALZ,PRC_DH_ATUALZ,PRC_NU_VERSAO) VALUES (1,'É a falta de cumprimento, pela parte devedora, das obrigações assumidas nos contratos celebrados com a instituição.','1-60-30-20 - Gestão do Risco de Crédito.htm','Risco de Crédito','CRE',1,1,2,2,'deliq.sisliq105',{ts '2014-03-17 00:00:00'},0);
INSERT INTO SUP.PRC_PAR_GRP_RIS_CON (PRC_ID,PRC_DS,PRC_DS_END_MANUAL,PRC_NM,PRC_NM_ABREVIADO,PRC_NU_ORDEM,PRC_CD_TIPO,MET_ID,PRC_CD_OPER_ATUALZ,PRC_DH_ATUALZ,PRC_NU_VERSAO) VALUES (4,'Descrição do controle 4','1-60-30-10 - Risco de Crédito.htm','Controle de Inadimplência','GRI',1,2,2,'deliq.sisliq105',{ts '2014-03-17 00:00:00'},0);
INSERT INTO SUP.PRC_PAR_GRP_RIS_CON (PRC_ID,PRC_DS,PRC_DS_END_MANUAL,PRC_NM,PRC_NM_ABREVIADO,PRC_NU_ORDEM,PRC_CD_TIPO,PRC_ID_CONTROLE,MET_ID,PRC_CD_OPER_ATUALZ,PRC_DH_ATUALZ,PRC_NU_VERSAO) VALUES (3,'Decricao do grupo 3','1-60-30-20 - Gestão do Risco de Crédito.htm','Risco Inadimplência','CRI',1,1,4,2,'deliq.sisliq105',{ts '2014-03-17 00:00:00'},0);
INSERT INTO SUP.PEL_PAR_ELEMENTO_RIS_CON (PEL_ID,PEL_DS,PEL_DS_END_MANUAL,PEL_NM,PEL_NU_ORDEM,PEL_CD_OPER_ATUALZ,PEL_DH_ATUALZ,PRC_ID,MET_ID,PEL_NU_VERSAO) VALUES (1,'É o risco de perdas decorrentes da falta de transferência de recursos com trânsito por terceiros, ou da disponibilização de recursos e/ou entrega de ativos.','1-60-30-10 - Risco de Crédito.htm#Risco4','Risco de Liquidação',1,'deliq.sisliq105',{ts '2014-03-17 00:00:00'},1,2,0);
INSERT INTO SUP.PEL_PAR_ELEMENTO_RIS_CON (PEL_ID,PEL_DS,PEL_DS_END_MANUAL,PEL_NM,PEL_NU_ORDEM,PEL_CD_OPER_ATUALZ,PEL_DH_ATUALZ,PRC_ID,MET_ID,PEL_NU_VERSAO) VALUES (2,'Neste elemento de controle, avaliar as estratégias e políticas para gestão do risco de crédito, bem como a adequação da estrutura da área de crédito e dos comitês de crédito.','1-60-30-20 - Gestão do Risco de Crédito.htm#Gestão1','Ambiente de controle',1,'deliq.sisliq105',{ts '2014-03-17 00:00:00'},2,2,0);
INSERT INTO SUP.PEL_PAR_ELEMENTO_RIS_CON (PEL_ID,PEL_NM,PEL_DS,PEL_DS_END_MANUAL,PEL_NU_ORDEM,PRC_ID,MET_ID,PEL_DH_ATUALZ,PEL_CD_OPER_ATUALZ,PEL_NU_VERSAO) VALUES (3,'Risco de Liquidação','É o risco de perdas decorrentes da falta de transferência de recursos com trânsito por terceiros, ou da disponibilização de recursos e/ou entrega de ativos.','1-60-30-10 - Risco de Crédito.htm#Risco4',1,3,2,{ts '2014-03-17 00:00:00'},'deliq.sisliq105',0);
INSERT INTO SUP.PEL_PAR_ELEMENTO_RIS_CON (PEL_ID,PEL_NM,PEL_DS,PEL_DS_END_MANUAL,PEL_NU_ORDEM,PRC_ID,MET_ID,PEL_DH_ATUALZ,PEL_CD_OPER_ATUALZ,PEL_NU_VERSAO) VALUES (4,'Ambiente de controle','Neste elemento de controle, avaliar as estratégias e políticas para gestão do risco de crédito, bem como a adequação da estrutura da área de crédito e dos comitês de crédito.','1-60-30-20 - Gestão do Risco de Crédito.htm#Gestão1',1,4,2,{ts '2014-03-17 00:00:00'},'deliq.sisliq105',0);
INSERT INTO SUP.PIE_PAR_ITEM_ELEMENTO (PIE_ID,PIE_CD_OPER_ATUALZ,PIE_DH_ATUALZ,PIE_NU_VERSAO,PIE_DS_END_MANUAL,PIE_NM,MET_ID,PEL_ID) VALUES (1,'deliq.sisliq105',{ts '2014-03-17 00:00:00'},0,'1-10-10-10 - Limites.htm', 'Limites', 2, 1);
INSERT INTO SUP.PIE_PAR_ITEM_ELEMENTO (PIE_ID,PIE_CD_OPER_ATUALZ,PIE_DH_ATUALZ,PIE_NU_VERSAO,PIE_DS_END_MANUAL,PIE_NM,MET_ID,PEL_ID) VALUES (2,'deliq.sisliq105',{ts '2014-03-17 00:00:00'},0,'1-10-10-10 - Derivativos.htm', 'Derivativos', 2, 1);
INSERT INTO SUP.PIE_PAR_ITEM_ELEMENTO (PIE_ID,PIE_CD_OPER_ATUALZ,PIE_DH_ATUALZ,PIE_NU_VERSAO,PIE_DS_END_MANUAL,PIE_NM,MET_ID,PEL_ID) VALUES (3,'deliq.sisliq105',{ts '2014-03-17 00:00:00'},0,'1-10-10-10 - Risco de mercado.htm', 'Risco de mercado', 2, 2);
INSERT INTO SUP.PIE_PAR_ITEM_ELEMENTO (PIE_ID,PIE_CD_OPER_ATUALZ,PIE_DH_ATUALZ,PIE_NU_VERSAO,PIE_DS_END_MANUAL,PIE_NM,MET_ID,PEL_ID) VALUES (4,'deliq.sisliq105',{ts '2014-03-17 00:00:00'},0,'1-10-10-10 - Risco de taxas de juros.htm', 'Risco de taxas de juros', 2, 2);
INSERT INTO SUP.PIE_PAR_ITEM_ELEMENTO (PIE_ID,PIE_CD_OPER_ATUALZ,PIE_DH_ATUALZ,PIE_NU_VERSAO,PIE_DS_END_MANUAL,PIE_NM,MET_ID,PEL_ID) VALUES (5,'deliq.sisliq105',{ts '2014-03-17 00:00:00'},0,'1-10-10-10 - Limites.htm', 'Limites', 2, 3);
INSERT INTO SUP.PIE_PAR_ITEM_ELEMENTO (PIE_ID,PIE_CD_OPER_ATUALZ,PIE_DH_ATUALZ,PIE_NU_VERSAO,PIE_DS_END_MANUAL,PIE_NM,MET_ID,PEL_ID) VALUES (6,'deliq.sisliq105',{ts '2014-03-17 00:00:00'},0,'1-10-10-10 - Derivativos.htm', 'Derivativos', 2, 3);
INSERT INTO SUP.PIE_PAR_ITEM_ELEMENTO (PIE_ID,PIE_CD_OPER_ATUALZ,PIE_DH_ATUALZ,PIE_NU_VERSAO,PIE_DS_END_MANUAL,PIE_NM,MET_ID,PEL_ID) VALUES (7,'deliq.sisliq105',{ts '2014-03-17 00:00:00'},0,'1-10-10-10 - Risco de mercado.htm', 'Risco de mercado', 2, 4);
INSERT INTO SUP.PIE_PAR_ITEM_ELEMENTO (PIE_ID,PIE_CD_OPER_ATUALZ,PIE_DH_ATUALZ,PIE_NU_VERSAO,PIE_DS_END_MANUAL,PIE_NM,MET_ID,PEL_ID) VALUES (8,'deliq.sisliq105',{ts '2014-03-17 00:00:00'},0,'1-10-10-10 - Risco de taxas de juros.htm', 'Risco de taxas de juros', 2, 4);
INSERT INTO SUP.PFR_PAR_FATOR_RELEV_RIS_CON (PFR_ID,PFR_VL_ALFA,PFR_VL_BETA,MET_ID,PFR_CD_OPER_ATUALZ,PFR_DH_ATUALZ,PFR_NU_VERSAO) VALUES (1,0.5,0.5,2,'deliq.sisliq105',{ts '2014-03-17 00:00:00'},0);
INSERT INTO SUP.PNO_PAR_NOTA (PNO_ID,PNO_CD_VALOR,PNO_VL_LIM_INFER,PNO_VL_LIM_SUPER,PNO_IB_NOTA_NA,MET_ID,PNO_CD_GRAU_PREOCUPACAO,PNO_CD_OPER_ATUALZ,PNO_DH_ATUALZ,PNO_NU_VERSAO) VALUES (1,'1',1.0,1.9,0,2,1,'deliq.sisliq105',{ts '2014-03-17 00:00:00'},0);
INSERT INTO SUP.PNO_PAR_NOTA (PNO_ID,PNO_CD_VALOR,PNO_VL_LIM_INFER,PNO_VL_LIM_SUPER,PNO_IB_NOTA_NA,MET_ID,PNO_CD_GRAU_PREOCUPACAO,PNO_CD_OPER_ATUALZ,PNO_DH_ATUALZ,PNO_NU_VERSAO) VALUES (2,'2',2.0,2.9,0,2,2,'deliq.sisliq105',{ts '2014-03-17 00:00:00'},0);
INSERT INTO SUP.PNO_PAR_NOTA (PNO_ID,PNO_CD_VALOR,PNO_VL_LIM_INFER,PNO_VL_LIM_SUPER,PNO_IB_NOTA_NA,MET_ID,PNO_CD_GRAU_PREOCUPACAO,PNO_CD_OPER_ATUALZ,PNO_DH_ATUALZ,PNO_NU_VERSAO) VALUES (3,'3',3.0,3.9,0,2,3,'deliq.sisliq105',{ts '2014-03-17 00:00:00'},0);
INSERT INTO SUP.PNO_PAR_NOTA (PNO_ID,PNO_CD_VALOR,PNO_VL_LIM_INFER,PNO_VL_LIM_SUPER,PNO_IB_NOTA_NA,MET_ID,PNO_CD_GRAU_PREOCUPACAO,PNO_CD_OPER_ATUALZ,PNO_DH_ATUALZ,PNO_NU_VERSAO) VALUES (4,'4',4.0,4.9,0,2,4,'deliq.sisliq105',{ts '2014-03-17 00:00:00'},0);
INSERT INTO SUP.PNO_PAR_NOTA (PNO_ID,PNO_CD_VALOR,PNO_VL_LIM_INFER,PNO_VL_LIM_SUPER,PNO_IB_NOTA_NA,MET_ID,PNO_CD_GRAU_PREOCUPACAO,PNO_CD_OPER_ATUALZ,PNO_DH_ATUALZ,PNO_NU_VERSAO) VALUES (5,'5',5.0,5.9,0,2,5,'deliq.sisliq105',{ts '2014-03-17 00:00:00'},0);
INSERT INTO SUP.PNO_PAR_NOTA (PNO_ID,PNO_CD_VALOR,PNO_VL_LIM_INFER,PNO_VL_LIM_SUPER,PNO_IB_NOTA_NA,MET_ID,PNO_CD_GRAU_PREOCUPACAO,PNO_CD_OPER_ATUALZ,PNO_DH_ATUALZ,PNO_NU_VERSAO) VALUES (6,'0',null,null,1,2,0,'deliq.sisliq105',{ts '2014-03-17 00:00:00'},0);
INSERT INTO SUP.PPS_PAR_PESO (PPS_ID,PPS_DS,PPS_SL,PPS_QT,MET_ID,PPS_CD_OPER_ATUALZ,PPS_DH_ATUALZ,PPS_NU_VERSAO) VALUES (1,'baixo','b',1,2,'deliq.sisliq105',{ts '2014-03-17 00:00:00'},0);
INSERT INTO SUP.PPS_PAR_PESO (PPS_ID,PPS_DS,PPS_SL,PPS_QT,MET_ID,PPS_CD_OPER_ATUALZ,PPS_DH_ATUALZ,PPS_NU_VERSAO) VALUES (2,'médio-baixo','mb',2,2,'deliq.sisliq105',{ts '2014-03-17 00:00:00'},0);
INSERT INTO SUP.PPS_PAR_PESO (PPS_ID,PPS_DS,PPS_SL,PPS_QT,MET_ID,PPS_CD_OPER_ATUALZ,PPS_DH_ATUALZ,PPS_NU_VERSAO) VALUES (3,'médio-alto','ma',4,2,'deliq.sisliq105',{ts '2014-03-17 00:00:00'},0);
INSERT INTO SUP.PPS_PAR_PESO (PPS_ID,PPS_DS,PPS_SL,PPS_QT,MET_ID,PPS_CD_OPER_ATUALZ,PPS_DH_ATUALZ,PPS_NU_VERSAO) VALUES (4,'alto','a',8,2,'deliq.sisliq105',{ts '2014-03-17 00:00:00'},0);
INSERT INTO SUP.PTA_PAR_TIPO_ATIVIDADE_NEGOCIO (PTA_ID,PTA_NM,PTA_DS,PTA_DS_END_MANUAL,PTA_DH_ATUALZ,PTA_CD_OPER_ATUALZ,MET_ID,PTA_NU_VERSAO) VALUES (1,'Crédito Varejo','A Atividade de Negócio Crédito é a responsável pela intermediação entre os clientes doadores de recursos e clientes tomadores.','Não informado',{ts '2014-03-17 00:00:00'},'deliq.sisliq105',2,0);
INSERT INTO SUP.PTA_PAR_TIPO_ATIVIDADE_NEGOCIO (PTA_ID,PTA_NM,PTA_DS,PTA_DS_END_MANUAL,PTA_DH_ATUALZ,PTA_CD_OPER_ATUALZ,MET_ID,PTA_NU_VERSAO) VALUES (2,'Crédito Atacado','A Atividade de Negócio Crédito é a responsável pela intermediação entre os clientes doadores de recursos e clientes tomadores.','Não informado',{ts '2014-03-17 00:00:00'},'deliq.sisliq105',2,0);
INSERT INTO SUP.PTA_PAR_TIPO_ATIVIDADE_NEGOCIO (PTA_ID,PTA_NM,PTA_DS,PTA_DS_END_MANUAL,PTA_DH_ATUALZ,PTA_CD_OPER_ATUALZ,MET_ID,PTA_NU_VERSAO) VALUES (3,'Tesouraria','Em geral a tesouraria consiste na mesa de operações onde são negociados títulos e valores mobiliários, públicos e privados, e derivativos relacionados ao mercado interno.','Não informado',{ts '2014-03-17 00:00:00'},'deliq.sisliq105',2,0);
INSERT INTO SUP.PTA_PAR_TIPO_ATIVIDADE_NEGOCIO (PTA_ID,PTA_NM,PTA_DS,PTA_DS_END_MANUAL,PTA_DH_ATUALZ,PTA_CD_OPER_ATUALZ,MET_ID,PTA_NU_VERSAO) VALUES (4,'Não Supervisionáveis','Não Supervisionáveis','Não informado',{ts '2014-03-17 00:00:00'},'deliq.sisliq105',2,0);
INSERT INTO SUP.PTA_PAR_TIPO_ATIVIDADE_NEGOCIO (PTA_ID,PTA_NM,PTA_DS,PTA_DS_END_MANUAL,PTA_DH_ATUALZ,PTA_CD_OPER_ATUALZ,MET_ID,PTA_NU_VERSAO) VALUES (5,'Serviços','Serviços','Não informado',{ts '2014-03-17 00:00:00'},'deliq.sisliq105',2,0);
INSERT INTO SUP.PTA_PAR_TIPO_ATIVIDADE_NEGOCIO (PTA_ID,PTA_NM,PTA_DS,PTA_DS_END_MANUAL,PTA_DH_ATUALZ,PTA_CD_OPER_ATUALZ,MET_ID,PTA_NU_VERSAO) VALUES (6,'Câmbio','Essa atividade é denominada mercado primário e tem como objetivo atender à demanda de clientes realizando operações de câmbio de exportação, importação ou ingressos/remessas financeiras','Não informado',{ts '2014-03-17 00:00:00'},'deliq.sisliq105',2,0);
INSERT INTO SUP.PTA_PAR_TIPO_ATIVIDADE_NEGOCIO (PTA_ID,PTA_NM,PTA_DS,PTA_DS_END_MANUAL,PTA_DH_ATUALZ,PTA_CD_OPER_ATUALZ,MET_ID,PTA_NU_VERSAO) VALUES (7,'Unidades no Exterior','Unidades no Exterior','Não informado',{ts '2014-03-17 00:00:00'},'deliq.sisliq105',2,0);
INSERT INTO SUP.PTA_PAR_TIPO_ATIVIDADE_NEGOCIO (PTA_ID,PTA_NM,PTA_DS,PTA_DS_END_MANUAL,PTA_DH_ATUALZ,PTA_CD_OPER_ATUALZ,MET_ID,PTA_NU_VERSAO) VALUES (8,'Outras','Outras','Não informado',{ts '2014-03-17 00:00:00'},'deliq.sisliq105',2,0);
INSERT INTO SUP.ENS_ENTIDADE_SUPERVISIONAVEL (ENS_ID,ENS_NM,ENS_CD_CNPJ,ENS_IB_PERTENCE_SRC,ENS_CD_MAT_SUP_RESP,ENS_CD_PRIORIDADE,ENS_DH_ATUALZ,ENS_CD_OPER_ATUALZ,ENS_DT_INCLUSAO, MET_ID, ENS_NU_VERSAO, ENS_DS_LOCALIZACAO)VALUES (1,'BRADESCO','10045','0','96186186',null,{ts '2014-03-17 00:00:00'},'deliq.sisliq105',{ts '2014-03-17 00:00:00'},2, 1, 'localizacao');
INSERT INTO SUP.ENS_ENTIDADE_SUPERVISIONAVEL (ENS_ID,ENS_NM,ENS_CD_CNPJ,ENS_IB_PERTENCE_SRC,ENS_CD_MAT_SUP_RESP,ENS_CD_PRIORIDADE,ENS_DH_ATUALZ,ENS_CD_OPER_ATUALZ,ENS_DT_INCLUSAO, MET_ID, ENS_NU_VERSAO, ENS_DS_LOCALIZACAO)VALUES (2,'BCO RABOBANK INTL BRASIL S.A.','1023570','1','96186186',null,{ts '2014-03-17 00:00:00'},'deliq.sisliq105',{ts '2014-03-17 00:00:00'},2, 1, 'localizacao');
INSERT INTO SUP.ECI_ESTADO_CICLO(ECI_ID, ECI_CD_ESTADO, ECI_CD_OPER_ATUALZ,ECI_DH_ATUALZ, ECI_NU_VERSAO,CIC_ID)VALUES (1, '1', 'deliq.sisliq105','2014-03-17 00:00:00', 1,null);
INSERT INTO SUP.ECI_ESTADO_CICLO(ECI_ID, ECI_CD_ESTADO, ECI_CD_OPER_ATUALZ,ECI_DH_ATUALZ, ECI_NU_VERSAO,CIC_ID)VALUES (2, '2', 'deliq.sisliq105','2014-03-17 00:00:00', 1,null);
INSERT INTO SUP.ECI_ESTADO_CICLO(ECI_ID, ECI_CD_ESTADO, ECI_CD_OPER_ATUALZ,ECI_DH_ATUALZ, ECI_NU_VERSAO,CIC_ID)VALUES (3, '4', 'deliq.sisliq105','2014-03-17 00:00:00', 1,null);
INSERT INTO SUP.PTE_PAR_TENDENCIA (PTE_ID,PTE_NM,PTE_DS,MET_ID,PTE_DH_ATUALZ,PTE_CD_OPER_ATUALZ,PTE_NU_VERSAO) VALUES (1,'Estabilidade','Quando os pontos assinalados indicam uma possibilidade de ausência de mudanças da nota futura ou dentro da mesma nota num horizonte de tempo pré-definido.',2,{ts '2014-03-17 00:00:00'},'deliq.sisliq105',0);
INSERT INTO SUP.PTE_PAR_TENDENCIA (PTE_ID,PTE_NM,PTE_DS,MET_ID,PTE_DH_ATUALZ,PTE_CD_OPER_ATUALZ,PTE_NU_VERSAO) VALUES (2,'Melhora','Quando os pontos assinalados indicam uma possibilidade de melhora da nota futura ou dentro da mesma nota num horizonte de tempo pré-definido.',2,{ts '2014-03-17 00:00:00'},'deliq.sisliq105',0);
INSERT INTO SUP.PTE_PAR_TENDENCIA (PTE_ID,PTE_NM,PTE_DS,MET_ID,PTE_DH_ATUALZ,PTE_CD_OPER_ATUALZ,PTE_NU_VERSAO) VALUES (3,'Piora','Quando os pontos assinalados indicam uma possibilidade de piora da nota futura ou dentro da mesma nota num horizonte de tempo pré-definido.',2,{ts '2014-03-17 00:00:00'},'deliq.sisliq105',0);
