DELETE FROM SUP.PPD_PAR_PRIORIDADE_ES;
DELETE FROM SUP.PST_PAR_SITUACAO WHERE MET_ID > 9999;
DELETE FROM SUP.PFR_PAR_FATOR_RELEV_RIS_CON WHERE MET_ID > 9999;
DELETE FROM SUP.PTE_PAR_TENDENCIA WHERE MET_ID > 9999;
DELETE FROM SUP.PPS_PAR_PESO WHERE MET_ID > 9999;
DELETE FROM SUP.PPR_PAR_PERSPECTIVA WHERE MET_ID > 9999;
DELETE FROM SUP.PNO_PAR_NOTA WHERE MET_ID > 9999;
DELETE FROM SUP.PTA_PAR_TIPO_ATIVIDADE_NEGOCIO WHERE MET_ID > 9999;
DELETE FROM SUP.PIE_PAR_ITEM_ELEMENTO WHERE MET_ID > 9999;
DELETE FROM SUP.PEL_PAR_ELEMENTO_RIS_CON WHERE MET_ID > 9999;
DELETE FROM SUP.PRC_PAR_GRP_RIS_CON WHERE MET_ID > 9999;
DELETE FROM SUP.MET_METODOLOGIA_SRC WHERE MET_ID > 9999;

-- ================ Metodologia ===================
INSERT INTO "SUP"."MET_METODOLOGIA_SRC" (MET_ID, MET_DS, MET_DS_TITULO, MET_CD_ESTADO, MET_IB_DEFAULT, MET_DT_INCLUSAO, MET_DH_ATUALZ, MET_CD_OPER_ATUALZ, MET_NU_VERSAO)
VALUES (10000, 'Metodologia inicial para todos os ciclos', 'Metodologia base', 1, 1, current date, current timestamp, 'script', 1);

-- ================ Par Situação =================== 
INSERT INTO "SUP"."PST_PAR_SITUACAO" (PST_ID, PST_NM, PST_DS, PST_IB_NORMALIDADE, MET_ID, PST_DH_ATUALZ, PST_CD_OPER_ATUALZ, PST_NU_VERSAO)
VALUES (1000, 'Normal', 'Normal', 0, 10000, current timestamp, 'script', 1);
INSERT INTO "SUP"."PST_PAR_SITUACAO" (PST_ID, PST_NM, PST_DS, PST_IB_NORMALIDADE, MET_ID, PST_DH_ATUALZ, PST_CD_OPER_ATUALZ, PST_NU_VERSAO)
VALUES (1001, 'Em Atenção', 'Em Atenção', 1, 10000, current timestamp, 'script', 1);
INSERT INTO "SUP"."PST_PAR_SITUACAO" (PST_ID, PST_NM, PST_DS, PST_IB_NORMALIDADE, MET_ID, PST_DH_ATUALZ, PST_CD_OPER_ATUALZ, PST_NU_VERSAO)
VALUES (1002, 'sob Acompanhamento Especial', 'sob Acompanhamento Especial', 1, 10000, current timestamp, 'script', 1);

-- ================ Par Fator Rel R e C ===================
INSERT INTO "SUP"."PFR_PAR_FATOR_RELEV_RIS_CON" (PFR_ID, PFR_VL_ALFA, PFR_VL_BETA, MET_ID, PFR_DH_ATUALZ, PFR_CD_OPER_ATUALZ, PFR_NU_VERSAO)
VALUES (1000, 0.55, 0.45, 10000, current timestamp, 'script', 1);

-- ================ Par Tendência ===================
INSERT INTO "SUP"."PTE_PAR_TENDENCIA" (PTE_ID, PTE_NM, PTE_DS, MET_ID, PTE_DH_ATUALZ, PTE_CD_OPER_ATUALZ, PTE_NU_VERSAO)
VALUES (1000, 'Estabilidade', '', 10000, current timestamp, 'script', 1);
INSERT INTO "SUP"."PTE_PAR_TENDENCIA" (PTE_ID, PTE_NM, PTE_DS, MET_ID, PTE_DH_ATUALZ, PTE_CD_OPER_ATUALZ, PTE_NU_VERSAO)
VALUES (1001, 'Indefinida', '', 10000, current timestamp, 'script', 1);
INSERT INTO "SUP"."PTE_PAR_TENDENCIA" (PTE_ID, PTE_NM, PTE_DS, MET_ID, PTE_DH_ATUALZ, PTE_CD_OPER_ATUALZ, PTE_NU_VERSAO)
VALUES (1002, 'Melhora', '', 10000, current timestamp, 'script', 1);
INSERT INTO "SUP"."PTE_PAR_TENDENCIA" (PTE_ID, PTE_NM, PTE_DS, MET_ID, PTE_DH_ATUALZ, PTE_CD_OPER_ATUALZ, PTE_NU_VERSAO)
VALUES (1003, 'Piora', '', 10000, current timestamp, 'script', 1);

-- ================ Par Peso ===================
INSERT INTO "SUP"."PPS_PAR_PESO" (PPS_ID, PPS_SL, PPS_QT, PPS_DS, MET_ID, PPS_DH_ATUALZ, PPS_CD_OPER_ATUALZ, PPS_NU_VERSAO)
VALUES (1000, 'a', 8, 'Alto', 10000, current timestamp, 'script', 1);
INSERT INTO "SUP"."PPS_PAR_PESO" (PPS_ID, PPS_SL, PPS_QT, PPS_DS, MET_ID, PPS_DH_ATUALZ, PPS_CD_OPER_ATUALZ, PPS_NU_VERSAO)
VALUES (1001, 'ma', 4, 'Médio-Alto', 10000, current timestamp, 'script', 1);
INSERT INTO "SUP"."PPS_PAR_PESO" (PPS_ID, PPS_SL, PPS_QT, PPS_DS, MET_ID, PPS_DH_ATUALZ, PPS_CD_OPER_ATUALZ, PPS_NU_VERSAO)
VALUES (1002, 'mb', 2, 'Médio-Baixo', 10000, current timestamp, 'script', 1);
INSERT INTO "SUP"."PPS_PAR_PESO" (PPS_ID, PPS_SL, PPS_QT, PPS_DS, MET_ID, PPS_DH_ATUALZ, PPS_CD_OPER_ATUALZ, PPS_NU_VERSAO)
VALUES (1003, 'b', 1, 'Baixo', 10000, current timestamp, 'script', 1);

-- ================ Par Perspectiva ===================
INSERT INTO "SUP"."PPR_PAR_PERSPECTIVA" (PPR_ID, PPR_NM, PPR_DS, MET_ID, PPR_DH_ATUALZ, PPR_CD_OPER_ATUALZ, PPR_NU_VERSAO)
VALUES (1000, 'Estabilidade', 'Estabilidade', 10000, current timestamp, 'script', 1);
INSERT INTO "SUP"."PPR_PAR_PERSPECTIVA" (PPR_ID, PPR_NM, PPR_DS, MET_ID, PPR_DH_ATUALZ, PPR_CD_OPER_ATUALZ, PPR_NU_VERSAO)
VALUES (1001, 'Indefinida', 'Indefinida', 10000, current timestamp, 'script', 1);
INSERT INTO "SUP"."PPR_PAR_PERSPECTIVA" (PPR_ID, PPR_NM, PPR_DS, MET_ID, PPR_DH_ATUALZ, PPR_CD_OPER_ATUALZ, PPR_NU_VERSAO)
VALUES (1002, 'Melhora', 'Melhora', 10000, current timestamp, 'script', 1);
INSERT INTO "SUP"."PPR_PAR_PERSPECTIVA" (PPR_ID, PPR_NM, PPR_DS, MET_ID, PPR_DH_ATUALZ, PPR_CD_OPER_ATUALZ, PPR_NU_VERSAO)
VALUES (1003, 'Piora', 'Piora', 10000, current timestamp, 'script', 1);
INSERT INTO "SUP"."PPR_PAR_PERSPECTIVA" (PPR_ID, PPR_NM, PPR_DS, MET_ID, PPR_DH_ATUALZ, PPR_CD_OPER_ATUALZ, PPR_NU_VERSAO)
VALUES (1004, 'Inviabilidade', 'Inviabilidade', 10000, current timestamp, 'script', 1);
INSERT INTO "SUP"."PPR_PAR_PERSPECTIVA" (PPR_ID, PPR_NM, PPR_DS, MET_ID, PPR_DH_ATUALZ, PPR_CD_OPER_ATUALZ, PPR_NU_VERSAO)
VALUES (1005, 'Não aplicável', 'Não aplicável', 10000, current timestamp, 'script', 1);

-- ================ Par Nota ===================
INSERT INTO "SUP"."PNO_PAR_NOTA" (PNO_ID, PNO_CD_VALOR, PNO_VL_LIM_INFER, PNO_VL_LIM_SUPER, PNO_IB_NOTA_NA, MET_ID, PNO_DH_ATUALZ, PNO_CD_OPER_ATUALZ, PNO_NU_VERSAO, PNO_DS_NOTA, PNO_DS_COR)
VALUES (1000, 1, 1.0, 1.5, 0, 10000, current timestamp, 'script', 1, 'Baixo', '#bbddee');
INSERT INTO "SUP"."PNO_PAR_NOTA" (PNO_ID, PNO_CD_VALOR, PNO_VL_LIM_INFER, PNO_VL_LIM_SUPER, PNO_IB_NOTA_NA, MET_ID, PNO_DH_ATUALZ, PNO_CD_OPER_ATUALZ, PNO_NU_VERSAO, PNO_DS_NOTA, PNO_DS_COR)
VALUES (1001, 2, 1.51, 2.5, 0, 10000, current timestamp, 'script', 1, 'Médio', '#bbeebb');
INSERT INTO "SUP"."PNO_PAR_NOTA" (PNO_ID, PNO_CD_VALOR, PNO_VL_LIM_INFER, PNO_VL_LIM_SUPER, PNO_IB_NOTA_NA, MET_ID, PNO_DH_ATUALZ, PNO_CD_OPER_ATUALZ, PNO_NU_VERSAO, PNO_DS_NOTA, PNO_DS_COR)
VALUES (1002, 3, 2.51, 3.5, 0, 10000, current timestamp, 'script', 1, 'Médio-Alto', '#eeeebb');
INSERT INTO "SUP"."PNO_PAR_NOTA" (PNO_ID, PNO_CD_VALOR, PNO_VL_LIM_INFER, PNO_VL_LIM_SUPER, PNO_IB_NOTA_NA, MET_ID, PNO_DH_ATUALZ, PNO_CD_OPER_ATUALZ, PNO_NU_VERSAO, PNO_DS_NOTA, PNO_DS_COR)
VALUES (1003, 4, 3.51, 4.0, 0, 10000, current timestamp, 'script', 1, 'Alto', '#eebbbb');
INSERT INTO "SUP"."PNO_PAR_NOTA" (PNO_ID, PNO_CD_VALOR, PNO_VL_LIM_INFER, PNO_VL_LIM_SUPER, PNO_IB_NOTA_NA, MET_ID, PNO_DH_ATUALZ, PNO_CD_OPER_ATUALZ, PNO_NU_VERSAO, PNO_DS_NOTA, PNO_DS_COR)
VALUES (1004, -1, 0, 0, 1, 10000, current timestamp, 'script', 1, '', '#000000');

-- ================ Par Tp At Negócio ===================
INSERT INTO "SUP"."PTA_PAR_TIPO_ATIVIDADE_NEGOCIO" (PTA_ID, PTA_NM, PTA_DS, PTA_DS_END_MANUAL, MET_ID, PTA_DH_ATUALZ, PTA_CD_OPER_ATUALZ, PTA_NU_VERSAO)
VALUES (1000, 'Crédito', '', '', 10000, current timestamp, 'script', 1);
INSERT INTO "SUP"."PTA_PAR_TIPO_ATIVIDADE_NEGOCIO" (PTA_ID, PTA_NM, PTA_DS, PTA_DS_END_MANUAL, MET_ID, PTA_DH_ATUALZ, PTA_CD_OPER_ATUALZ, PTA_NU_VERSAO)
VALUES (1001, 'Crédito Varejo', '', '', 10000, current timestamp, 'script', 1);
INSERT INTO "SUP"."PTA_PAR_TIPO_ATIVIDADE_NEGOCIO" (PTA_ID, PTA_NM, PTA_DS, PTA_DS_END_MANUAL, MET_ID, PTA_DH_ATUALZ, PTA_CD_OPER_ATUALZ, PTA_NU_VERSAO)
VALUES (1002, 'Crédito Atacado', '', '', 10000, current timestamp, 'script', 1);
INSERT INTO "SUP"."PTA_PAR_TIPO_ATIVIDADE_NEGOCIO" (PTA_ID, PTA_NM, PTA_DS, PTA_DS_END_MANUAL, MET_ID, PTA_DH_ATUALZ, PTA_CD_OPER_ATUALZ, PTA_NU_VERSAO)
VALUES (1003, 'Tesouraria', '', '', 10000, current timestamp, 'script', 1);
INSERT INTO "SUP"."PTA_PAR_TIPO_ATIVIDADE_NEGOCIO" (PTA_ID, PTA_NM, PTA_DS, PTA_DS_END_MANUAL, MET_ID, PTA_DH_ATUALZ, PTA_CD_OPER_ATUALZ, PTA_NU_VERSAO)
VALUES (1004, 'Não Supervisionáveis', '', '', 10000, current timestamp, 'script', 1);
INSERT INTO "SUP"."PTA_PAR_TIPO_ATIVIDADE_NEGOCIO" (PTA_ID, PTA_NM, PTA_DS, PTA_DS_END_MANUAL, MET_ID, PTA_DH_ATUALZ, PTA_CD_OPER_ATUALZ, PTA_NU_VERSAO)
VALUES (1005, 'Serviços', '', '', 10000, current timestamp, 'script', 1);
INSERT INTO "SUP"."PTA_PAR_TIPO_ATIVIDADE_NEGOCIO" (PTA_ID, PTA_NM, PTA_DS, PTA_DS_END_MANUAL, MET_ID, PTA_DH_ATUALZ, PTA_CD_OPER_ATUALZ, PTA_NU_VERSAO)
VALUES (1006, 'Câmbio', '', '', 10000, current timestamp, 'script', 1);
INSERT INTO "SUP"."PTA_PAR_TIPO_ATIVIDADE_NEGOCIO" (PTA_ID, PTA_NM, PTA_DS, PTA_DS_END_MANUAL, MET_ID, PTA_DH_ATUALZ, PTA_CD_OPER_ATUALZ, PTA_NU_VERSAO)
VALUES (1007, 'Unidades no Exterior', '', '', 10000, current timestamp, 'script', 1);
INSERT INTO "SUP"."PTA_PAR_TIPO_ATIVIDADE_NEGOCIO" (PTA_ID, PTA_NM, PTA_DS, PTA_DS_END_MANUAL, MET_ID, PTA_DH_ATUALZ, PTA_CD_OPER_ATUALZ, PTA_NU_VERSAO)
VALUES (1008, 'Outras', '', '', 10000, current timestamp, 'script', 1);

-- ================ Par Grupo R e C ===================
INSERT INTO "SUP"."PRC_PAR_GRP_RIS_CON" (PRC_ID, PRC_NM, PRC_NM_ABREVIADO, PRC_DS, PRC_CD_TIPO, PRC_DS_END_MANUAL, PRC_NU_ORDEM, PRC_ID_CONTROLE, MET_ID, PRC_DH_ATUALZ, PRC_CD_OPER_ATUALZ, PRC_NU_VERSAO, PRC_IB_SINTESE_OBRIG)
VALUES (1000, 'Gestão do Risco de Crédito' , 'Crédito', ' ', 2, ' ', 1, null, 10000, current timestamp, 'script', 1,1);
INSERT INTO "SUP"."PRC_PAR_GRP_RIS_CON" (PRC_ID, PRC_NM, PRC_NM_ABREVIADO, PRC_DS, PRC_CD_TIPO, PRC_DS_END_MANUAL, PRC_NU_ORDEM, PRC_ID_CONTROLE, MET_ID, PRC_DH_ATUALZ, PRC_CD_OPER_ATUALZ, PRC_NU_VERSAO, PRC_IB_SINTESE_OBRIG)
VALUES (1001, 'Risco de Crédito' , 'Crédito', ' ', 1, ' ', 1, 1000, 10000, current timestamp, 'script', 1,1);
INSERT INTO "SUP"."PRC_PAR_GRP_RIS_CON" (PRC_ID, PRC_NM, PRC_NM_ABREVIADO, PRC_DS, PRC_CD_TIPO, PRC_DS_END_MANUAL, PRC_NU_ORDEM, PRC_ID_CONTROLE, MET_ID, PRC_DH_ATUALZ, PRC_CD_OPER_ATUALZ, PRC_NU_VERSAO, PRC_IB_SINTESE_OBRIG)
VALUES (1002, 'Gestão do Risco de Mercado' , 'Mercado', ' ', 2, ' ', 2, null, 10000, current timestamp, 'script', 1,1);
INSERT INTO "SUP"."PRC_PAR_GRP_RIS_CON" (PRC_ID, PRC_NM, PRC_NM_ABREVIADO, PRC_DS, PRC_CD_TIPO, PRC_DS_END_MANUAL, PRC_NU_ORDEM, PRC_ID_CONTROLE, MET_ID, PRC_DH_ATUALZ, PRC_CD_OPER_ATUALZ, PRC_NU_VERSAO, PRC_IB_SINTESE_OBRIG)
VALUES (1003, 'Risco de Mercado' , 'Mercado', ' ', 1, ' ', 2, 1002, 10000, current timestamp, 'script', 1,1);
INSERT INTO "SUP"."PRC_PAR_GRP_RIS_CON" (PRC_ID, PRC_NM, PRC_NM_ABREVIADO, PRC_DS, PRC_CD_TIPO, PRC_DS_END_MANUAL, PRC_NU_ORDEM, PRC_ID_CONTROLE, MET_ID, PRC_DH_ATUALZ, PRC_CD_OPER_ATUALZ, PRC_NU_VERSAO, PRC_IB_SINTESE_OBRIG)
VALUES (1004, 'Gestão do Risco de Liquidez' , 'Liquidez', ' ', 2, ' ', 3, null, 10000, current timestamp, 'script', 1,1);
INSERT INTO "SUP"."PRC_PAR_GRP_RIS_CON" (PRC_ID, PRC_NM, PRC_NM_ABREVIADO, PRC_DS, PRC_CD_TIPO, PRC_DS_END_MANUAL, PRC_NU_ORDEM, PRC_ID_CONTROLE, MET_ID, PRC_DH_ATUALZ, PRC_CD_OPER_ATUALZ, PRC_NU_VERSAO, PRC_IB_SINTESE_OBRIG)
VALUES (1005, 'Risco de Liquidez' , 'Liquidez', ' ', 1, ' ', 3, 1004, 10000, current timestamp, 'script', 1,1);
INSERT INTO "SUP"."PRC_PAR_GRP_RIS_CON" (PRC_ID, PRC_NM, PRC_NM_ABREVIADO, PRC_DS, PRC_CD_TIPO, PRC_DS_END_MANUAL, PRC_NU_ORDEM, PRC_ID_CONTROLE, MET_ID, PRC_DH_ATUALZ, PRC_CD_OPER_ATUALZ, PRC_NU_VERSAO, PRC_IB_SINTESE_OBRIG)
VALUES (1006, 'Gestão do Risco de Contágio' , 'Contágio', ' ', 2, ' ', 4, null, 10000, current timestamp, 'script', 1,0);
INSERT INTO "SUP"."PRC_PAR_GRP_RIS_CON" (PRC_ID, PRC_NM, PRC_NM_ABREVIADO, PRC_DS, PRC_CD_TIPO, PRC_DS_END_MANUAL, PRC_NU_ORDEM, PRC_ID_CONTROLE, MET_ID, PRC_DH_ATUALZ, PRC_CD_OPER_ATUALZ, PRC_NU_VERSAO, PRC_IB_SINTESE_OBRIG)
VALUES (1007, 'Risco de Contágio' , 'Contágio', ' ', 1, ' ', 4, 1006, 10000, current timestamp, 'script', 1,0);
INSERT INTO "SUP"."PRC_PAR_GRP_RIS_CON" (PRC_ID, PRC_NM, PRC_NM_ABREVIADO, PRC_DS, PRC_CD_TIPO, PRC_DS_END_MANUAL, PRC_NU_ORDEM, PRC_ID_CONTROLE, MET_ID, PRC_DH_ATUALZ, PRC_CD_OPER_ATUALZ, PRC_NU_VERSAO, PRC_IB_SINTESE_OBRIG)
VALUES (1008, 'Gestão do Risco de Reputação' , 'Reputação', ' ', 2, ' ', 5, null, 10000, current timestamp, 'script', 1,1);
INSERT INTO "SUP"."PRC_PAR_GRP_RIS_CON" (PRC_ID, PRC_NM, PRC_NM_ABREVIADO, PRC_DS, PRC_CD_TIPO, PRC_DS_END_MANUAL, PRC_NU_ORDEM, PRC_ID_CONTROLE, MET_ID, PRC_DH_ATUALZ, PRC_CD_OPER_ATUALZ, PRC_NU_VERSAO, PRC_IB_SINTESE_OBRIG)
VALUES (1009, 'Risco de Reputação' , 'Reputação', ' ', 1, ' ', 5, 1008, 10000, current timestamp, 'script', 1,1);
INSERT INTO "SUP"."PRC_PAR_GRP_RIS_CON" (PRC_ID, PRC_NM, PRC_NM_ABREVIADO, PRC_DS, PRC_CD_TIPO, PRC_DS_END_MANUAL, PRC_NU_ORDEM, PRC_ID_CONTROLE, MET_ID, PRC_DH_ATUALZ, PRC_CD_OPER_ATUALZ, PRC_NU_VERSAO, PRC_IB_SINTESE_OBRIG)
VALUES (1010, 'Gestão do Risco de Estratégia' , 'Estratégia', ' ', 2, ' ', 6, null, 10000, current timestamp, 'script', 1,1);
INSERT INTO "SUP"."PRC_PAR_GRP_RIS_CON" (PRC_ID, PRC_NM, PRC_NM_ABREVIADO, PRC_DS, PRC_CD_TIPO, PRC_DS_END_MANUAL, PRC_NU_ORDEM, PRC_ID_CONTROLE, MET_ID, PRC_DH_ATUALZ, PRC_CD_OPER_ATUALZ, PRC_NU_VERSAO, PRC_IB_SINTESE_OBRIG)
VALUES (1011, 'Risco de Estratégia' , 'Estatégia', ' ', 1, ' ', 6, 1010, 10000, current timestamp, 'script', 1,1);
INSERT INTO "SUP"."PRC_PAR_GRP_RIS_CON" (PRC_ID, PRC_NM, PRC_NM_ABREVIADO, PRC_DS, PRC_CD_TIPO, PRC_DS_END_MANUAL, PRC_NU_ORDEM, PRC_ID_CONTROLE, MET_ID, PRC_DH_ATUALZ, PRC_CD_OPER_ATUALZ, PRC_NU_VERSAO, PRC_IB_SINTESE_OBRIG)
VALUES (1012, 'Gestão do Risco de TI' , 'TI', ' ', 2, ' ', 7, null, 10000, current timestamp, 'script', 1,1);
INSERT INTO "SUP"."PRC_PAR_GRP_RIS_CON" (PRC_ID, PRC_NM, PRC_NM_ABREVIADO, PRC_DS, PRC_CD_TIPO, PRC_DS_END_MANUAL, PRC_NU_ORDEM, PRC_ID_CONTROLE, MET_ID, PRC_DH_ATUALZ, PRC_CD_OPER_ATUALZ, PRC_NU_VERSAO, PRC_IB_SINTESE_OBRIG)
VALUES (1013, 'Risco de TI' , 'TI', ' ', 1, ' ', 7, 1012, 10000, current timestamp, 'script', 1,1);
INSERT INTO "SUP"."PRC_PAR_GRP_RIS_CON" (PRC_ID, PRC_NM, PRC_NM_ABREVIADO, PRC_DS, PRC_CD_TIPO, PRC_DS_END_MANUAL, PRC_NU_ORDEM, PRC_ID_CONTROLE, MET_ID, PRC_DH_ATUALZ, PRC_CD_OPER_ATUALZ, PRC_NU_VERSAO, PRC_IB_SINTESE_OBRIG)
VALUES (1014, 'Prevenção à LD' , 'LD', ' ', 2, ' ', 8, null, 10000, current timestamp, 'script', 1,1);
INSERT INTO "SUP"."PRC_PAR_GRP_RIS_CON" (PRC_ID, PRC_NM, PRC_NM_ABREVIADO, PRC_DS, PRC_CD_TIPO, PRC_DS_END_MANUAL, PRC_NU_ORDEM, PRC_ID_CONTROLE, MET_ID, PRC_DH_ATUALZ, PRC_CD_OPER_ATUALZ, PRC_NU_VERSAO, PRC_IB_SINTESE_OBRIG)
VALUES (1015, 'Risco de LD' , 'LD', ' ', 1, ' ', 8, 1014, 10000, current timestamp, 'script', 1,1);
INSERT INTO "SUP"."PRC_PAR_GRP_RIS_CON" (PRC_ID, PRC_NM, PRC_NM_ABREVIADO, PRC_DS, PRC_CD_TIPO, PRC_DS_END_MANUAL, PRC_NU_ORDEM, PRC_ID_CONTROLE, MET_ID, PRC_DH_ATUALZ, PRC_CD_OPER_ATUALZ, PRC_NU_VERSAO, PRC_IB_SINTESE_OBRIG)
VALUES (1016, 'Gestão do Risco Operacional' , 'Operacional', ' ', 2, ' ', 9, null, 10000, current timestamp, 'script', 1,1);
INSERT INTO "SUP"."PRC_PAR_GRP_RIS_CON" (PRC_ID, PRC_NM, PRC_NM_ABREVIADO, PRC_DS, PRC_CD_TIPO, PRC_DS_END_MANUAL, PRC_NU_ORDEM, PRC_ID_CONTROLE, MET_ID, PRC_DH_ATUALZ, PRC_CD_OPER_ATUALZ, PRC_NU_VERSAO, PRC_IB_SINTESE_OBRIG)
VALUES (1017, 'Risco Operacional' , 'Operacional', ' ', 1, ' ', 9, 1016, 10000, current timestamp, 'script', 1,1);

-- ================ Par Elemento ===================
INSERT INTO "SUP"."PEL_PAR_ELEMENTO_RIS_CON" (PEL_ID, PEL_NM, PEL_DS, PEL_DS_END_MANUAL, PEL_NU_ORDEM, PRC_ID, MET_ID, PEL_DH_ATUALZ, PEL_CD_OPER_ATUALZ, PEL_NU_VERSAO)
VALUES (1000, 'Risco de Inadimplência', '', '', 1, 1001, 10000, current timestamp, 'script', 1);
INSERT INTO "SUP"."PEL_PAR_ELEMENTO_RIS_CON" (PEL_ID, PEL_NM, PEL_DS, PEL_DS_END_MANUAL, PEL_NU_ORDEM, PRC_ID, MET_ID, PEL_DH_ATUALZ, PEL_CD_OPER_ATUALZ, PEL_NU_VERSAO)
VALUES (1001, 'Risco de Concentração', '', '', 2, 1001, 10000, current timestamp, 'script', 1);
INSERT INTO "SUP"."PEL_PAR_ELEMENTO_RIS_CON" (PEL_ID, PEL_NM, PEL_DS, PEL_DS_END_MANUAL, PEL_NU_ORDEM, PRC_ID, MET_ID, PEL_DH_ATUALZ, PEL_CD_OPER_ATUALZ, PEL_NU_VERSAO)
VALUES (1002, 'Risco de Ineficácia de Mitigadores', '', '', 3, 1001, 10000, current timestamp, 'script', 1);
INSERT INTO "SUP"."PEL_PAR_ELEMENTO_RIS_CON" (PEL_ID, PEL_NM, PEL_DS, PEL_DS_END_MANUAL, PEL_NU_ORDEM, PRC_ID, MET_ID, PEL_DH_ATUALZ, PEL_CD_OPER_ATUALZ, PEL_NU_VERSAO)
VALUES (1003, 'Risco de Liquidação', '', '', 4, 1001, 10000, current timestamp, 'script', 1);
INSERT INTO "SUP"."PEL_PAR_ELEMENTO_RIS_CON" (PEL_ID, PEL_NM, PEL_DS, PEL_DS_END_MANUAL, PEL_NU_ORDEM, PRC_ID, MET_ID, PEL_DH_ATUALZ, PEL_CD_OPER_ATUALZ, PEL_NU_VERSAO)
VALUES (1004, 'Risco de Crédito de Contraparte - RCC', '', '', 5, 1001, 10000, current timestamp, 'script', 1);
INSERT INTO "SUP"."PEL_PAR_ELEMENTO_RIS_CON" (PEL_ID, PEL_NM, PEL_DS, PEL_DS_END_MANUAL, PEL_NU_ORDEM, PRC_ID, MET_ID, PEL_DH_ATUALZ, PEL_CD_OPER_ATUALZ, PEL_NU_VERSAO)
VALUES (1005, 'Ambiente de controle', '', '', 1, 1000, 10000, current timestamp, 'script', 1);
INSERT INTO "SUP"."PEL_PAR_ELEMENTO_RIS_CON" (PEL_ID, PEL_NM, PEL_DS, PEL_DS_END_MANUAL, PEL_NU_ORDEM, PRC_ID, MET_ID, PEL_DH_ATUALZ, PEL_CD_OPER_ATUALZ, PEL_NU_VERSAO)
VALUES (1006, 'Identificação, avaliação e mensuração', '', '', 2, 1000, 10000, current timestamp, 'script', 1);
INSERT INTO "SUP"."PEL_PAR_ELEMENTO_RIS_CON" (PEL_ID, PEL_NM, PEL_DS, PEL_DS_END_MANUAL, PEL_NU_ORDEM, PRC_ID, MET_ID, PEL_DH_ATUALZ, PEL_CD_OPER_ATUALZ, PEL_NU_VERSAO)
VALUES (1007, 'Controles específicos', '', '', 3, 1000, 10000, current timestamp, 'script', 1);
INSERT INTO "SUP"."PEL_PAR_ELEMENTO_RIS_CON" (PEL_ID, PEL_NM, PEL_DS, PEL_DS_END_MANUAL, PEL_NU_ORDEM, PRC_ID, MET_ID, PEL_DH_ATUALZ, PEL_CD_OPER_ATUALZ, PEL_NU_VERSAO)
VALUES (1008, 'Informação e comunicação', '', '', 4, 1000, 10000, current timestamp, 'script', 1);
INSERT INTO "SUP"."PEL_PAR_ELEMENTO_RIS_CON" (PEL_ID, PEL_NM, PEL_DS, PEL_DS_END_MANUAL, PEL_NU_ORDEM, PRC_ID, MET_ID, PEL_DH_ATUALZ, PEL_CD_OPER_ATUALZ, PEL_NU_VERSAO)
VALUES (1009, 'Monitoramento', '', '', 5, 1000, 10000, current timestamp, 'script', 1);
INSERT INTO "SUP"."PEL_PAR_ELEMENTO_RIS_CON" (PEL_ID, PEL_NM, PEL_DS, PEL_DS_END_MANUAL, PEL_NU_ORDEM, PRC_ID, MET_ID, PEL_DH_ATUALZ, PEL_CD_OPER_ATUALZ, PEL_NU_VERSAO)
VALUES (1010, 'Apetite para riscos de mercado', '', '', 1, 1003, 10000, current timestamp, 'script', 1);
INSERT INTO "SUP"."PEL_PAR_ELEMENTO_RIS_CON" (PEL_ID, PEL_NM, PEL_DS, PEL_DS_END_MANUAL, PEL_NU_ORDEM, PRC_ID, MET_ID, PEL_DH_ATUALZ, PEL_CD_OPER_ATUALZ, PEL_NU_VERSAO)
VALUES (1011, 'Nível de risco de mercado', '', '', 2, 1003, 10000, current timestamp, 'script', 1);
INSERT INTO "SUP"."PEL_PAR_ELEMENTO_RIS_CON" (PEL_ID, PEL_NM, PEL_DS, PEL_DS_END_MANUAL, PEL_NU_ORDEM, PRC_ID, MET_ID, PEL_DH_ATUALZ, PEL_CD_OPER_ATUALZ, PEL_NU_VERSAO)
VALUES (1012, 'Ambiente de controle', '', '', 1, 1002, 10000, current timestamp, 'script', 1);
INSERT INTO "SUP"."PEL_PAR_ELEMENTO_RIS_CON" (PEL_ID, PEL_NM, PEL_DS, PEL_DS_END_MANUAL, PEL_NU_ORDEM, PRC_ID, MET_ID, PEL_DH_ATUALZ, PEL_CD_OPER_ATUALZ, PEL_NU_VERSAO)
VALUES (1013, 'Identificação, avaliação e mensuração', '', '', 2, 1002, 10000, current timestamp, 'script', 1);
INSERT INTO "SUP"."PEL_PAR_ELEMENTO_RIS_CON" (PEL_ID, PEL_NM, PEL_DS, PEL_DS_END_MANUAL, PEL_NU_ORDEM, PRC_ID, MET_ID, PEL_DH_ATUALZ, PEL_CD_OPER_ATUALZ, PEL_NU_VERSAO)
VALUES (1014, 'Controles específicos', '', '', 3, 1002, 10000, current timestamp, 'script', 1);
INSERT INTO "SUP"."PEL_PAR_ELEMENTO_RIS_CON" (PEL_ID, PEL_NM, PEL_DS, PEL_DS_END_MANUAL, PEL_NU_ORDEM, PRC_ID, MET_ID, PEL_DH_ATUALZ, PEL_CD_OPER_ATUALZ, PEL_NU_VERSAO)
VALUES (1015, 'Comunicação', '', '', 4, 1002, 10000, current timestamp, 'script', 1);
INSERT INTO "SUP"."PEL_PAR_ELEMENTO_RIS_CON" (PEL_ID, PEL_NM, PEL_DS, PEL_DS_END_MANUAL, PEL_NU_ORDEM, PRC_ID, MET_ID, PEL_DH_ATUALZ, PEL_CD_OPER_ATUALZ, PEL_NU_VERSAO)
VALUES (1016, 'Monitoramento', '', '', 5, 1002, 10000, current timestamp, 'script', 1);
INSERT INTO "SUP"."PEL_PAR_ELEMENTO_RIS_CON" (PEL_ID, PEL_NM, PEL_DS, PEL_DS_END_MANUAL, PEL_NU_ORDEM, PRC_ID, MET_ID, PEL_DH_ATUALZ, PEL_CD_OPER_ATUALZ, PEL_NU_VERSAO)
VALUES (1017, 'Apetite para risco de liquidez', '', '', 1, 1005, 10000, current timestamp, 'script', 1);
INSERT INTO "SUP"."PEL_PAR_ELEMENTO_RIS_CON" (PEL_ID, PEL_NM, PEL_DS, PEL_DS_END_MANUAL, PEL_NU_ORDEM, PRC_ID, MET_ID, PEL_DH_ATUALZ, PEL_CD_OPER_ATUALZ, PEL_NU_VERSAO)
VALUES (1018, 'Nível de risco de liquidez', '', '', 2, 1005, 10000, current timestamp, 'script', 1);
INSERT INTO "SUP"."PEL_PAR_ELEMENTO_RIS_CON" (PEL_ID, PEL_NM, PEL_DS, PEL_DS_END_MANUAL, PEL_NU_ORDEM, PRC_ID, MET_ID, PEL_DH_ATUALZ, PEL_CD_OPER_ATUALZ, PEL_NU_VERSAO)
VALUES (1019, 'Rel. c/ merc. e div. de fon. de recursos', '', '', 3, 1005, 10000, current timestamp, 'script', 1);
INSERT INTO "SUP"."PEL_PAR_ELEMENTO_RIS_CON" (PEL_ID, PEL_NM, PEL_DS, PEL_DS_END_MANUAL, PEL_NU_ORDEM, PRC_ID, MET_ID, PEL_DH_ATUALZ, PEL_CD_OPER_ATUALZ, PEL_NU_VERSAO)
VALUES (1020, 'Ambiente de Controle', '', '', 1, 1004, 10000, current timestamp, 'script', 1);
INSERT INTO "SUP"."PEL_PAR_ELEMENTO_RIS_CON" (PEL_ID, PEL_NM, PEL_DS, PEL_DS_END_MANUAL, PEL_NU_ORDEM, PRC_ID, MET_ID, PEL_DH_ATUALZ, PEL_CD_OPER_ATUALZ, PEL_NU_VERSAO)
VALUES (1021, 'Identificação, Avaliação e Mensuração', '', '', 2, 1004, 10000, current timestamp, 'script', 1);
INSERT INTO "SUP"."PEL_PAR_ELEMENTO_RIS_CON" (PEL_ID, PEL_NM, PEL_DS, PEL_DS_END_MANUAL, PEL_NU_ORDEM, PRC_ID, MET_ID, PEL_DH_ATUALZ, PEL_CD_OPER_ATUALZ, PEL_NU_VERSAO)
VALUES (1022, 'Controles Específicos', '', '', 3, 1004, 10000, current timestamp, 'script', 1);
INSERT INTO "SUP"."PEL_PAR_ELEMENTO_RIS_CON" (PEL_ID, PEL_NM, PEL_DS, PEL_DS_END_MANUAL, PEL_NU_ORDEM, PRC_ID, MET_ID, PEL_DH_ATUALZ, PEL_CD_OPER_ATUALZ, PEL_NU_VERSAO)
VALUES (1023, 'Comunicação', '', '', 4, 1004, 10000, current timestamp, 'script', 1);
INSERT INTO "SUP"."PEL_PAR_ELEMENTO_RIS_CON" (PEL_ID, PEL_NM, PEL_DS, PEL_DS_END_MANUAL, PEL_NU_ORDEM, PRC_ID, MET_ID, PEL_DH_ATUALZ, PEL_CD_OPER_ATUALZ, PEL_NU_VERSAO)
VALUES (1024, 'Monitoramento', '', '', 5, 1004, 10000, current timestamp, 'script', 1);
INSERT INTO "SUP"."PEL_PAR_ELEMENTO_RIS_CON" (PEL_ID, PEL_NM, PEL_DS, PEL_DS_END_MANUAL, PEL_NU_ORDEM, PRC_ID, MET_ID, PEL_DH_ATUALZ, PEL_CD_OPER_ATUALZ, PEL_NU_VERSAO)
VALUES (1025, 'Situação econômico-financeira', '', '', 1, 1007, 10000, current timestamp, 'script', 1);
INSERT INTO "SUP"."PEL_PAR_ELEMENTO_RIS_CON" (PEL_ID, PEL_NM, PEL_DS, PEL_DS_END_MANUAL, PEL_NU_ORDEM, PRC_ID, MET_ID, PEL_DH_ATUALZ, PEL_CD_OPER_ATUALZ, PEL_NU_VERSAO)
VALUES (1026, 'Conhecim. do neg. e qualif. dos gestores', '', '', 2, 1007, 10000, current timestamp, 'script', 1);
INSERT INTO "SUP"."PEL_PAR_ELEMENTO_RIS_CON" (PEL_ID, PEL_NM, PEL_DS, PEL_DS_END_MANUAL, PEL_NU_ORDEM, PRC_ID, MET_ID, PEL_DH_ATUALZ, PEL_CD_OPER_ATUALZ, PEL_NU_VERSAO)
VALUES (1027, 'Atividades de negócio específicas', '', '', 3, 1007, 10000, current timestamp, 'script', 1);
INSERT INTO "SUP"."PEL_PAR_ELEMENTO_RIS_CON" (PEL_ID, PEL_NM, PEL_DS, PEL_DS_END_MANUAL, PEL_NU_ORDEM, PRC_ID, MET_ID, PEL_DH_ATUALZ, PEL_CD_OPER_ATUALZ, PEL_NU_VERSAO)
VALUES (1028, 'Ambiente de Controle', '', '', 1, 1006, 10000, current timestamp, 'script', 1);
INSERT INTO "SUP"."PEL_PAR_ELEMENTO_RIS_CON" (PEL_ID, PEL_NM, PEL_DS, PEL_DS_END_MANUAL, PEL_NU_ORDEM, PRC_ID, MET_ID, PEL_DH_ATUALZ, PEL_CD_OPER_ATUALZ, PEL_NU_VERSAO)
VALUES (1029, 'Informação e Comunicação', '', '', 2, 1006, 10000, current timestamp, 'script', 1);
INSERT INTO "SUP"."PEL_PAR_ELEMENTO_RIS_CON" (PEL_ID, PEL_NM, PEL_DS, PEL_DS_END_MANUAL, PEL_NU_ORDEM, PRC_ID, MET_ID, PEL_DH_ATUALZ, PEL_CD_OPER_ATUALZ, PEL_NU_VERSAO)
VALUES (1030, 'Percepção do mercado', '', '', 1, 1009, 10000, current timestamp, 'script', 1);
INSERT INTO "SUP"."PEL_PAR_ELEMENTO_RIS_CON" (PEL_ID, PEL_NM, PEL_DS, PEL_DS_END_MANUAL, PEL_NU_ORDEM, PRC_ID, MET_ID, PEL_DH_ATUALZ, PEL_CD_OPER_ATUALZ, PEL_NU_VERSAO)
VALUES (1031, 'Percepção dos órgãos reguladores', '', '', 2, 1009, 10000, current timestamp, 'script', 1);
INSERT INTO "SUP"."PEL_PAR_ELEMENTO_RIS_CON" (PEL_ID, PEL_NM, PEL_DS, PEL_DS_END_MANUAL, PEL_NU_ORDEM, PRC_ID, MET_ID, PEL_DH_ATUALZ, PEL_CD_OPER_ATUALZ, PEL_NU_VERSAO)
VALUES (1032, 'Relacionamento com clientes', '', '', 1, 1008, 10000, current timestamp, 'script', 1);
INSERT INTO "SUP"."PEL_PAR_ELEMENTO_RIS_CON" (PEL_ID, PEL_NM, PEL_DS, PEL_DS_END_MANUAL, PEL_NU_ORDEM, PRC_ID, MET_ID, PEL_DH_ATUALZ, PEL_CD_OPER_ATUALZ, PEL_NU_VERSAO)
VALUES (1033, 'Gestão da imagem', '', '', 2, 1008, 10000, current timestamp, 'script', 1);
INSERT INTO "SUP"."PEL_PAR_ELEMENTO_RIS_CON" (PEL_ID, PEL_NM, PEL_DS, PEL_DS_END_MANUAL, PEL_NU_ORDEM, PRC_ID, MET_ID, PEL_DH_ATUALZ, PEL_CD_OPER_ATUALZ, PEL_NU_VERSAO)
VALUES (1034, 'Relacionamento com órgãos reguladores', '', '', 3, 1008, 10000, current timestamp, 'script', 1);
INSERT INTO "SUP"."PEL_PAR_ELEMENTO_RIS_CON" (PEL_ID, PEL_NM, PEL_DS, PEL_DS_END_MANUAL, PEL_NU_ORDEM, PRC_ID, MET_ID, PEL_DH_ATUALZ, PEL_CD_OPER_ATUALZ, PEL_NU_VERSAO)
VALUES (1035, 'Supervisão de Conduta', '', '', 4, 1008, 10000, current timestamp, 'script', 1);
INSERT INTO "SUP"."PEL_PAR_ELEMENTO_RIS_CON" (PEL_ID, PEL_NM, PEL_DS, PEL_DS_END_MANUAL, PEL_NU_ORDEM, PRC_ID, MET_ID, PEL_DH_ATUALZ, PEL_CD_OPER_ATUALZ, PEL_NU_VERSAO)
VALUES (1036, 'Estratégias de negócio', '', '', 1, 1011, 10000, current timestamp, 'script', 1);
INSERT INTO "SUP"."PEL_PAR_ELEMENTO_RIS_CON" (PEL_ID, PEL_NM, PEL_DS, PEL_DS_END_MANUAL, PEL_NU_ORDEM, PRC_ID, MET_ID, PEL_DH_ATUALZ, PEL_CD_OPER_ATUALZ, PEL_NU_VERSAO)
VALUES (1037, 'Adequação de Capital', '', '', 2, 1011, 10000, current timestamp, 'script', 1);
INSERT INTO "SUP"."PEL_PAR_ELEMENTO_RIS_CON" (PEL_ID, PEL_NM, PEL_DS, PEL_DS_END_MANUAL, PEL_NU_ORDEM, PRC_ID, MET_ID, PEL_DH_ATUALZ, PEL_CD_OPER_ATUALZ, PEL_NU_VERSAO)
VALUES (1038, 'Governança corporativa', '', '', 1, 1010, 10000, current timestamp, 'script', 1);
INSERT INTO "SUP"."PEL_PAR_ELEMENTO_RIS_CON" (PEL_ID, PEL_NM, PEL_DS, PEL_DS_END_MANUAL, PEL_NU_ORDEM, PRC_ID, MET_ID, PEL_DH_ATUALZ, PEL_CD_OPER_ATUALZ, PEL_NU_VERSAO)
VALUES (1039, 'Planejamento estratégico', '', '', 2, 1010, 10000, current timestamp, 'script', 1);
INSERT INTO "SUP"."PEL_PAR_ELEMENTO_RIS_CON" (PEL_ID, PEL_NM, PEL_DS, PEL_DS_END_MANUAL, PEL_NU_ORDEM, PRC_ID, MET_ID, PEL_DH_ATUALZ, PEL_CD_OPER_ATUALZ, PEL_NU_VERSAO)
VALUES (1040, 'Gestão de capital', '', '', 3, 1010, 10000, current timestamp, 'script', 1);
INSERT INTO "SUP"."PEL_PAR_ELEMENTO_RIS_CON" (PEL_ID, PEL_NM, PEL_DS, PEL_DS_END_MANUAL, PEL_NU_ORDEM, PRC_ID, MET_ID, PEL_DH_ATUALZ, PEL_CD_OPER_ATUALZ, PEL_NU_VERSAO)
VALUES (1041, 'Controles internos no nível corporativo', '', '', 4, 1010, 10000, current timestamp, 'script', 1);
INSERT INTO "SUP"."PEL_PAR_ELEMENTO_RIS_CON" (PEL_ID, PEL_NM, PEL_DS, PEL_DS_END_MANUAL, PEL_NU_ORDEM, PRC_ID, MET_ID, PEL_DH_ATUALZ, PEL_CD_OPER_ATUALZ, PEL_NU_VERSAO)
VALUES (1042, 'Risco de descontinuidade', '', '', 1, 1013, 10000, current timestamp, 'script', 1);
INSERT INTO "SUP"."PEL_PAR_ELEMENTO_RIS_CON" (PEL_ID, PEL_NM, PEL_DS, PEL_DS_END_MANUAL, PEL_NU_ORDEM, PRC_ID, MET_ID, PEL_DH_ATUALZ, PEL_CD_OPER_ATUALZ, PEL_NU_VERSAO)
VALUES (1043, 'Risco de erros involuntários', '', '', 2, 1013, 10000, current timestamp, 'script', 1);
INSERT INTO "SUP"."PEL_PAR_ELEMENTO_RIS_CON" (PEL_ID, PEL_NM, PEL_DS, PEL_DS_END_MANUAL, PEL_NU_ORDEM, PRC_ID, MET_ID, PEL_DH_ATUALZ, PEL_CD_OPER_ATUALZ, PEL_NU_VERSAO)
VALUES (1044, 'Risco de erros e danos intencionais', '', '', 3, 1013, 10000, current timestamp, 'script', 1);
INSERT INTO "SUP"."PEL_PAR_ELEMENTO_RIS_CON" (PEL_ID, PEL_NM, PEL_DS, PEL_DS_END_MANUAL, PEL_NU_ORDEM, PRC_ID, MET_ID, PEL_DH_ATUALZ, PEL_CD_OPER_ATUALZ, PEL_NU_VERSAO)
VALUES (1045, 'Planejamento e organização', '', '', 1, 1012, 10000, current timestamp, 'script', 1);
INSERT INTO "SUP"."PEL_PAR_ELEMENTO_RIS_CON" (PEL_ID, PEL_NM, PEL_DS, PEL_DS_END_MANUAL, PEL_NU_ORDEM, PRC_ID, MET_ID, PEL_DH_ATUALZ, PEL_CD_OPER_ATUALZ, PEL_NU_VERSAO)
VALUES (1046, 'Aquisição e implementação', '', '', 2, 1012, 10000, current timestamp, 'script', 1);
INSERT INTO "SUP"."PEL_PAR_ELEMENTO_RIS_CON" (PEL_ID, PEL_NM, PEL_DS, PEL_DS_END_MANUAL, PEL_NU_ORDEM, PRC_ID, MET_ID, PEL_DH_ATUALZ, PEL_CD_OPER_ATUALZ, PEL_NU_VERSAO)
VALUES (1047, 'Disponibilização e suporte', '', '', 3, 1012, 10000, current timestamp, 'script', 1);
INSERT INTO "SUP"."PEL_PAR_ELEMENTO_RIS_CON" (PEL_ID, PEL_NM, PEL_DS, PEL_DS_END_MANUAL, PEL_NU_ORDEM, PRC_ID, MET_ID, PEL_DH_ATUALZ, PEL_CD_OPER_ATUALZ, PEL_NU_VERSAO)
VALUES (1048, 'Monitoramento e Avaliação', '', '', 4, 1012, 10000, current timestamp, 'script', 1);
INSERT INTO "SUP"."PEL_PAR_ELEMENTO_RIS_CON" (PEL_ID, PEL_NM, PEL_DS, PEL_DS_END_MANUAL, PEL_NU_ORDEM, PRC_ID, MET_ID, PEL_DH_ATUALZ, PEL_CD_OPER_ATUALZ, PEL_NU_VERSAO)
VALUES (1049, 'Perfil dos clientes', '', '', 1, 1015, 10000, current timestamp, 'script', 1);
INSERT INTO "SUP"."PEL_PAR_ELEMENTO_RIS_CON" (PEL_ID, PEL_NM, PEL_DS, PEL_DS_END_MANUAL, PEL_NU_ORDEM, PRC_ID, MET_ID, PEL_DH_ATUALZ, PEL_CD_OPER_ATUALZ, PEL_NU_VERSAO)
VALUES (1050, 'Perfil das operações produtos e serviços', '', '', 2, 1015, 10000, current timestamp, 'script', 1);
INSERT INTO "SUP"."PEL_PAR_ELEMENTO_RIS_CON" (PEL_ID, PEL_NM, PEL_DS, PEL_DS_END_MANUAL, PEL_NU_ORDEM, PRC_ID, MET_ID, PEL_DH_ATUALZ, PEL_CD_OPER_ATUALZ, PEL_NU_VERSAO)
VALUES (1051, 'Perfil da instituição', '', '', 3, 1015, 10000, current timestamp, 'script', 1);
INSERT INTO "SUP"."PEL_PAR_ELEMENTO_RIS_CON" (PEL_ID, PEL_NM, PEL_DS, PEL_DS_END_MANUAL, PEL_NU_ORDEM, PRC_ID, MET_ID, PEL_DH_ATUALZ, PEL_CD_OPER_ATUALZ, PEL_NU_VERSAO)
VALUES (1052, 'Políticas institucionais', '', '', 1, 1014, 10000, current timestamp, 'script', 1);
INSERT INTO "SUP"."PEL_PAR_ELEMENTO_RIS_CON" (PEL_ID, PEL_NM, PEL_DS, PEL_DS_END_MANUAL, PEL_NU_ORDEM, PRC_ID, MET_ID, PEL_DH_ATUALZ, PEL_CD_OPER_ATUALZ, PEL_NU_VERSAO)
VALUES (1053, 'Estrutura organizacional', '', '', 2, 1014, 10000, current timestamp, 'script', 1);
INSERT INTO "SUP"."PEL_PAR_ELEMENTO_RIS_CON" (PEL_ID, PEL_NM, PEL_DS, PEL_DS_END_MANUAL, PEL_NU_ORDEM, PRC_ID, MET_ID, PEL_DH_ATUALZ, PEL_CD_OPER_ATUALZ, PEL_NU_VERSAO)
VALUES (1054, 'Procedimentos e ferramentas', '', '', 3, 1014, 10000, current timestamp, 'script', 1);
INSERT INTO "SUP"."PEL_PAR_ELEMENTO_RIS_CON" (PEL_ID, PEL_NM, PEL_DS, PEL_DS_END_MANUAL, PEL_NU_ORDEM, PRC_ID, MET_ID, PEL_DH_ATUALZ, PEL_CD_OPER_ATUALZ, PEL_NU_VERSAO)
VALUES (1055, 'Conheça seu cliente', '', '', 4, 1014, 10000, current timestamp, 'script', 1);
INSERT INTO "SUP"."PEL_PAR_ELEMENTO_RIS_CON" (PEL_ID, PEL_NM, PEL_DS, PEL_DS_END_MANUAL, PEL_NU_ORDEM, PRC_ID, MET_ID, PEL_DH_ATUALZ, PEL_CD_OPER_ATUALZ, PEL_NU_VERSAO)
VALUES (1056, 'Treinamento', '', '', 5, 1014, 10000, current timestamp, 'script', 1);
INSERT INTO "SUP"."PEL_PAR_ELEMENTO_RIS_CON" (PEL_ID, PEL_NM, PEL_DS, PEL_DS_END_MANUAL, PEL_NU_ORDEM, PRC_ID, MET_ID, PEL_DH_ATUALZ, PEL_CD_OPER_ATUALZ, PEL_NU_VERSAO)
VALUES (1057, 'Auditoria', '', '', 6, 1014, 10000, current timestamp, 'script', 1);
INSERT INTO "SUP"."PEL_PAR_ELEMENTO_RIS_CON" (PEL_ID, PEL_NM, PEL_DS, PEL_DS_END_MANUAL, PEL_NU_ORDEM, PRC_ID, MET_ID, PEL_DH_ATUALZ, PEL_CD_OPER_ATUALZ, PEL_NU_VERSAO)
VALUES (1058, 'Risco de erros e de fraudes internas', '', '', 1, 1017, 10000, current timestamp, 'script', 1);
INSERT INTO "SUP"."PEL_PAR_ELEMENTO_RIS_CON" (PEL_ID, PEL_NM, PEL_DS, PEL_DS_END_MANUAL, PEL_NU_ORDEM, PRC_ID, MET_ID, PEL_DH_ATUALZ, PEL_CD_OPER_ATUALZ, PEL_NU_VERSAO)
VALUES (1059, 'Risco de fraudes externas e de danos a ativos físicos', '', '', 2, 1017, 10000, current timestamp, 'script', 1);
INSERT INTO "SUP"."PEL_PAR_ELEMENTO_RIS_CON" (PEL_ID, PEL_NM, PEL_DS, PEL_DS_END_MANUAL, PEL_NU_ORDEM, PRC_ID, MET_ID, PEL_DH_ATUALZ, PEL_CD_OPER_ATUALZ, PEL_NU_VERSAO)
VALUES (1060, 'Risco de falhas em processos', '', '', 3, 1017, 10000, current timestamp, 'script', 1);
INSERT INTO "SUP"."PEL_PAR_ELEMENTO_RIS_CON" (PEL_ID, PEL_NM, PEL_DS, PEL_DS_END_MANUAL, PEL_NU_ORDEM, PRC_ID, MET_ID, PEL_DH_ATUALZ, PEL_CD_OPER_ATUALZ, PEL_NU_VERSAO)
VALUES (1061, 'Riscos Legais', '', '', 4, 1017, 10000, current timestamp, 'script', 1);
INSERT INTO "SUP"."PEL_PAR_ELEMENTO_RIS_CON" (PEL_ID, PEL_NM, PEL_DS, PEL_DS_END_MANUAL, PEL_NU_ORDEM, PRC_ID, MET_ID, PEL_DH_ATUALZ, PEL_CD_OPER_ATUALZ, PEL_NU_VERSAO)
VALUES (1062, 'Ambiente e estrutura de controle', '', '', 1, 1016, 10000, current timestamp, 'script', 1);
INSERT INTO "SUP"."PEL_PAR_ELEMENTO_RIS_CON" (PEL_ID, PEL_NM, PEL_DS, PEL_DS_END_MANUAL, PEL_NU_ORDEM, PRC_ID, MET_ID, PEL_DH_ATUALZ, PEL_CD_OPER_ATUALZ, PEL_NU_VERSAO)
VALUES (1063, 'Identificação e avaliação', '', '', 2, 1016, 10000, current timestamp, 'script', 1);
INSERT INTO "SUP"."PEL_PAR_ELEMENTO_RIS_CON" (PEL_ID, PEL_NM, PEL_DS, PEL_DS_END_MANUAL, PEL_NU_ORDEM, PRC_ID, MET_ID, PEL_DH_ATUALZ, PEL_CD_OPER_ATUALZ, PEL_NU_VERSAO)
VALUES (1064, 'Atividades de controle', '', '', 3, 1016, 10000, current timestamp, 'script', 1);
INSERT INTO "SUP"."PEL_PAR_ELEMENTO_RIS_CON" (PEL_ID, PEL_NM, PEL_DS, PEL_DS_END_MANUAL, PEL_NU_ORDEM, PRC_ID, MET_ID, PEL_DH_ATUALZ, PEL_CD_OPER_ATUALZ, PEL_NU_VERSAO)
VALUES (1065, 'Informação e Comunicação', '', '', 4, 1016, 10000, current timestamp, 'script', 1);
INSERT INTO "SUP"."PEL_PAR_ELEMENTO_RIS_CON" (PEL_ID, PEL_NM, PEL_DS, PEL_DS_END_MANUAL, PEL_NU_ORDEM, PRC_ID, MET_ID, PEL_DH_ATUALZ, PEL_CD_OPER_ATUALZ, PEL_NU_VERSAO)
VALUES (1066, 'Monitoramento', '', '', 5, 1016, 10000, current timestamp, 'script', 1);

-- ================ Par Item a avaliar ===================
INSERT INTO "SUP"."PIE_PAR_ITEM_ELEMENTO" (PIE_ID, PIE_NM, PIE_DS_END_MANUAL, PEL_ID, MET_ID, PIE_DH_ATUALZ, PIE_CD_OPER_ATUALZ, PIE_NU_VERSAO)
VALUES (1000, 'Apetite para o risco', '', 1000, 10000, current timestamp, 'script', 1);
INSERT INTO "SUP"."PIE_PAR_ITEM_ELEMENTO" (PIE_ID, PIE_NM, PIE_DS_END_MANUAL, PEL_ID, MET_ID, PIE_DH_ATUALZ, PIE_CD_OPER_ATUALZ, PIE_NU_VERSAO)
VALUES (1001, 'Qualidade da carteira de crédito', '', 1000, 10000, current timestamp, 'script', 1);
INSERT INTO "SUP"."PIE_PAR_ITEM_ELEMENTO" (PIE_ID, PIE_NM, PIE_DS_END_MANUAL, PEL_ID, MET_ID, PIE_DH_ATUALZ, PIE_CD_OPER_ATUALZ, PIE_NU_VERSAO)
VALUES (1002, 'Fatores externos', '', 1000, 10000, current timestamp, 'script', 1);
INSERT INTO "SUP"."PIE_PAR_ITEM_ELEMENTO" (PIE_ID, PIE_NM, PIE_DS_END_MANUAL, PEL_ID, MET_ID, PIE_DH_ATUALZ, PIE_CD_OPER_ATUALZ, PIE_NU_VERSAO)
VALUES (1003, 'Tolerância ao risco', '', 1001, 10000, current timestamp, 'script', 1);
INSERT INTO "SUP"."PIE_PAR_ITEM_ELEMENTO" (PIE_ID, PIE_NM, PIE_DS_END_MANUAL, PEL_ID, MET_ID, PIE_DH_ATUALZ, PIE_CD_OPER_ATUALZ, PIE_NU_VERSAO)
VALUES (1004, 'Concentração da carteira', '', 1001, 10000, current timestamp, 'script', 1);
INSERT INTO "SUP"."PIE_PAR_ITEM_ELEMENTO" (PIE_ID, PIE_NM, PIE_DS_END_MANUAL, PEL_ID, MET_ID, PIE_DH_ATUALZ, PIE_CD_OPER_ATUALZ, PIE_NU_VERSAO)
VALUES (1005, 'Critérios para mitigadores de risco', '', 1002, 10000, current timestamp, 'script', 1);
INSERT INTO "SUP"."PIE_PAR_ITEM_ELEMENTO" (PIE_ID, PIE_NM, PIE_DS_END_MANUAL, PEL_ID, MET_ID, PIE_DH_ATUALZ, PIE_CD_OPER_ATUALZ, PIE_NU_VERSAO)
VALUES (1006, 'Proporção de créditos com mitigadores de risco versus sem mitigadores de risco', '', 1002, 10000, current timestamp, 'script', 1);
INSERT INTO "SUP"."PIE_PAR_ITEM_ELEMENTO" (PIE_ID, PIE_NM, PIE_DS_END_MANUAL, PEL_ID, MET_ID, PIE_DH_ATUALZ, PIE_CD_OPER_ATUALZ, PIE_NU_VERSAO)
VALUES (1007, 'Dados históricos e recuperação dado o inadimplemento', '', 1002, 10000, current timestamp, 'script', 1);
INSERT INTO "SUP"."PIE_PAR_ITEM_ELEMENTO" (PIE_ID, PIE_NM, PIE_DS_END_MANUAL, PEL_ID, MET_ID, PIE_DH_ATUALZ, PIE_CD_OPER_ATUALZ, PIE_NU_VERSAO)
VALUES (1008, 'Risco de liquidação', '', 1003, 10000, current timestamp, 'script', 1);
INSERT INTO "SUP"."PIE_PAR_ITEM_ELEMENTO" (PIE_ID, PIE_NM, PIE_DS_END_MANUAL, PEL_ID, MET_ID, PIE_DH_ATUALZ, PIE_CD_OPER_ATUALZ, PIE_NU_VERSAO)
VALUES (1009, 'Concessão de Operações sujeitas a RCC', '', 1004, 10000, current timestamp, 'script', 1);
INSERT INTO "SUP"."PIE_PAR_ITEM_ELEMENTO" (PIE_ID, PIE_NM, PIE_DS_END_MANUAL, PEL_ID, MET_ID, PIE_DH_ATUALZ, PIE_CD_OPER_ATUALZ, PIE_NU_VERSAO)
VALUES (1010, 'Utilização de derivativos e de hedge', '', 1010, 10000, current timestamp, 'script', 1);
INSERT INTO "SUP"."PIE_PAR_ITEM_ELEMENTO" (PIE_ID, PIE_NM, PIE_DS_END_MANUAL, PEL_ID, MET_ID, PIE_DH_ATUALZ, PIE_CD_OPER_ATUALZ, PIE_NU_VERSAO)
VALUES (1011, 'Limites', '', 1010, 10000, current timestamp, 'script', 1);
INSERT INTO "SUP"."PIE_PAR_ITEM_ELEMENTO" (PIE_ID, PIE_NM, PIE_DS_END_MANUAL, PEL_ID, MET_ID, PIE_DH_ATUALZ, PIE_CD_OPER_ATUALZ, PIE_NU_VERSAO)
VALUES (1012, 'Risco de mercado na carteira de negociação', '', 1011, 10000, current timestamp, 'script', 1);
INSERT INTO "SUP"."PIE_PAR_ITEM_ELEMENTO" (PIE_ID, PIE_NM, PIE_DS_END_MANUAL, PEL_ID, MET_ID, PIE_DH_ATUALZ, PIE_CD_OPER_ATUALZ, PIE_NU_VERSAO)
VALUES (1013, 'Risco de taxas de juros no banking book', '', 1011, 10000, current timestamp, 'script', 1);
INSERT INTO "SUP"."PIE_PAR_ITEM_ELEMENTO" (PIE_ID, PIE_NM, PIE_DS_END_MANUAL, PEL_ID, MET_ID, PIE_DH_ATUALZ, PIE_CD_OPER_ATUALZ, PIE_NU_VERSAO)
VALUES (1014, 'Liquidez dos fatores de risco', '', 1011, 10000, current timestamp, 'script', 1);
INSERT INTO "SUP"."PIE_PAR_ITEM_ELEMENTO" (PIE_ID, PIE_NM, PIE_DS_END_MANUAL, PEL_ID, MET_ID, PIE_DH_ATUALZ, PIE_CD_OPER_ATUALZ, PIE_NU_VERSAO)
VALUES (1015, 'Composição do colchão de liquidez', '', 1017, 10000, current timestamp, 'script', 1);
INSERT INTO "SUP"."PIE_PAR_ITEM_ELEMENTO" (PIE_ID, PIE_NM, PIE_DS_END_MANUAL, PEL_ID, MET_ID, PIE_DH_ATUALZ, PIE_CD_OPER_ATUALZ, PIE_NU_VERSAO)
VALUES (1016, 'Limites', '', 1017, 10000, current timestamp, 'script', 1);
INSERT INTO "SUP"."PIE_PAR_ITEM_ELEMENTO" (PIE_ID, PIE_NM, PIE_DS_END_MANUAL, PEL_ID, MET_ID, PIE_DH_ATUALZ, PIE_CD_OPER_ATUALZ, PIE_NU_VERSAO)
VALUES (1017, 'Descasamentos no fluxo de caixa', '', 1018, 10000, current timestamp, 'script', 1);
INSERT INTO "SUP"."PIE_PAR_ITEM_ELEMENTO" (PIE_ID, PIE_NM, PIE_DS_END_MANUAL, PEL_ID, MET_ID, PIE_DH_ATUALZ, PIE_CD_OPER_ATUALZ, PIE_NU_VERSAO)
VALUES (1018, 'Relacionamento com o mercado', '', 1019, 10000, current timestamp, 'script', 1);
INSERT INTO "SUP"."PIE_PAR_ITEM_ELEMENTO" (PIE_ID, PIE_NM, PIE_DS_END_MANUAL, PEL_ID, MET_ID, PIE_DH_ATUALZ, PIE_CD_OPER_ATUALZ, PIE_NU_VERSAO)
VALUES (1019, 'Avaliação do crédito da instituição', '', 1019, 10000, current timestamp, 'script', 1);
INSERT INTO "SUP"."PIE_PAR_ITEM_ELEMENTO" (PIE_ID, PIE_NM, PIE_DS_END_MANUAL, PEL_ID, MET_ID, PIE_DH_ATUALZ, PIE_CD_OPER_ATUALZ, PIE_NU_VERSAO)
VALUES (1020, 'Diversificação', '', 1019, 10000, current timestamp, 'script', 1);
INSERT INTO "SUP"."PIE_PAR_ITEM_ELEMENTO" (PIE_ID, PIE_NM, PIE_DS_END_MANUAL, PEL_ID, MET_ID, PIE_DH_ATUALZ, PIE_CD_OPER_ATUALZ, PIE_NU_VERSAO)
VALUES (1021, 'Captações no exterior', '', 1019, 10000, current timestamp, 'script', 1);
INSERT INTO "SUP"."PIE_PAR_ITEM_ELEMENTO" (PIE_ID, PIE_NM, PIE_DS_END_MANUAL, PEL_ID, MET_ID, PIE_DH_ATUALZ, PIE_CD_OPER_ATUALZ, PIE_NU_VERSAO)
VALUES (1022, 'Capital investido, aportes de capital e eventuais coberturas', '', 1025, 10000, current timestamp, 'script', 1);
INSERT INTO "SUP"."PIE_PAR_ITEM_ELEMENTO" (PIE_ID, PIE_NM, PIE_DS_END_MANUAL, PEL_ID, MET_ID, PIE_DH_ATUALZ, PIE_CD_OPER_ATUALZ, PIE_NU_VERSAO)
VALUES (1023, 'Análise econômico-financeira', '', 1025, 10000, current timestamp, 'script', 1);
INSERT INTO "SUP"."PIE_PAR_ITEM_ELEMENTO" (PIE_ID, PIE_NM, PIE_DS_END_MANUAL, PEL_ID, MET_ID, PIE_DH_ATUALZ, PIE_CD_OPER_ATUALZ, PIE_NU_VERSAO)
VALUES (1024, 'Retorno do investimento', '', 1025, 10000, current timestamp, 'script', 1);
INSERT INTO "SUP"."PIE_PAR_ITEM_ELEMENTO" (PIE_ID, PIE_NM, PIE_DS_END_MANUAL, PEL_ID, MET_ID, PIE_DH_ATUALZ, PIE_CD_OPER_ATUALZ, PIE_NU_VERSAO)
VALUES (1025, 'Conhecimento do negócio pelos gestores do conglomerado financeiro', '', 1026, 10000, current timestamp, 'script', 1);
INSERT INTO "SUP"."PIE_PAR_ITEM_ELEMENTO" (PIE_ID, PIE_NM, PIE_DS_END_MANUAL, PEL_ID, MET_ID, PIE_DH_ATUALZ, PIE_CD_OPER_ATUALZ, PIE_NU_VERSAO)
VALUES (1026, 'Qualificação dos gestores da atividade não supervisionável', '', 1026, 10000, current timestamp, 'script', 1);
INSERT INTO "SUP"."PIE_PAR_ITEM_ELEMENTO" (PIE_ID, PIE_NM, PIE_DS_END_MANUAL, PEL_ID, MET_ID, PIE_DH_ATUALZ, PIE_CD_OPER_ATUALZ, PIE_NU_VERSAO)
VALUES (1027, 'Atividades do ramo Superint. de Seguros Privados (Susep), Superint. Nac. de Previdência Complementar (Previc) e Agência Nacional da Saúde (ANS)', '', 1027, 10000, current timestamp, 'script', 1);
INSERT INTO "SUP"."PIE_PAR_ITEM_ELEMENTO" (PIE_ID, PIE_NM, PIE_DS_END_MANUAL, PEL_ID, MET_ID, PIE_DH_ATUALZ, PIE_CD_OPER_ATUALZ, PIE_NU_VERSAO)
VALUES (1028, 'Administração de recursos de terceiros', '', 1027, 10000, current timestamp, 'script', 1);
INSERT INTO "SUP"."PIE_PAR_ITEM_ELEMENTO" (PIE_ID, PIE_NM, PIE_DS_END_MANUAL, PEL_ID, MET_ID, PIE_DH_ATUALZ, PIE_CD_OPER_ATUALZ, PIE_NU_VERSAO)
VALUES (1029, 'Ambiente e cultura organizacionais', '', 1058, 10000, current timestamp, 'script', 1);
INSERT INTO "SUP"."PIE_PAR_ITEM_ELEMENTO" (PIE_ID, PIE_NM, PIE_DS_END_MANUAL, PEL_ID, MET_ID, PIE_DH_ATUALZ, PIE_CD_OPER_ATUALZ, PIE_NU_VERSAO)
VALUES (1030, 'Dimensionamento dos recursos humanos', '', 1058, 10000, current timestamp, 'script', 1);
INSERT INTO "SUP"."PIE_PAR_ITEM_ELEMENTO" (PIE_ID, PIE_NM, PIE_DS_END_MANUAL, PEL_ID, MET_ID, PIE_DH_ATUALZ, PIE_CD_OPER_ATUALZ, PIE_NU_VERSAO)
VALUES (1031, 'Capacitação dos recursos humanos', '', 1058, 10000, current timestamp, 'script', 1);
INSERT INTO "SUP"."PIE_PAR_ITEM_ELEMENTO" (PIE_ID, PIE_NM, PIE_DS_END_MANUAL, PEL_ID, MET_ID, PIE_DH_ATUALZ, PIE_CD_OPER_ATUALZ, PIE_NU_VERSAO)
VALUES (1032, 'Prevenção e correção de erros', '', 1058, 10000, current timestamp, 'script', 1);
INSERT INTO "SUP"."PIE_PAR_ITEM_ELEMENTO" (PIE_ID, PIE_NM, PIE_DS_END_MANUAL, PEL_ID, MET_ID, PIE_DH_ATUALZ, PIE_CD_OPER_ATUALZ, PIE_NU_VERSAO)
VALUES (1033, 'Base de clientes', '', 1059, 10000, current timestamp, 'script', 1);
INSERT INTO "SUP"."PIE_PAR_ITEM_ELEMENTO" (PIE_ID, PIE_NM, PIE_DS_END_MANUAL, PEL_ID, MET_ID, PIE_DH_ATUALZ, PIE_CD_OPER_ATUALZ, PIE_NU_VERSAO)
VALUES (1034, 'Estrutura de atendimento', '', 1059, 10000, current timestamp, 'script', 1);
INSERT INTO "SUP"."PIE_PAR_ITEM_ELEMENTO" (PIE_ID, PIE_NM, PIE_DS_END_MANUAL, PEL_ID, MET_ID, PIE_DH_ATUALZ, PIE_CD_OPER_ATUALZ, PIE_NU_VERSAO)
VALUES (1035, 'Nível de terceirização', '', 1059, 10000, current timestamp, 'script', 1);
INSERT INTO "SUP"."PIE_PAR_ITEM_ELEMENTO" (PIE_ID, PIE_NM, PIE_DS_END_MANUAL, PEL_ID, MET_ID, PIE_DH_ATUALZ, PIE_CD_OPER_ATUALZ, PIE_NU_VERSAO)
VALUES (1036, 'Complexidade dos produtos', '', 1060, 10000, current timestamp, 'script', 1);
INSERT INTO "SUP"."PIE_PAR_ITEM_ELEMENTO" (PIE_ID, PIE_NM, PIE_DS_END_MANUAL, PEL_ID, MET_ID, PIE_DH_ATUALZ, PIE_CD_OPER_ATUALZ, PIE_NU_VERSAO)
VALUES (1037, 'Diversidade dos produtos', '', 1060, 10000, current timestamp, 'script', 1);
INSERT INTO "SUP"."PIE_PAR_ITEM_ELEMENTO" (PIE_ID, PIE_NM, PIE_DS_END_MANUAL, PEL_ID, MET_ID, PIE_DH_ATUALZ, PIE_CD_OPER_ATUALZ, PIE_NU_VERSAO)
VALUES (1038, 'Frequência e porte das operações', '', 1060, 10000, current timestamp, 'script', 1);
INSERT INTO "SUP"."PIE_PAR_ITEM_ELEMENTO" (PIE_ID, PIE_NM, PIE_DS_END_MANUAL, PEL_ID, MET_ID, PIE_DH_ATUALZ, PIE_CD_OPER_ATUALZ, PIE_NU_VERSAO)
VALUES (1039, 'Riscos Fiscais', '', 1061, 10000, current timestamp, 'script', 1);
INSERT INTO "SUP"."PIE_PAR_ITEM_ELEMENTO" (PIE_ID, PIE_NM, PIE_DS_END_MANUAL, PEL_ID, MET_ID, PIE_DH_ATUALZ, PIE_CD_OPER_ATUALZ, PIE_NU_VERSAO)
VALUES (1040, 'Riscos trabalhistas', '', 1061, 10000, current timestamp, 'script', 1);
INSERT INTO "SUP"."PIE_PAR_ITEM_ELEMENTO" (PIE_ID, PIE_NM, PIE_DS_END_MANUAL, PEL_ID, MET_ID, PIE_DH_ATUALZ, PIE_CD_OPER_ATUALZ, PIE_NU_VERSAO)
VALUES (1041, 'Riscos cíveis', '', 1061, 10000, current timestamp, 'script', 1);
INSERT INTO "SUP"."PIE_PAR_ITEM_ELEMENTO" (PIE_ID, PIE_NM, PIE_DS_END_MANUAL, PEL_ID, MET_ID, PIE_DH_ATUALZ, PIE_CD_OPER_ATUALZ, PIE_NU_VERSAO)
VALUES (1042, 'Outros riscos legais', '', 1061, 10000, current timestamp, 'script', 1);
INSERT INTO "SUP"."PIE_PAR_ITEM_ELEMENTO" (PIE_ID, PIE_NM, PIE_DS_END_MANUAL, PEL_ID, MET_ID, PIE_DH_ATUALZ, PIE_CD_OPER_ATUALZ, PIE_NU_VERSAO)
VALUES (1043, 'Cobertura da mídia', '', 1030, 10000, current timestamp, 'script', 1);
INSERT INTO "SUP"."PIE_PAR_ITEM_ELEMENTO" (PIE_ID, PIE_NM, PIE_DS_END_MANUAL, PEL_ID, MET_ID, PIE_DH_ATUALZ, PIE_CD_OPER_ATUALZ, PIE_NU_VERSAO)
VALUES (1044, 'Pesquisas de imagem', '', 1030, 10000, current timestamp, 'script', 1);
INSERT INTO "SUP"."PIE_PAR_ITEM_ELEMENTO" (PIE_ID, PIE_NM, PIE_DS_END_MANUAL, PEL_ID, MET_ID, PIE_DH_ATUALZ, PIE_CD_OPER_ATUALZ, PIE_NU_VERSAO)
VALUES (1045, 'Histórico de reclamações', '', 1030, 10000, current timestamp, 'script', 1);
INSERT INTO "SUP"."PIE_PAR_ITEM_ELEMENTO" (PIE_ID, PIE_NM, PIE_DS_END_MANUAL, PEL_ID, MET_ID, PIE_DH_ATUALZ, PIE_CD_OPER_ATUALZ, PIE_NU_VERSAO)
VALUES (1046, 'Desempenho financeiro', '', 1030, 10000, current timestamp, 'script', 1);
INSERT INTO "SUP"."PIE_PAR_ITEM_ELEMENTO" (PIE_ID, PIE_NM, PIE_DS_END_MANUAL, PEL_ID, MET_ID, PIE_DH_ATUALZ, PIE_CD_OPER_ATUALZ, PIE_NU_VERSAO)
VALUES (1047, 'Custo de captação, evolução dos depósitos e do número de clientes', '', 1030, 10000, current timestamp, 'script', 1);
INSERT INTO "SUP"."PIE_PAR_ITEM_ELEMENTO" (PIE_ID, PIE_NM, PIE_DS_END_MANUAL, PEL_ID, MET_ID, PIE_DH_ATUALZ, PIE_CD_OPER_ATUALZ, PIE_NU_VERSAO)
VALUES (1048, 'Imagem compartilhada', '', 1030, 10000, current timestamp, 'script', 1);
INSERT INTO "SUP"."PIE_PAR_ITEM_ELEMENTO" (PIE_ID, PIE_NM, PIE_DS_END_MANUAL, PEL_ID, MET_ID, PIE_DH_ATUALZ, PIE_CD_OPER_ATUALZ, PIE_NU_VERSAO)
VALUES (1049, 'Cumprimento das exigências legais e regulamentares', '', 1031, 10000, current timestamp, 'script', 1);
INSERT INTO "SUP"."PIE_PAR_ITEM_ELEMENTO" (PIE_ID, PIE_NM, PIE_DS_END_MANUAL, PEL_ID, MET_ID, PIE_DH_ATUALZ, PIE_CD_OPER_ATUALZ, PIE_NU_VERSAO)
VALUES (1050, 'Implementação das recomendações das auditorias e do comitê de auditoria', '', 1031, 10000, current timestamp, 'script', 1);
INSERT INTO "SUP"."PIE_PAR_ITEM_ELEMENTO" (PIE_ID, PIE_NM, PIE_DS_END_MANUAL, PEL_ID, MET_ID, PIE_DH_ATUALZ, PIE_CD_OPER_ATUALZ, PIE_NU_VERSAO)
VALUES (1051, 'Atendimento às demandas dos órgãos reguladores', '', 1031, 10000, current timestamp, 'script', 1);
INSERT INTO "SUP"."PIE_PAR_ITEM_ELEMENTO" (PIE_ID, PIE_NM, PIE_DS_END_MANUAL, PEL_ID, MET_ID, PIE_DH_ATUALZ, PIE_CD_OPER_ATUALZ, PIE_NU_VERSAO)
VALUES (1052, 'Objetivos estratégicos', '', 1036, 10000, current timestamp, 'script', 1);
INSERT INTO "SUP"."PIE_PAR_ITEM_ELEMENTO" (PIE_ID, PIE_NM, PIE_DS_END_MANUAL, PEL_ID, MET_ID, PIE_DH_ATUALZ, PIE_CD_OPER_ATUALZ, PIE_NU_VERSAO)
VALUES (1053, 'Metas de crescimento e meios de expansão', '', 1036, 10000, current timestamp, 'script', 1);
INSERT INTO "SUP"."PIE_PAR_ITEM_ELEMENTO" (PIE_ID, PIE_NM, PIE_DS_END_MANUAL, PEL_ID, MET_ID, PIE_DH_ATUALZ, PIE_CD_OPER_ATUALZ, PIE_NU_VERSAO)
VALUES (1054, 'Clientes, mercados, produtos e serviços visados na estratégia', '', 1036, 10000, current timestamp, 'script', 1);
INSERT INTO "SUP"."PIE_PAR_ITEM_ELEMENTO" (PIE_ID, PIE_NM, PIE_DS_END_MANUAL, PEL_ID, MET_ID, PIE_DH_ATUALZ, PIE_CD_OPER_ATUALZ, PIE_NU_VERSAO)
VALUES (1055, 'Folga de capital', '', 1037, 10000, current timestamp, 'script', 1);
INSERT INTO "SUP"."PIE_PAR_ITEM_ELEMENTO" (PIE_ID, PIE_NM, PIE_DS_END_MANUAL, PEL_ID, MET_ID, PIE_DH_ATUALZ, PIE_CD_OPER_ATUALZ, PIE_NU_VERSAO)
VALUES (1056, 'Resultados de testes de estresse', '', 1037, 10000, current timestamp, 'script', 1);
INSERT INTO "SUP"."PIE_PAR_ITEM_ELEMENTO" (PIE_ID, PIE_NM, PIE_DS_END_MANUAL, PEL_ID, MET_ID, PIE_DH_ATUALZ, PIE_CD_OPER_ATUALZ, PIE_NU_VERSAO)
VALUES (1057, 'Relação entre capital nível I e PR', '', 1037, 10000, current timestamp, 'script', 1);
INSERT INTO "SUP"."PIE_PAR_ITEM_ELEMENTO" (PIE_ID, PIE_NM, PIE_DS_END_MANUAL, PEL_ID, MET_ID, PIE_DH_ATUALZ, PIE_CD_OPER_ATUALZ, PIE_NU_VERSAO)
VALUES (1058, 'Dependência de TI', '', 1042, 10000, current timestamp, 'script', 1);
INSERT INTO "SUP"."PIE_PAR_ITEM_ELEMENTO" (PIE_ID, PIE_NM, PIE_DS_END_MANUAL, PEL_ID, MET_ID, PIE_DH_ATUALZ, PIE_CD_OPER_ATUALZ, PIE_NU_VERSAO)
VALUES (1059, 'Configuração dos recursos de TI', '', 1042, 10000, current timestamp, 'script', 1);
INSERT INTO "SUP"."PIE_PAR_ITEM_ELEMENTO" (PIE_ID, PIE_NM, PIE_DS_END_MANUAL, PEL_ID, MET_ID, PIE_DH_ATUALZ, PIE_CD_OPER_ATUALZ, PIE_NU_VERSAO)
VALUES (1060, 'Terceirização das atividades de TI', '', 1042, 10000, current timestamp, 'script', 1);
INSERT INTO "SUP"."PIE_PAR_ITEM_ELEMENTO" (PIE_ID, PIE_NM, PIE_DS_END_MANUAL, PEL_ID, MET_ID, PIE_DH_ATUALZ, PIE_CD_OPER_ATUALZ, PIE_NU_VERSAO)
VALUES (1061, 'Segregação de funções e de ambientes de TI', '', 1043, 10000, current timestamp, 'script', 1);
INSERT INTO "SUP"."PIE_PAR_ITEM_ELEMENTO" (PIE_ID, PIE_NM, PIE_DS_END_MANUAL, PEL_ID, MET_ID, PIE_DH_ATUALZ, PIE_CD_OPER_ATUALZ, PIE_NU_VERSAO)
VALUES (1062, 'Métodos e procedimentos consolidados', '', 1043, 10000, current timestamp, 'script', 1);
INSERT INTO "SUP"."PIE_PAR_ITEM_ELEMENTO" (PIE_ID, PIE_NM, PIE_DS_END_MANUAL, PEL_ID, MET_ID, PIE_DH_ATUALZ, PIE_CD_OPER_ATUALZ, PIE_NU_VERSAO)
VALUES (1063, 'Recursos humanos de TI ', '', 1043, 10000, current timestamp, 'script', 1);
INSERT INTO "SUP"."PIE_PAR_ITEM_ELEMENTO" (PIE_ID, PIE_NM, PIE_DS_END_MANUAL, PEL_ID, MET_ID, PIE_DH_ATUALZ, PIE_CD_OPER_ATUALZ, PIE_NU_VERSAO)
VALUES (1064, 'Canais de interação com clientes', '', 1044, 10000, current timestamp, 'script', 1);
INSERT INTO "SUP"."PIE_PAR_ITEM_ELEMENTO" (PIE_ID, PIE_NM, PIE_DS_END_MANUAL, PEL_ID, MET_ID, PIE_DH_ATUALZ, PIE_CD_OPER_ATUALZ, PIE_NU_VERSAO)
VALUES (1065, 'Diversificação de produtos e serviços', '', 1044, 10000, current timestamp, 'script', 1);
INSERT INTO "SUP"."PIE_PAR_ITEM_ELEMENTO" (PIE_ID, PIE_NM, PIE_DS_END_MANUAL, PEL_ID, MET_ID, PIE_DH_ATUALZ, PIE_CD_OPER_ATUALZ, PIE_NU_VERSAO)
VALUES (1066, 'Nível de terceirização', '', 1044, 10000, current timestamp, 'script', 1);
INSERT INTO "SUP"."PIE_PAR_ITEM_ELEMENTO" (PIE_ID, PIE_NM, PIE_DS_END_MANUAL, PEL_ID, MET_ID, PIE_DH_ATUALZ, PIE_CD_OPER_ATUALZ, PIE_NU_VERSAO)
VALUES (1067, 'Clientes considerados pessoas politicamente expostas (PPEs)', '', 1049, 10000, current timestamp, 'script', 1);
INSERT INTO "SUP"."PIE_PAR_ITEM_ELEMENTO" (PIE_ID, PIE_NM, PIE_DS_END_MANUAL, PEL_ID, MET_ID, PIE_DH_ATUALZ, PIE_CD_OPER_ATUALZ, PIE_NU_VERSAO)
VALUES (1068, 'Clientes citados em notícias sobre LD ou sobre crimes antecedentes ao crime de LD', '', 1049, 10000, current timestamp, 'script', 1);
INSERT INTO "SUP"."PIE_PAR_ITEM_ELEMENTO" (PIE_ID, PIE_NM, PIE_DS_END_MANUAL, PEL_ID, MET_ID, PIE_DH_ATUALZ, PIE_CD_OPER_ATUALZ, PIE_NU_VERSAO)
VALUES (1069, 'Clientes private', '', 1049, 10000, current timestamp, 'script', 1);
INSERT INTO "SUP"."PIE_PAR_ITEM_ELEMENTO" (PIE_ID, PIE_NM, PIE_DS_END_MANUAL, PEL_ID, MET_ID, PIE_DH_ATUALZ, PIE_CD_OPER_ATUALZ, PIE_NU_VERSAO)
VALUES (1070, 'Outros clientes cujas atividades são mais propícias à LD', '', 1049, 10000, current timestamp, 'script', 1);
INSERT INTO "SUP"."PIE_PAR_ITEM_ELEMENTO" (PIE_ID, PIE_NM, PIE_DS_END_MANUAL, PEL_ID, MET_ID, PIE_DH_ATUALZ, PIE_CD_OPER_ATUALZ, PIE_NU_VERSAO)
VALUES (1071, 'Contas de depósito', '', 1050, 10000, current timestamp, 'script', 1);
INSERT INTO "SUP"."PIE_PAR_ITEM_ELEMENTO" (PIE_ID, PIE_NM, PIE_DS_END_MANUAL, PEL_ID, MET_ID, PIE_DH_ATUALZ, PIE_CD_OPER_ATUALZ, PIE_NU_VERSAO)
VALUES (1072, 'Câmbio', '', 1050, 10000, current timestamp, 'script', 1);
INSERT INTO "SUP"."PIE_PAR_ITEM_ELEMENTO" (PIE_ID, PIE_NM, PIE_DS_END_MANUAL, PEL_ID, MET_ID, PIE_DH_ATUALZ, PIE_CD_OPER_ATUALZ, PIE_NU_VERSAO)
VALUES (1073, 'Fundos de investimento', '', 1050, 10000, current timestamp, 'script', 1);
INSERT INTO "SUP"."PIE_PAR_ITEM_ELEMENTO" (PIE_ID, PIE_NM, PIE_DS_END_MANUAL, PEL_ID, MET_ID, PIE_DH_ATUALZ, PIE_CD_OPER_ATUALZ, PIE_NU_VERSAO)
VALUES (1074, 'Outras operações em espécie', '', 1050, 10000, current timestamp, 'script', 1);
INSERT INTO "SUP"."PIE_PAR_ITEM_ELEMENTO" (PIE_ID, PIE_NM, PIE_DS_END_MANUAL, PEL_ID, MET_ID, PIE_DH_ATUALZ, PIE_CD_OPER_ATUALZ, PIE_NU_VERSAO)
VALUES (1075, 'Presença internacional', '', 1051, 10000, current timestamp, 'script', 1);
INSERT INTO "SUP"."PIE_PAR_ITEM_ELEMENTO" (PIE_ID, PIE_NM, PIE_DS_END_MANUAL, PEL_ID, MET_ID, PIE_DH_ATUALZ, PIE_CD_OPER_ATUALZ, PIE_NU_VERSAO)
VALUES (1076, 'Rede de atendimento', '', 1051, 10000, current timestamp, 'script', 1);
INSERT INTO "SUP"."PIE_PAR_ITEM_ELEMENTO" (PIE_ID, PIE_NM, PIE_DS_END_MANUAL, PEL_ID, MET_ID, PIE_DH_ATUALZ, PIE_CD_OPER_ATUALZ, PIE_NU_VERSAO)
VALUES (1077, 'Correspondentes bancários', '', 1051, 10000, current timestamp, 'script', 1);
INSERT INTO "SUP"."PIE_PAR_ITEM_ELEMENTO" (PIE_ID, PIE_NM, PIE_DS_END_MANUAL, PEL_ID, MET_ID, PIE_DH_ATUALZ, PIE_CD_OPER_ATUALZ, PIE_NU_VERSAO)
VALUES (1078, 'Estratégias e políticas para gestão do risco de crédito', '', 1005, 10000, current timestamp, 'script', 1);
INSERT INTO "SUP"."PIE_PAR_ITEM_ELEMENTO" (PIE_ID, PIE_NM, PIE_DS_END_MANUAL, PEL_ID, MET_ID, PIE_DH_ATUALZ, PIE_CD_OPER_ATUALZ, PIE_NU_VERSAO)
VALUES (1079, 'Estrutura da área de crédito', '', 1005, 10000, current timestamp, 'script', 1);
INSERT INTO "SUP"."PIE_PAR_ITEM_ELEMENTO" (PIE_ID, PIE_NM, PIE_DS_END_MANUAL, PEL_ID, MET_ID, PIE_DH_ATUALZ, PIE_CD_OPER_ATUALZ, PIE_NU_VERSAO)
VALUES (1080, 'Comitês de crédito', '', 1005, 10000, current timestamp, 'script', 1);
INSERT INTO "SUP"."PIE_PAR_ITEM_ELEMENTO" (PIE_ID, PIE_NM, PIE_DS_END_MANUAL, PEL_ID, MET_ID, PIE_DH_ATUALZ, PIE_CD_OPER_ATUALZ, PIE_NU_VERSAO)
VALUES (1081, 'Gestão do risco de inadimplência', '', 1006, 10000, current timestamp, 'script', 1);
INSERT INTO "SUP"."PIE_PAR_ITEM_ELEMENTO" (PIE_ID, PIE_NM, PIE_DS_END_MANUAL, PEL_ID, MET_ID, PIE_DH_ATUALZ, PIE_CD_OPER_ATUALZ, PIE_NU_VERSAO)
VALUES (1082, 'Gestão do risco de concentração', '', 1006, 10000, current timestamp, 'script', 1);
INSERT INTO "SUP"."PIE_PAR_ITEM_ELEMENTO" (PIE_ID, PIE_NM, PIE_DS_END_MANUAL, PEL_ID, MET_ID, PIE_DH_ATUALZ, PIE_CD_OPER_ATUALZ, PIE_NU_VERSAO)
VALUES (1083, 'Gestão de mitigadores de risco', '', 1006, 10000, current timestamp, 'script', 1);
INSERT INTO "SUP"."PIE_PAR_ITEM_ELEMENTO" (PIE_ID, PIE_NM, PIE_DS_END_MANUAL, PEL_ID, MET_ID, PIE_DH_ATUALZ, PIE_CD_OPER_ATUALZ, PIE_NU_VERSAO)
VALUES (1084, 'Gestão do risco de liquidação', '', 1006, 10000, current timestamp, 'script', 1);
INSERT INTO "SUP"."PIE_PAR_ITEM_ELEMENTO" (PIE_ID, PIE_NM, PIE_DS_END_MANUAL, PEL_ID, MET_ID, PIE_DH_ATUALZ, PIE_CD_OPER_ATUALZ, PIE_NU_VERSAO)
VALUES (1085, 'Gestão do risco de crédito de contraparte - RCC', '', 1006, 10000, current timestamp, 'script', 1);
INSERT INTO "SUP"."PIE_PAR_ITEM_ELEMENTO" (PIE_ID, PIE_NM, PIE_DS_END_MANUAL, PEL_ID, MET_ID, PIE_DH_ATUALZ, PIE_CD_OPER_ATUALZ, PIE_NU_VERSAO)
VALUES (1086, 'Controles específicos', '', 1007, 10000, current timestamp, 'script', 1);
INSERT INTO "SUP"."PIE_PAR_ITEM_ELEMENTO" (PIE_ID, PIE_NM, PIE_DS_END_MANUAL, PEL_ID, MET_ID, PIE_DH_ATUALZ, PIE_CD_OPER_ATUALZ, PIE_NU_VERSAO)
VALUES (1087, 'Informação', '', 1008, 10000, current timestamp, 'script', 1);
INSERT INTO "SUP"."PIE_PAR_ITEM_ELEMENTO" (PIE_ID, PIE_NM, PIE_DS_END_MANUAL, PEL_ID, MET_ID, PIE_DH_ATUALZ, PIE_CD_OPER_ATUALZ, PIE_NU_VERSAO)
VALUES (1088, 'Comunicação', '', 1008, 10000, current timestamp, 'script', 1);
INSERT INTO "SUP"."PIE_PAR_ITEM_ELEMENTO" (PIE_ID, PIE_NM, PIE_DS_END_MANUAL, PEL_ID, MET_ID, PIE_DH_ATUALZ, PIE_CD_OPER_ATUALZ, PIE_NU_VERSAO)
VALUES (1089, 'Revisão das estratégias, políticas e limites de crédito', '', 1009, 10000, current timestamp, 'script', 1);
INSERT INTO "SUP"."PIE_PAR_ITEM_ELEMENTO" (PIE_ID, PIE_NM, PIE_DS_END_MANUAL, PEL_ID, MET_ID, PIE_DH_ATUALZ, PIE_CD_OPER_ATUALZ, PIE_NU_VERSAO)
VALUES (1090, 'Monitoramento de risco de crédito', '', 1009, 10000, current timestamp, 'script', 1);
INSERT INTO "SUP"."PIE_PAR_ITEM_ELEMENTO" (PIE_ID, PIE_NM, PIE_DS_END_MANUAL, PEL_ID, MET_ID, PIE_DH_ATUALZ, PIE_CD_OPER_ATUALZ, PIE_NU_VERSAO)
VALUES (1091, 'Auditoria interna', '', 1009, 10000, current timestamp, 'script', 1);
INSERT INTO "SUP"."PIE_PAR_ITEM_ELEMENTO" (PIE_ID, PIE_NM, PIE_DS_END_MANUAL, PEL_ID, MET_ID, PIE_DH_ATUALZ, PIE_CD_OPER_ATUALZ, PIE_NU_VERSAO)
VALUES (1092, 'Estratégias e políticas', '', 1012, 10000, current timestamp, 'script', 1);
INSERT INTO "SUP"."PIE_PAR_ITEM_ELEMENTO" (PIE_ID, PIE_NM, PIE_DS_END_MANUAL, PEL_ID, MET_ID, PIE_DH_ATUALZ, PIE_CD_OPER_ATUALZ, PIE_NU_VERSAO)
VALUES (1093, 'Alta administração', '', 1012, 10000, current timestamp, 'script', 1);
INSERT INTO "SUP"."PIE_PAR_ITEM_ELEMENTO" (PIE_ID, PIE_NM, PIE_DS_END_MANUAL, PEL_ID, MET_ID, PIE_DH_ATUALZ, PIE_CD_OPER_ATUALZ, PIE_NU_VERSAO)
VALUES (1094, 'Sistemas de mensuração', '', 1013, 10000, current timestamp, 'script', 1);
INSERT INTO "SUP"."PIE_PAR_ITEM_ELEMENTO" (PIE_ID, PIE_NM, PIE_DS_END_MANUAL, PEL_ID, MET_ID, PIE_DH_ATUALZ, PIE_CD_OPER_ATUALZ, PIE_NU_VERSAO)
VALUES (1095, 'Marcação a mercado das posições', '', 1013, 10000, current timestamp, 'script', 1);
INSERT INTO "SUP"."PIE_PAR_ITEM_ELEMENTO" (PIE_ID, PIE_NM, PIE_DS_END_MANUAL, PEL_ID, MET_ID, PIE_DH_ATUALZ, PIE_CD_OPER_ATUALZ, PIE_NU_VERSAO)
VALUES (1096, 'Mensuração do risco de mercado', '', 1013, 10000, current timestamp, 'script', 1);
INSERT INTO "SUP"."PIE_PAR_ITEM_ELEMENTO" (PIE_ID, PIE_NM, PIE_DS_END_MANUAL, PEL_ID, MET_ID, PIE_DH_ATUALZ, PIE_CD_OPER_ATUALZ, PIE_NU_VERSAO)
VALUES (1097, 'Mensuração do risco de taxa de juros no banking book', '', 1013, 10000, current timestamp, 'script', 1);
INSERT INTO "SUP"."PIE_PAR_ITEM_ELEMENTO" (PIE_ID, PIE_NM, PIE_DS_END_MANUAL, PEL_ID, MET_ID, PIE_DH_ATUALZ, PIE_CD_OPER_ATUALZ, PIE_NU_VERSAO)
VALUES (1098, 'Estrutura de limites', '', 1014, 10000, current timestamp, 'script', 1);
INSERT INTO "SUP"."PIE_PAR_ITEM_ELEMENTO" (PIE_ID, PIE_NM, PIE_DS_END_MANUAL, PEL_ID, MET_ID, PIE_DH_ATUALZ, PIE_CD_OPER_ATUALZ, PIE_NU_VERSAO)
VALUES (1099, 'Testes de estresse', '', 1014, 10000, current timestamp, 'script', 1);
INSERT INTO "SUP"."PIE_PAR_ITEM_ELEMENTO" (PIE_ID, PIE_NM, PIE_DS_END_MANUAL, PEL_ID, MET_ID, PIE_DH_ATUALZ, PIE_CD_OPER_ATUALZ, PIE_NU_VERSAO)
VALUES (1100, 'Função de controle do risco de mercado', '', 1014, 10000, current timestamp, 'script', 1);
INSERT INTO "SUP"."PIE_PAR_ITEM_ELEMENTO" (PIE_ID, PIE_NM, PIE_DS_END_MANUAL, PEL_ID, MET_ID, PIE_DH_ATUALZ, PIE_CD_OPER_ATUALZ, PIE_NU_VERSAO)
VALUES (1101, 'Manuais', '', 1015, 10000, current timestamp, 'script', 1);
INSERT INTO "SUP"."PIE_PAR_ITEM_ELEMENTO" (PIE_ID, PIE_NM, PIE_DS_END_MANUAL, PEL_ID, MET_ID, PIE_DH_ATUALZ, PIE_CD_OPER_ATUALZ, PIE_NU_VERSAO)
VALUES (1102, 'Relatórios', '', 1015, 10000, current timestamp, 'script', 1);
INSERT INTO "SUP"."PIE_PAR_ITEM_ELEMENTO" (PIE_ID, PIE_NM, PIE_DS_END_MANUAL, PEL_ID, MET_ID, PIE_DH_ATUALZ, PIE_CD_OPER_ATUALZ, PIE_NU_VERSAO)
VALUES (1103, 'Informações de mercado', '', 1015, 10000, current timestamp, 'script', 1);
INSERT INTO "SUP"."PIE_PAR_ITEM_ELEMENTO" (PIE_ID, PIE_NM, PIE_DS_END_MANUAL, PEL_ID, MET_ID, PIE_DH_ATUALZ, PIE_CD_OPER_ATUALZ, PIE_NU_VERSAO)
VALUES (1104, 'Avaliação do modelo', '', 1016, 10000, current timestamp, 'script', 1);
INSERT INTO "SUP"."PIE_PAR_ITEM_ELEMENTO" (PIE_ID, PIE_NM, PIE_DS_END_MANUAL, PEL_ID, MET_ID, PIE_DH_ATUALZ, PIE_CD_OPER_ATUALZ, PIE_NU_VERSAO)
VALUES (1105, 'Revisão da estrutura de gestão de risco', '', 1016, 10000, current timestamp, 'script', 1);
INSERT INTO "SUP"."PIE_PAR_ITEM_ELEMENTO" (PIE_ID, PIE_NM, PIE_DS_END_MANUAL, PEL_ID, MET_ID, PIE_DH_ATUALZ, PIE_CD_OPER_ATUALZ, PIE_NU_VERSAO)
VALUES (1106, 'Auditoria interna', '', 1016, 10000, current timestamp, 'script', 1);
INSERT INTO "SUP"."PIE_PAR_ITEM_ELEMENTO" (PIE_ID, PIE_NM, PIE_DS_END_MANUAL, PEL_ID, MET_ID, PIE_DH_ATUALZ, PIE_CD_OPER_ATUALZ, PIE_NU_VERSAO)
VALUES (1107, 'Estratégia e políticas', '', 1020, 10000, current timestamp, 'script', 1);
INSERT INTO "SUP"."PIE_PAR_ITEM_ELEMENTO" (PIE_ID, PIE_NM, PIE_DS_END_MANUAL, PEL_ID, MET_ID, PIE_DH_ATUALZ, PIE_CD_OPER_ATUALZ, PIE_NU_VERSAO)
VALUES (1108, 'Alta administração', '', 1020, 10000, current timestamp, 'script', 1);
INSERT INTO "SUP"."PIE_PAR_ITEM_ELEMENTO" (PIE_ID, PIE_NM, PIE_DS_END_MANUAL, PEL_ID, MET_ID, PIE_DH_ATUALZ, PIE_CD_OPER_ATUALZ, PIE_NU_VERSAO)
VALUES (1109, 'Sistemas de mensuração', '', 1021, 10000, current timestamp, 'script', 1);
INSERT INTO "SUP"."PIE_PAR_ITEM_ELEMENTO" (PIE_ID, PIE_NM, PIE_DS_END_MANUAL, PEL_ID, MET_ID, PIE_DH_ATUALZ, PIE_CD_OPER_ATUALZ, PIE_NU_VERSAO)
VALUES (1110, 'Projeções de fluxo de caixa por cenários', '', 1021, 10000, current timestamp, 'script', 1);
INSERT INTO "SUP"."PIE_PAR_ITEM_ELEMENTO" (PIE_ID, PIE_NM, PIE_DS_END_MANUAL, PEL_ID, MET_ID, PIE_DH_ATUALZ, PIE_CD_OPER_ATUALZ, PIE_NU_VERSAO)
VALUES (1111, 'Estrutura de limites', '', 1022, 10000, current timestamp, 'script', 1);
INSERT INTO "SUP"."PIE_PAR_ITEM_ELEMENTO" (PIE_ID, PIE_NM, PIE_DS_END_MANUAL, PEL_ID, MET_ID, PIE_DH_ATUALZ, PIE_CD_OPER_ATUALZ, PIE_NU_VERSAO)
VALUES (1112, 'Plano de contingência', '', 1022, 10000, current timestamp, 'script', 1);
INSERT INTO "SUP"."PIE_PAR_ITEM_ELEMENTO" (PIE_ID, PIE_NM, PIE_DS_END_MANUAL, PEL_ID, MET_ID, PIE_DH_ATUALZ, PIE_CD_OPER_ATUALZ, PIE_NU_VERSAO)
VALUES (1113, 'Função de controle do risco de liquidez', '', 1022, 10000, current timestamp, 'script', 1);
INSERT INTO "SUP"."PIE_PAR_ITEM_ELEMENTO" (PIE_ID, PIE_NM, PIE_DS_END_MANUAL, PEL_ID, MET_ID, PIE_DH_ATUALZ, PIE_CD_OPER_ATUALZ, PIE_NU_VERSAO)
VALUES (1114, 'Manuais', '', 1023, 10000, current timestamp, 'script', 1);
INSERT INTO "SUP"."PIE_PAR_ITEM_ELEMENTO" (PIE_ID, PIE_NM, PIE_DS_END_MANUAL, PEL_ID, MET_ID, PIE_DH_ATUALZ, PIE_CD_OPER_ATUALZ, PIE_NU_VERSAO)
VALUES (1115, 'Relatórios', '', 1023, 10000, current timestamp, 'script', 1);
INSERT INTO "SUP"."PIE_PAR_ITEM_ELEMENTO" (PIE_ID, PIE_NM, PIE_DS_END_MANUAL, PEL_ID, MET_ID, PIE_DH_ATUALZ, PIE_CD_OPER_ATUALZ, PIE_NU_VERSAO)
VALUES (1116, 'Revisão da estrutura de gestão de risco', '', 1024, 10000, current timestamp, 'script', 1);
INSERT INTO "SUP"."PIE_PAR_ITEM_ELEMENTO" (PIE_ID, PIE_NM, PIE_DS_END_MANUAL, PEL_ID, MET_ID, PIE_DH_ATUALZ, PIE_CD_OPER_ATUALZ, PIE_NU_VERSAO)
VALUES (1117, 'Auditoria interna', '', 1024, 10000, current timestamp, 'script', 1);
INSERT INTO "SUP"."PIE_PAR_ITEM_ELEMENTO" (PIE_ID, PIE_NM, PIE_DS_END_MANUAL, PEL_ID, MET_ID, PIE_DH_ATUALZ, PIE_CD_OPER_ATUALZ, PIE_NU_VERSAO)
VALUES (1118, 'Definição de responsabilidades', '', 1028, 10000, current timestamp, 'script', 1);
INSERT INTO "SUP"."PIE_PAR_ITEM_ELEMENTO" (PIE_ID, PIE_NM, PIE_DS_END_MANUAL, PEL_ID, MET_ID, PIE_DH_ATUALZ, PIE_CD_OPER_ATUALZ, PIE_NU_VERSAO)
VALUES (1119, 'Planejamento estratégico', '', 1028, 10000, current timestamp, 'script', 1);
INSERT INTO "SUP"."PIE_PAR_ITEM_ELEMENTO" (PIE_ID, PIE_NM, PIE_DS_END_MANUAL, PEL_ID, MET_ID, PIE_DH_ATUALZ, PIE_CD_OPER_ATUALZ, PIE_NU_VERSAO)
VALUES (1120, 'Auditoria interna', '', 1028, 10000, current timestamp, 'script', 1);
INSERT INTO "SUP"."PIE_PAR_ITEM_ELEMENTO" (PIE_ID, PIE_NM, PIE_DS_END_MANUAL, PEL_ID, MET_ID, PIE_DH_ATUALZ, PIE_CD_OPER_ATUALZ, PIE_NU_VERSAO)
VALUES (1121, 'Sistemas de informações contábeis e gerenciais', '', 1029, 10000, current timestamp, 'script', 1);
INSERT INTO "SUP"."PIE_PAR_ITEM_ELEMENTO" (PIE_ID, PIE_NM, PIE_DS_END_MANUAL, PEL_ID, MET_ID, PIE_DH_ATUALZ, PIE_CD_OPER_ATUALZ, PIE_NU_VERSAO)
VALUES (1122, 'Canais de comunicação', '', 1029, 10000, current timestamp, 'script', 1);
INSERT INTO "SUP"."PIE_PAR_ITEM_ELEMENTO" (PIE_ID, PIE_NM, PIE_DS_END_MANUAL, PEL_ID, MET_ID, PIE_DH_ATUALZ, PIE_CD_OPER_ATUALZ, PIE_NU_VERSAO)
VALUES (1123, 'Ética e integridade', '', 1062, 10000, current timestamp, 'script', 1);
INSERT INTO "SUP"."PIE_PAR_ITEM_ELEMENTO" (PIE_ID, PIE_NM, PIE_DS_END_MANUAL, PEL_ID, MET_ID, PIE_DH_ATUALZ, PIE_CD_OPER_ATUALZ, PIE_NU_VERSAO)
VALUES (1124, 'Políticas de gestão do risco operacional', '', 1062, 10000, current timestamp, 'script', 1);
INSERT INTO "SUP"."PIE_PAR_ITEM_ELEMENTO" (PIE_ID, PIE_NM, PIE_DS_END_MANUAL, PEL_ID, MET_ID, PIE_DH_ATUALZ, PIE_CD_OPER_ATUALZ, PIE_NU_VERSAO)
VALUES (1125, 'Estrutura organizacional', '', 1062, 10000, current timestamp, 'script', 1);
INSERT INTO "SUP"."PIE_PAR_ITEM_ELEMENTO" (PIE_ID, PIE_NM, PIE_DS_END_MANUAL, PEL_ID, MET_ID, PIE_DH_ATUALZ, PIE_CD_OPER_ATUALZ, PIE_NU_VERSAO)
VALUES (1126, 'Gestão de recursos humanos e competência administrativa', '', 1062, 10000, current timestamp, 'script', 1);
INSERT INTO "SUP"."PIE_PAR_ITEM_ELEMENTO" (PIE_ID, PIE_NM, PIE_DS_END_MANUAL, PEL_ID, MET_ID, PIE_DH_ATUALZ, PIE_CD_OPER_ATUALZ, PIE_NU_VERSAO)
VALUES (1127, 'Envolvimento dos gestores das unidades de negócio', '', 1062, 10000, current timestamp, 'script', 1);
INSERT INTO "SUP"."PIE_PAR_ITEM_ELEMENTO" (PIE_ID, PIE_NM, PIE_DS_END_MANUAL, PEL_ID, MET_ID, PIE_DH_ATUALZ, PIE_CD_OPER_ATUALZ, PIE_NU_VERSAO)
VALUES (1128, 'Identificação e avaliação', '', 1063, 10000, current timestamp, 'script', 1);
INSERT INTO "SUP"."PIE_PAR_ITEM_ELEMENTO" (PIE_ID, PIE_NM, PIE_DS_END_MANUAL, PEL_ID, MET_ID, PIE_DH_ATUALZ, PIE_CD_OPER_ATUALZ, PIE_NU_VERSAO)
VALUES (1129, 'Atividades de controle', '', 1064, 10000, current timestamp, 'script', 1);
INSERT INTO "SUP"."PIE_PAR_ITEM_ELEMENTO" (PIE_ID, PIE_NM, PIE_DS_END_MANUAL, PEL_ID, MET_ID, PIE_DH_ATUALZ, PIE_CD_OPER_ATUALZ, PIE_NU_VERSAO)
VALUES (1130, 'Informações gerenciais', '', 1065, 10000, current timestamp, 'script', 1);
INSERT INTO "SUP"."PIE_PAR_ITEM_ELEMENTO" (PIE_ID, PIE_NM, PIE_DS_END_MANUAL, PEL_ID, MET_ID, PIE_DH_ATUALZ, PIE_CD_OPER_ATUALZ, PIE_NU_VERSAO)
VALUES (1131, 'Canais de comunicação', '', 1065, 10000, current timestamp, 'script', 1);
INSERT INTO "SUP"."PIE_PAR_ITEM_ELEMENTO" (PIE_ID, PIE_NM, PIE_DS_END_MANUAL, PEL_ID, MET_ID, PIE_DH_ATUALZ, PIE_CD_OPER_ATUALZ, PIE_NU_VERSAO)
VALUES (1132, 'Monitoramento', '', 1066, 10000, current timestamp, 'script', 1);
INSERT INTO "SUP"."PIE_PAR_ITEM_ELEMENTO" (PIE_ID, PIE_NM, PIE_DS_END_MANUAL, PEL_ID, MET_ID, PIE_DH_ATUALZ, PIE_CD_OPER_ATUALZ, PIE_NU_VERSAO)
VALUES (1133, 'Auditoria interna', '', 1066, 10000, current timestamp, 'script', 1);
INSERT INTO "SUP"."PIE_PAR_ITEM_ELEMENTO" (PIE_ID, PIE_NM, PIE_DS_END_MANUAL, PEL_ID, MET_ID, PIE_DH_ATUALZ, PIE_CD_OPER_ATUALZ, PIE_NU_VERSAO)
VALUES (1134, 'Avaliação do relacionamento com clientes', '', 1032, 10000, current timestamp, 'script', 1);
INSERT INTO "SUP"."PIE_PAR_ITEM_ELEMENTO" (PIE_ID, PIE_NM, PIE_DS_END_MANUAL, PEL_ID, MET_ID, PIE_DH_ATUALZ, PIE_CD_OPER_ATUALZ, PIE_NU_VERSAO)
VALUES (1135, 'Governança e apontamentos internos', '', 1032, 10000, current timestamp, 'script', 1);
INSERT INTO "SUP"."PIE_PAR_ITEM_ELEMENTO" (PIE_ID, PIE_NM, PIE_DS_END_MANUAL, PEL_ID, MET_ID, PIE_DH_ATUALZ, PIE_CD_OPER_ATUALZ, PIE_NU_VERSAO)
VALUES (1136, 'Demonstrações financeiras', '', 1033, 10000, current timestamp, 'script', 1);
INSERT INTO "SUP"."PIE_PAR_ITEM_ELEMENTO" (PIE_ID, PIE_NM, PIE_DS_END_MANUAL, PEL_ID, MET_ID, PIE_DH_ATUALZ, PIE_CD_OPER_ATUALZ, PIE_NU_VERSAO)
VALUES (1137, 'Relacionamento com os investidores', '', 1033, 10000, current timestamp, 'script', 1);
INSERT INTO "SUP"."PIE_PAR_ITEM_ELEMENTO" (PIE_ID, PIE_NM, PIE_DS_END_MANUAL, PEL_ID, MET_ID, PIE_DH_ATUALZ, PIE_CD_OPER_ATUALZ, PIE_NU_VERSAO)
VALUES (1138, 'Relacionamento com a imprensa', '', 1033, 10000, current timestamp, 'script', 1);
INSERT INTO "SUP"."PIE_PAR_ITEM_ELEMENTO" (PIE_ID, PIE_NM, PIE_DS_END_MANUAL, PEL_ID, MET_ID, PIE_DH_ATUALZ, PIE_CD_OPER_ATUALZ, PIE_NU_VERSAO)
VALUES (1139, 'Gestão da imagem corporativa', '', 1033, 10000, current timestamp, 'script', 1);
INSERT INTO "SUP"."PIE_PAR_ITEM_ELEMENTO" (PIE_ID, PIE_NM, PIE_DS_END_MANUAL, PEL_ID, MET_ID, PIE_DH_ATUALZ, PIE_CD_OPER_ATUALZ, PIE_NU_VERSAO)
VALUES (1140, 'Gerenciamento de ameaças à reputação', '', 1033, 10000, current timestamp, 'script', 1);
INSERT INTO "SUP"."PIE_PAR_ITEM_ELEMENTO" (PIE_ID, PIE_NM, PIE_DS_END_MANUAL, PEL_ID, MET_ID, PIE_DH_ATUALZ, PIE_CD_OPER_ATUALZ, PIE_NU_VERSAO)
VALUES (1141, 'Gerenciamento de não conformidades e padrões de conduta', '', 1034, 10000, current timestamp, 'script', 1);
INSERT INTO "SUP"."PIE_PAR_ITEM_ELEMENTO" (PIE_ID, PIE_NM, PIE_DS_END_MANUAL, PEL_ID, MET_ID, PIE_DH_ATUALZ, PIE_CD_OPER_ATUALZ, PIE_NU_VERSAO)
VALUES (1142, 'Gerenciamento de demandas de órgãos reguladores ', '', 1034, 10000, current timestamp, 'script', 1);
INSERT INTO "SUP"."PIE_PAR_ITEM_ELEMENTO" (PIE_ID, PIE_NM, PIE_DS_END_MANUAL, PEL_ID, MET_ID, PIE_DH_ATUALZ, PIE_CD_OPER_ATUALZ, PIE_NU_VERSAO)
VALUES (1143, 'Conformidade com aspectos de supervisão de conduta', '', 1035, 10000, current timestamp, 'script', 1);
INSERT INTO "SUP"."PIE_PAR_ITEM_ELEMENTO" (PIE_ID, PIE_NM, PIE_DS_END_MANUAL, PEL_ID, MET_ID, PIE_DH_ATUALZ, PIE_CD_OPER_ATUALZ, PIE_NU_VERSAO)
VALUES (1144, 'Conselho de administração e diretoria executiva', '', 1038, 10000, current timestamp, 'script', 1);
INSERT INTO "SUP"."PIE_PAR_ITEM_ELEMENTO" (PIE_ID, PIE_NM, PIE_DS_END_MANUAL, PEL_ID, MET_ID, PIE_DH_ATUALZ, PIE_CD_OPER_ATUALZ, PIE_NU_VERSAO)
VALUES (1145, 'Comitê de auditoria', '', 1038, 10000, current timestamp, 'script', 1);
INSERT INTO "SUP"."PIE_PAR_ITEM_ELEMENTO" (PIE_ID, PIE_NM, PIE_DS_END_MANUAL, PEL_ID, MET_ID, PIE_DH_ATUALZ, PIE_CD_OPER_ATUALZ, PIE_NU_VERSAO)
VALUES (1146, 'Comitê de remuneração / Política de remuneração', '', 1038, 10000, current timestamp, 'script', 1);
INSERT INTO "SUP"."PIE_PAR_ITEM_ELEMENTO" (PIE_ID, PIE_NM, PIE_DS_END_MANUAL, PEL_ID, MET_ID, PIE_DH_ATUALZ, PIE_CD_OPER_ATUALZ, PIE_NU_VERSAO)
VALUES (1147, 'Conselho Fiscal', '', 1038, 10000, current timestamp, 'script', 1);
INSERT INTO "SUP"."PIE_PAR_ITEM_ELEMENTO" (PIE_ID, PIE_NM, PIE_DS_END_MANUAL, PEL_ID, MET_ID, PIE_DH_ATUALZ, PIE_CD_OPER_ATUALZ, PIE_NU_VERSAO)
VALUES (1148, 'Processo de planejamento estratégico', '', 1039, 10000, current timestamp, 'script', 1);
INSERT INTO "SUP"."PIE_PAR_ITEM_ELEMENTO" (PIE_ID, PIE_NM, PIE_DS_END_MANUAL, PEL_ID, MET_ID, PIE_DH_ATUALZ, PIE_CD_OPER_ATUALZ, PIE_NU_VERSAO)
VALUES (1149, 'Implantação da estratégia', '', 1039, 10000, current timestamp, 'script', 1);
INSERT INTO "SUP"."PIE_PAR_ITEM_ELEMENTO" (PIE_ID, PIE_NM, PIE_DS_END_MANUAL, PEL_ID, MET_ID, PIE_DH_ATUALZ, PIE_CD_OPER_ATUALZ, PIE_NU_VERSAO)
VALUES (1150, 'Plano de capital', '', 1040, 10000, current timestamp, 'script', 1);
INSERT INTO "SUP"."PIE_PAR_ITEM_ELEMENTO" (PIE_ID, PIE_NM, PIE_DS_END_MANUAL, PEL_ID, MET_ID, PIE_DH_ATUALZ, PIE_CD_OPER_ATUALZ, PIE_NU_VERSAO)
VALUES (1151, 'Políticas para a gestão de capital', '', 1040, 10000, current timestamp, 'script', 1);
INSERT INTO "SUP"."PIE_PAR_ITEM_ELEMENTO" (PIE_ID, PIE_NM, PIE_DS_END_MANUAL, PEL_ID, MET_ID, PIE_DH_ATUALZ, PIE_CD_OPER_ATUALZ, PIE_NU_VERSAO)
VALUES (1152, 'Estrutura e procedimentos para a gestão de capital', '', 1040, 10000, current timestamp, 'script', 1);
INSERT INTO "SUP"."PIE_PAR_ITEM_ELEMENTO" (PIE_ID, PIE_NM, PIE_DS_END_MANUAL, PEL_ID, MET_ID, PIE_DH_ATUALZ, PIE_CD_OPER_ATUALZ, PIE_NU_VERSAO)
VALUES (1153, 'Ambiente de controle', '', 1041, 10000, current timestamp, 'script', 1);
INSERT INTO "SUP"."PIE_PAR_ITEM_ELEMENTO" (PIE_ID, PIE_NM, PIE_DS_END_MANUAL, PEL_ID, MET_ID, PIE_DH_ATUALZ, PIE_CD_OPER_ATUALZ, PIE_NU_VERSAO)
VALUES (1154, 'Identificação e avaliação', '', 1041, 10000, current timestamp, 'script', 1);
INSERT INTO "SUP"."PIE_PAR_ITEM_ELEMENTO" (PIE_ID, PIE_NM, PIE_DS_END_MANUAL, PEL_ID, MET_ID, PIE_DH_ATUALZ, PIE_CD_OPER_ATUALZ, PIE_NU_VERSAO)
VALUES (1155, 'Atividades de controle', '', 1041, 10000, current timestamp, 'script', 1);
INSERT INTO "SUP"."PIE_PAR_ITEM_ELEMENTO" (PIE_ID, PIE_NM, PIE_DS_END_MANUAL, PEL_ID, MET_ID, PIE_DH_ATUALZ, PIE_CD_OPER_ATUALZ, PIE_NU_VERSAO)
VALUES (1156, 'Informação e comunicação', '', 1041, 10000, current timestamp, 'script', 1);
INSERT INTO "SUP"."PIE_PAR_ITEM_ELEMENTO" (PIE_ID, PIE_NM, PIE_DS_END_MANUAL, PEL_ID, MET_ID, PIE_DH_ATUALZ, PIE_CD_OPER_ATUALZ, PIE_NU_VERSAO)
VALUES (1157, 'Monitoramento', '', 1041, 10000, current timestamp, 'script', 1);
INSERT INTO "SUP"."PIE_PAR_ITEM_ELEMENTO" (PIE_ID, PIE_NM, PIE_DS_END_MANUAL, PEL_ID, MET_ID, PIE_DH_ATUALZ, PIE_CD_OPER_ATUALZ, PIE_NU_VERSAO)
VALUES (1158, 'Definição das estratégias e de investimentos em TI', '', 1045, 10000, current timestamp, 'script', 1);
INSERT INTO "SUP"."PIE_PAR_ITEM_ELEMENTO" (PIE_ID, PIE_NM, PIE_DS_END_MANUAL, PEL_ID, MET_ID, PIE_DH_ATUALZ, PIE_CD_OPER_ATUALZ, PIE_NU_VERSAO)
VALUES (1159, 'Estrutura organizacional e recursos humanos de TI', '', 1045, 10000, current timestamp, 'script', 1);
INSERT INTO "SUP"."PIE_PAR_ITEM_ELEMENTO" (PIE_ID, PIE_NM, PIE_DS_END_MANUAL, PEL_ID, MET_ID, PIE_DH_ATUALZ, PIE_CD_OPER_ATUALZ, PIE_NU_VERSAO)
VALUES (1160, 'Avaliação de riscos relativos a TI', '', 1045, 10000, current timestamp, 'script', 1);
INSERT INTO "SUP"."PIE_PAR_ITEM_ELEMENTO" (PIE_ID, PIE_NM, PIE_DS_END_MANUAL, PEL_ID, MET_ID, PIE_DH_ATUALZ, PIE_CD_OPER_ATUALZ, PIE_NU_VERSAO)
VALUES (1161, 'Procedimentos de desenvolvimento e manutenção de sistemas', '', 1046, 10000, current timestamp, 'script', 1);
INSERT INTO "SUP"."PIE_PAR_ITEM_ELEMENTO" (PIE_ID, PIE_NM, PIE_DS_END_MANUAL, PEL_ID, MET_ID, PIE_DH_ATUALZ, PIE_CD_OPER_ATUALZ, PIE_NU_VERSAO)
VALUES (1162, 'Sistemas aplicativos - integração e integridade da informação', '', 1046, 10000, current timestamp, 'script', 1);
INSERT INTO "SUP"."PIE_PAR_ITEM_ELEMENTO" (PIE_ID, PIE_NM, PIE_DS_END_MANUAL, PEL_ID, MET_ID, PIE_DH_ATUALZ, PIE_CD_OPER_ATUALZ, PIE_NU_VERSAO)
VALUES (1163, 'Procedimentos de testes, homologação e certificação de sistemas', '', 1046, 10000, current timestamp, 'script', 1);
INSERT INTO "SUP"."PIE_PAR_ITEM_ELEMENTO" (PIE_ID, PIE_NM, PIE_DS_END_MANUAL, PEL_ID, MET_ID, PIE_DH_ATUALZ, PIE_CD_OPER_ATUALZ, PIE_NU_VERSAO)
VALUES (1164, 'Gestão de demandas e gerenciamento de mudanças ', '', 1046, 10000, current timestamp, 'script', 1);
INSERT INTO "SUP"."PIE_PAR_ITEM_ELEMENTO" (PIE_ID, PIE_NM, PIE_DS_END_MANUAL, PEL_ID, MET_ID, PIE_DH_ATUALZ, PIE_CD_OPER_ATUALZ, PIE_NU_VERSAO)
VALUES (1165, 'Gestão de níveis de serviços de TI', '', 1047, 10000, current timestamp, 'script', 1);
INSERT INTO "SUP"."PIE_PAR_ITEM_ELEMENTO" (PIE_ID, PIE_NM, PIE_DS_END_MANUAL, PEL_ID, MET_ID, PIE_DH_ATUALZ, PIE_CD_OPER_ATUALZ, PIE_NU_VERSAO)
VALUES (1166, 'Gerenciamento do desempenho e da capacidade', '', 1047, 10000, current timestamp, 'script', 1);
INSERT INTO "SUP"."PIE_PAR_ITEM_ELEMENTO" (PIE_ID, PIE_NM, PIE_DS_END_MANUAL, PEL_ID, MET_ID, PIE_DH_ATUALZ, PIE_CD_OPER_ATUALZ, PIE_NU_VERSAO)
VALUES (1167, 'Garantia de segurança dos sistemas de processamento de dados', '', 1047, 10000, current timestamp, 'script', 1);
INSERT INTO "SUP"."PIE_PAR_ITEM_ELEMENTO" (PIE_ID, PIE_NM, PIE_DS_END_MANUAL, PEL_ID, MET_ID, PIE_DH_ATUALZ, PIE_CD_OPER_ATUALZ, PIE_NU_VERSAO)
VALUES (1168, 'Garantia de continuidade e gerenciamento dos dados e das instalações', '', 1047, 10000, current timestamp, 'script', 1);
INSERT INTO "SUP"."PIE_PAR_ITEM_ELEMENTO" (PIE_ID, PIE_NM, PIE_DS_END_MANUAL, PEL_ID, MET_ID, PIE_DH_ATUALZ, PIE_CD_OPER_ATUALZ, PIE_NU_VERSAO)
VALUES (1169, 'Suporte técnico e gestão de ativos, problemas e incidentes de TI', '', 1047, 10000, current timestamp, 'script', 1);
INSERT INTO "SUP"."PIE_PAR_ITEM_ELEMENTO" (PIE_ID, PIE_NM, PIE_DS_END_MANUAL, PEL_ID, MET_ID, PIE_DH_ATUALZ, PIE_CD_OPER_ATUALZ, PIE_NU_VERSAO)
VALUES (1170, 'Avaliação da adequação dos controles internos', '', 1048, 10000, current timestamp, 'script', 1);
INSERT INTO "SUP"."PIE_PAR_ITEM_ELEMENTO" (PIE_ID, PIE_NM, PIE_DS_END_MANUAL, PEL_ID, MET_ID, PIE_DH_ATUALZ, PIE_CD_OPER_ATUALZ, PIE_NU_VERSAO)
VALUES (1171, 'Certificação Independente - Auditoria externa', '', 1048, 10000, current timestamp, 'script', 1);
INSERT INTO "SUP"."PIE_PAR_ITEM_ELEMENTO" (PIE_ID, PIE_NM, PIE_DS_END_MANUAL, PEL_ID, MET_ID, PIE_DH_ATUALZ, PIE_CD_OPER_ATUALZ, PIE_NU_VERSAO)
VALUES (1172, 'Auditoria interna', '', 1048, 10000, current timestamp, 'script', 1);
INSERT INTO "SUP"."PIE_PAR_ITEM_ELEMENTO" (PIE_ID, PIE_NM, PIE_DS_END_MANUAL, PEL_ID, MET_ID, PIE_DH_ATUALZ, PIE_CD_OPER_ATUALZ, PIE_NU_VERSAO)
VALUES (1173, 'Políticas institucionais', '', 1052, 10000, current timestamp, 'script', 1);
INSERT INTO "SUP"."PIE_PAR_ITEM_ELEMENTO" (PIE_ID, PIE_NM, PIE_DS_END_MANUAL, PEL_ID, MET_ID, PIE_DH_ATUALZ, PIE_CD_OPER_ATUALZ, PIE_NU_VERSAO)
VALUES (1174, 'Diretor responsável pelos assuntos relacionados à PLD', '', 1053, 10000, current timestamp, 'script', 1);
INSERT INTO "SUP"."PIE_PAR_ITEM_ELEMENTO" (PIE_ID, PIE_NM, PIE_DS_END_MANUAL, PEL_ID, MET_ID, PIE_DH_ATUALZ, PIE_CD_OPER_ATUALZ, PIE_NU_VERSAO)
VALUES (1175, 'Área responsável pela gestão de PLD', '', 1053, 10000, current timestamp, 'script', 1);
INSERT INTO "SUP"."PIE_PAR_ITEM_ELEMENTO" (PIE_ID, PIE_NM, PIE_DS_END_MANUAL, PEL_ID, MET_ID, PIE_DH_ATUALZ, PIE_CD_OPER_ATUALZ, PIE_NU_VERSAO)
VALUES (1176, 'Seleção de situações para análise', '', 1054, 10000, current timestamp, 'script', 1);
INSERT INTO "SUP"."PIE_PAR_ITEM_ELEMENTO" (PIE_ID, PIE_NM, PIE_DS_END_MANUAL, PEL_ID, MET_ID, PIE_DH_ATUALZ, PIE_CD_OPER_ATUALZ, PIE_NU_VERSAO)
VALUES (1177, 'Análise de situações selecionadas', '', 1054, 10000, current timestamp, 'script', 1);
INSERT INTO "SUP"."PIE_PAR_ITEM_ELEMENTO" (PIE_ID, PIE_NM, PIE_DS_END_MANUAL, PEL_ID, MET_ID, PIE_DH_ATUALZ, PIE_CD_OPER_ATUALZ, PIE_NU_VERSAO)
VALUES (1178, 'Comunicação de situações com indícios de LD', '', 1054, 10000, current timestamp, 'script', 1);
INSERT INTO "SUP"."PIE_PAR_ITEM_ELEMENTO" (PIE_ID, PIE_NM, PIE_DS_END_MANUAL, PEL_ID, MET_ID, PIE_DH_ATUALZ, PIE_CD_OPER_ATUALZ, PIE_NU_VERSAO)
VALUES (1179, 'Comunicação automática de operações', '', 1054, 10000, current timestamp, 'script', 1);
INSERT INTO "SUP"."PIE_PAR_ITEM_ELEMENTO" (PIE_ID, PIE_NM, PIE_DS_END_MANUAL, PEL_ID, MET_ID, PIE_DH_ATUALZ, PIE_CD_OPER_ATUALZ, PIE_NU_VERSAO)
VALUES (1180, 'Controle e acompanhamento dos procedimentos de PLD', '', 1054, 10000, current timestamp, 'script', 1);
INSERT INTO "SUP"."PIE_PAR_ITEM_ELEMENTO" (PIE_ID, PIE_NM, PIE_DS_END_MANUAL, PEL_ID, MET_ID, PIE_DH_ATUALZ, PIE_CD_OPER_ATUALZ, PIE_NU_VERSAO)
VALUES (1181, 'Identificação e aceitação de clientes', '', 1055, 10000, current timestamp, 'script', 1);
INSERT INTO "SUP"."PIE_PAR_ITEM_ELEMENTO" (PIE_ID, PIE_NM, PIE_DS_END_MANUAL, PEL_ID, MET_ID, PIE_DH_ATUALZ, PIE_CD_OPER_ATUALZ, PIE_NU_VERSAO)
VALUES (1182, 'Controles e testes de identificação de clientes', '', 1055, 10000, current timestamp, 'script', 1);
INSERT INTO "SUP"."PIE_PAR_ITEM_ELEMENTO" (PIE_ID, PIE_NM, PIE_DS_END_MANUAL, PEL_ID, MET_ID, PIE_DH_ATUALZ, PIE_CD_OPER_ATUALZ, PIE_NU_VERSAO)
VALUES (1183, 'Abrangência e controle dos treinamentos em PLD', '', 1056, 10000, current timestamp, 'script', 1);
INSERT INTO "SUP"."PIE_PAR_ITEM_ELEMENTO" (PIE_ID, PIE_NM, PIE_DS_END_MANUAL, PEL_ID, MET_ID, PIE_DH_ATUALZ, PIE_CD_OPER_ATUALZ, PIE_NU_VERSAO)
VALUES (1184, 'Conteúdo dos treinamentos em PLD e avaliação de conhecimentos', '', 1056, 10000, current timestamp, 'script', 1);
INSERT INTO "SUP"."PIE_PAR_ITEM_ELEMENTO" (PIE_ID, PIE_NM, PIE_DS_END_MANUAL, PEL_ID, MET_ID, PIE_DH_ATUALZ, PIE_CD_OPER_ATUALZ, PIE_NU_VERSAO)
VALUES (1185, 'Auditoria', '', 1057, 10000, current timestamp, 'script', 1);

-- ================ Par Prioridade ===================
INSERT INTO "SUP"."PPD_PAR_PRIORIDADE_ES" (PPD_ID, PPD_DS, PPD_CD, PPD_DH_ATUALZ, PPD_CD_OPER_ATUALZ, PPD_NU_VERSAO)
VALUES (1000, 'SIFI', 1, {ts '2014-03-17 00:00:00'}, 'script', 1);
INSERT INTO "SUP"."PPD_PAR_PRIORIDADE_ES" (PPD_ID, PPD_DS, PPD_CD, PPD_DH_ATUALZ, PPD_CD_OPER_ATUALZ, PPD_NU_VERSAO)
VALUES (1001, 'Alta', 2, {ts '2014-03-17 00:00:00'}, 'script', 1);
INSERT INTO "SUP"."PPD_PAR_PRIORIDADE_ES" (PPD_ID, PPD_DS, PPD_CD, PPD_DH_ATUALZ, PPD_CD_OPER_ATUALZ, PPD_NU_VERSAO)
VALUES (1002, 'Médio-Alta', 3, {ts '2014-03-17 00:00:00'}, 'script', 1);
INSERT INTO "SUP"."PPD_PAR_PRIORIDADE_ES" (PPD_ID, PPD_DS, PPD_CD, PPD_DH_ATUALZ, PPD_CD_OPER_ATUALZ, PPD_NU_VERSAO)
VALUES (1003, 'Média', 4, {ts '2014-03-17 00:00:00'}, 'script', 1);
INSERT INTO "SUP"."PPD_PAR_PRIORIDADE_ES" (PPD_ID, PPD_DS, PPD_CD, PPD_DH_ATUALZ, PPD_CD_OPER_ATUALZ, PPD_NU_VERSAO)
VALUES (1004, 'Baixa', 5, {ts '2014-03-17 00:00:00'}, 'script', 1);
